,Town,Tiong Bahru,Jurong,Woodlands,Paya Lebar,Serangoon,Buona,Punggol,Toa Payoh,CBD,Bishan,Tampines,Tuas,CCK,Bishan->Serangoon,Serangoon->Bishan,Bishan->Woodlands,Woodlands->Bishan,Bishan->Toa Payoh,Toa Payoh->Bishan,Bishan->Buona,Buona->Bishan,Woodlands->CCK,CCK->Woodlands,CCK->Jurong,Jurong->CCK,Jurong->Tuas,Tuas->Jurong,Jurong->Buona,Buona->Jurong,Tiong Bahru->Serangoon,Serangoon->Tiong Bahru,Serangoon->Punggol,Punggol->Serangoon,Toa Payoh->Town,Town->Toa Payoh,Town->CBD,CBD->Town,Serangoon->Paya Lebar,Paya Lebar->Serangoon,CBD->Paya Lebar,Paya Lebar->CBD,Paya Lebar->Tampines,Tampines->Paya Lebar,Buona->Tiong Bahru,Tiong Bahru->Buona,Tiong Bahru->CBD,CBD->Tiong Bahru
2020-01-01 05:05:00,141,425,583,1566,750,899,440,1031,486,18,705,1065,734,1157,0,0,0,0,0,0,0,0,0,0,0,0,0,0,0,0,0,0,0,0,0,0,0,0,0,0,0,0,0,0,0,0,0,0
2020-01-01 05:10:00,141,425,583,1566,750,899,440,1031,486,18,705,1065,734,1157,0,0,0,0,0,0,0,0,0,0,0,0,0,0,0,0,0,0,0,0,0,0,0,0,0,0,0,0,0,0,0,0,0,0
2020-01-01 05:15:00,141,425,583,1566,750,899,440,1031,486,18,705,1065,734,1157,0,0,0,0,0,0,0,0,0,0,0,0,0,0,0,0,0,0,0,0,0,0,0,0,0,0,0,0,0,0,0,0,0,0
2020-01-01 05:20:00,141,425,583,1566,750,899,440,1031,486,18,705,1065,734,1157,0,0,0,0,0,0,0,0,0,0,0,0,0,0,0,0,0,0,0,0,0,0,0,0,0,0,0,0,0,0,0,0,0,0
2020-01-01 05:25:00,141,425,583,1566,750,899,440,1031,486,18,705,1065,734,1157,0,0,0,0,0,0,0,0,0,0,0,0,0,0,0,0,0,0,0,0,0,0,0,0,0,0,0,0,0,0,0,0,0,0
2020-01-01 05:30:00,141,425,583,1566,750,899,440,1031,486,18,705,1065,734,1157,0,0,0,0,0,0,0,0,0,0,0,0,0,0,0,0,0,0,0,0,0,0,0,0,0,0,0,0,0,0,0,0,0,0
2020-01-01 05:35:00,141,425,583,1566,750,899,440,1031,486,18,705,1065,734,1157,0,0,0,0,0,0,0,0,0,0,0,0,0,0,0,0,0,0,0,0,0,0,0,0,0,0,0,0,0,0,0,0,0,0
2020-01-01 05:40:00,141,425,583,1566,750,899,440,1031,486,18,705,1065,734,1157,0,0,0,0,0,0,0,0,0,0,0,0,0,0,0,0,0,0,0,0,0,0,0,0,0,0,0,0,0,0,0,0,0,0
2020-01-01 05:45:00,141,425,583,1566,750,899,440,1031,486,18,705,1065,734,1157,0,0,0,0,0,0,0,0,0,0,0,0,0,0,0,0,0,0,0,0,0,0,0,0,0,0,0,0,0,0,0,0,0,0
2020-01-01 05:50:00,141,425,583,1566,750,899,440,1027,486,18,705,1061,725,1157,0,0,0,0,0,0,0,0,0,0,0,0,0,9,0,0,0,0,0,4,0,0,0,0,0,0,0,0,0,4,0,0,0,0
2020-01-01 05:55:00,141,425,583,1566,750,899,440,1027,486,18,705,1061,725,1157,0,0,0,0,0,0,0,0,0,0,0,0,0,9,0,0,0,0,0,4,0,0,0,0,0,0,0,0,0,4,0,0,0,0
2020-01-01 06:00:00,141,425,583,1566,754,903,440,1027,486,18,705,1056,725,1152,0,0,0,0,0,0,0,0,0,5,0,0,0,9,0,0,0,0,0,0,0,0,0,0,0,0,0,0,0,5,0,0,0,0
2020-01-01 06:05:00,141,425,592,1566,749,899,440,1024,484,18,711,1052,706,1152,0,0,0,0,0,0,0,0,0,5,0,0,0,19,0,0,0,0,0,3,0,0,0,0,0,0,0,5,0,9,0,0,0,0
2020-01-01 06:10:00,140,425,584,1571,753,898,440,1013,484,18,709,1050,702,1142,0,0,0,0,0,0,3,0,0,10,0,0,0,23,8,0,0,0,0,14,0,0,1,0,0,0,0,6,0,6,0,0,0,0
2020-01-01 06:15:00,140,424,582,1561,752,900,440,1011,484,24,708,1033,702,1130,0,0,0,10,0,0,5,0,0,21,1,0,0,23,10,0,1,0,0,13,0,0,0,0,0,4,0,2,0,19,0,0,0,0
2020-01-01 06:20:00,140,427,600,1564,747,911,448,1006,483,22,711,1029,680,1130,0,0,0,11,0,0,7,0,6,11,1,0,0,26,3,0,1,0,0,7,0,0,0,0,0,2,0,6,0,21,0,0,0,0
2020-01-01 06:25:00,140,426,583,1548,759,896,436,983,478,20,732,1023,679,1108,0,0,0,29,0,0,10,4,15,22,0,0,0,23,23,3,1,0,0,28,0,0,0,0,0,1,0,9,0,10,7,4,0,0
2020-01-01 06:30:00,135,423,573,1518,743,896,441,976,478,23,716,1004,679,1099,0,0,13,59,0,0,16,6,9,32,5,0,0,23,32,3,8,0,0,30,0,1,4,0,0,19,0,5,0,25,1,5,0,0
2020-01-01 06:35:00,132,421,594,1531,740,932,464,973,473,32,729,995,653,1098,0,0,21,54,0,0,16,8,4,11,14,0,0,27,14,3,7,0,0,10,0,2,1,0,0,4,0,6,0,28,1,2,0,0
2020-01-01 06:40:00,131,418,572,1498,753,916,448,944,466,26,754,985,649,1072,0,0,28,88,0,0,19,22,12,17,19,6,0,30,26,13,9,0,0,32,0,0,1,0,0,2,4,9,0,19,6,6,0,0
2020-01-01 06:45:00,124,411,570,1462,732,898,444,927,460,30,755,960,649,1052,0,0,54,107,0,0,25,27,8,30,20,7,0,30,35,16,19,3,0,46,1,3,4,0,11,28,6,6,0,35,2,3,0,0
2020-01-01 06:50:00,124,403,602,1475,740,965,462,924,455,40,762,958,626,1056,0,0,60,84,0,0,19,30,9,14,20,2,9,27,17,14,14,4,0,20,0,1,0,0,7,9,5,10,0,27,3,3,0,0
2020-01-01 06:55:00,123,404,577,1430,747,954,440,881,445,32,777,945,623,1021,0,0,62,119,0,0,26,47,36,23,23,19,15,26,25,23,14,5,18,46,0,0,1,0,2,6,11,18,11,15,6,4,0,0
2020-01-01 07:00:00,118,385,564,1395,709,919,428,868,440,33,781,926,623,1016,0,0,96,119,0,0,34,39,34,33,18,23,21,26,41,21,25,11,35,56,0,3,2,0,19,34,14,14,18,32,13,14,0,0
2020-01-01 07:05:00,118,396,591,1423,726,999,454,881,440,41,785,934,616,1048,0,0,91,91,0,0,32,34,19,11,17,8,25,19,28,16,16,10,25,18,1,0,0,3,13,12,7,8,14,22,4,4,0,0
2020-01-01 07:10:00,121,395,561,1390,733,953,432,875,443,37,790,935,621,1019,0,0,94,119,0,0,30,45,39,28,26,22,28,17,24,32,14,11,50,28,1,0,1,0,9,4,7,12,26,9,11,8,0,0
2020-01-01 07:15:00,116,395,556,1368,705,908,428,865,441,34,798,929,627,1022,0,0,127,98,0,0,29,37,41,34,19,24,27,17,33,34,17,11,63,41,4,3,3,0,30,23,13,12,33,19,6,10,0,0
2020-01-01 07:20:00,117,387,584,1423,725,962,443,900,447,52,777,947,623,1055,0,0,108,66,0,0,24,38,24,10,15,7,31,18,22,24,4,6,36,25,2,3,0,1,16,6,13,11,23,14,5,6,0,0
2020-01-01 07:25:00,118,393,564,1399,731,956,439,915,455,39,754,957,632,1045,0,0,104,73,0,0,20,40,46,23,19,21,34,17,12,35,3,7,44,13,1,1,1,1,9,10,17,10,26,5,5,6,0,0
2020-01-01 07:30:00,116,395,563,1403,714,918,425,919,453,36,767,958,637,1049,0,0,110,52,0,0,21,30,43,27,10,31,36,17,11,36,4,13,52,17,1,1,3,1,34,18,18,5,30,12,7,7,0,0
2020-01-01 07:35:00,115,400,592,1457,749,931,431,946,460,33,744,974,651,1102,0,0,82,34,0,0,15,21,15,9,1,15,36,3,4,22,1,14,46,13,0,2,1,2,19,3,12,4,22,9,5,5,0,0
2020-01-01 07:40:00,114,404,576,1466,756,918,432,961,469,29,714,983,663,1086,0,0,72,31,0,0,9,15,28,24,13,15,38,3,4,23,1,14,57,10,2,2,1,0,9,7,10,2,29,5,1,4,0,0
2020-01-01 07:45:00,116,401,569,1475,744,898,427,981,471,28,715,990,659,1087,0,0,59,15,0,0,9,11,30,28,17,16,41,14,6,23,1,14,56,11,2,0,0,2,16,7,9,1,39,6,1,5,0,0
2020-01-01 07:50:00,120,408,591,1518,755,896,431,1012,480,22,720,1010,666,1111,0,0,32,1,0,0,7,5,17,14,4,5,31,21,2,15,0,6,37,6,2,0,0,2,6,2,7,3,29,2,1,3,0,0
2020-01-01 07:55:00,124,412,600,1534,758,896,430,1033,479,19,709,1026,673,1103,0,0,20,0,0,0,5,3,12,30,0,2,19,28,1,13,0,4,25,4,2,0,0,1,5,1,5,5,15,3,1,0,0,0
2020-01-01 08:00:00,127,416,613,1550,755,894,431,1038,479,18,706,1026,662,1092,0,0,8,1,0,0,4,2,8,39,2,1,10,38,4,8,0,3,15,11,0,0,0,0,4,1,3,8,10,13,0,0,0,0
2020-01-01 08:05:00,125,419,620,1551,756,888,435,1022,478,19,712,985,629,1074,0,0,4,22,0,0,4,0,7,25,18,0,3,68,13,1,0,0,6,36,0,0,2,0,1,0,2,10,8,56,0,1,0,0
2020-01-01 08:10:00,123,418,611,1454,762,896,438,992,478,24,705,947,577,1025,0,0,3,137,0,0,12,0,4,17,59,0,1,115,29,0,1,0,2,61,0,0,2,1,0,0,1,9,5,89,1,1,0,0
2020-01-01 08:15:00,124,423,630,1218,791,906,445,970,478,26,715,926,485,934,0,0,0,355,0,0,18,1,29,20,127,0,1,187,36,0,1,0,1,58,0,0,0,0,0,0,0,22,2,67,3,1,0,0
2020-01-01 08:20:00,123,426,668,991,782,891,453,891,463,25,764,860,394,801,0,0,0,551,0,0,34,3,68,27,201,0,1,238,62,2,1,0,0,103,0,0,1,0,0,1,0,68,1,92,9,5,0,0
2020-01-01 08:25:00,115,427,709,782,745,862,454,727,444,42,778,764,323,678,0,0,0,704,0,0,89,6,106,32,253,0,1,255,142,3,3,0,0,244,0,0,8,0,0,2,0,108,2,164,20,8,0,0
2020-01-01 08:30:00,105,442,770,648,761,902,484,577,421,94,771,640,279,599,0,0,0,801,0,0,167,10,99,22,248,0,0,207,248,9,2,1,0,314,0,0,10,0,7,2,3,108,1,221,19,8,0,0
2020-01-01 08:35:00,100,464,662,527,772,904,544,463,405,139,746,508,230,550,0,0,1,890,0,0,233,22,80,11,313,1,2,193,366,23,6,16,0,339,4,1,4,0,39,1,9,141,0,258,23,10,0,0
2020-01-01 08:40:00,99,477,525,429,746,756,468,397,416,147,652,383,204,470,0,0,10,943,0,0,316,28,99,6,395,3,3,184,572,28,9,53,0,347,25,0,5,0,122,2,22,241,2,297,82,37,0,0
2020-01-01 08:45:00,114,531,502,369,701,568,575,353,390,202,547,299,180,435,0,0,16,954,0,0,367,27,84,2,417,5,8,144,619,34,10,77,0,368,90,0,10,0,141,11,33,317,10,368,73,49,0,0
2020-01-01 08:50:00,176,552,548,331,690,566,433,328,360,237,515,245,163,411,0,0,22,881,0,0,448,32,51,1,380,6,18,75,773,89,12,110,4,249,106,1,27,14,99,6,32,455,23,369,114,48,0,0
2020-01-01 08:55:00,232,565,480,311,655,580,457,309,326,299,395,220,154,364,0,0,23,892,0,0,411,23,29,2,379,4,33,53,914,131,9,115,12,117,124,0,64,40,112,5,35,619,43,298,88,78,0,0
2020-01-01 09:00:00,302,547,489,310,685,487,359,302,277,397,329,217,152,321,0,0,18,898,0,0,443,17,15,4,355,1,46,36,1065,161,6,108,16,55,111,2,92,65,112,10,34,781,65,163,76,71,0,0
2020-01-01 09:05:00,382,503,542,312,664,398,542,304,236,512,279,236,160,285,0,0,14,901,0,0,395,15,7,7,287,1,47,21,1036,165,3,106,12,35,91,0,96,66,80,8,22,992,74,60,48,56,0,0
2020-01-01 09:10:00,452,464,621,316,538,350,478,308,203,608,264,268,174,259,0,0,11,880,0,0,407,7,6,8,213,1,42,13,1097,142,1,88,8,10,75,0,87,57,56,16,17,1191,75,32,102,55,0,0
2020-01-01 09:15:00,525,487,706,321,452,322,465,310,180,866,312,302,191,246,0,0,10,790,0,0,373,4,4,3,124,0,28,7,1173,123,0,81,6,6,61,0,59,45,34,6,15,1182,60,8,78,35,0,0
2020-01-01 09:20:00,592,535,794,327,374,312,591,313,191,899,233,338,203,239,0,0,7,790,0,0,323,2,2,2,52,0,21,4,1119,85,0,57,2,3,49,0,39,60,28,7,12,1278,45,5,47,20,0,0
2020-01-01 09:25:00,679,517,850,329,330,302,685,315,167,1019,293,359,214,233,0,0,5,685,0,0,179,3,1,2,15,0,14,2,1117,61,0,44,1,1,58,0,22,41,17,3,8,1271,44,3,84,27,0,0
2020-01-01 09:30:00,764,560,880,334,305,323,755,314,168,1091,278,382,218,230,0,0,2,625,0,0,87,2,0,0,11,0,10,1,1097,50,0,37,1,1,46,0,14,45,3,1,4,1249,33,1,59,19,0,0
2020-01-01 09:35:00,840,568,905,335,281,318,831,315,171,1184,311,403,224,228,0,0,1,528,0,0,33,1,0,0,6,0,4,0,1036,44,0,34,0,1,47,0,15,30,9,1,4,1204,26,0,49,13,0,0
2020-01-01 09:40:00,897,557,935,336,276,320,884,315,187,1251,357,415,228,227,0,0,0,400,0,0,12,3,0,1,2,0,0,0,949,29,0,35,1,0,48,0,20,23,9,1,2,1194,19,0,56,11,0,0
2020-01-01 09:45:00,944,570,955,336,278,329,959,315,214,1332,406,429,228,226,0,0,0,245,0,0,6,2,0,1,1,0,0,0,818,11,0,31,4,0,56,0,24,17,8,0,0,1166,11,0,73,5,0,0
2020-01-01 09:50:00,985,602,966,337,277,337,895,316,247,1552,478,434,228,226,0,0,0,43,0,0,3,2,0,0,1,0,0,0,795,0,0,34,3,0,69,0,32,14,8,0,0,1002,15,0,95,4,0,0
2020-01-01 09:55:00,1024,662,967,337,278,358,1032,319,279,1619,356,440,228,226,0,0,0,2,0,0,1,2,0,0,0,0,0,0,609,0,0,30,4,0,86,0,44,19,14,0,0,989,16,0,55,4,0,0
2020-01-01 10:00:00,1082,654,967,337,284,368,1085,319,238,1842,262,449,228,226,0,0,0,0,0,0,0,0,0,0,0,0,0,0,460,0,0,27,6,0,102,0,47,16,21,0,0,858,15,0,101,6,0,0
2020-01-01 10:05:00,1144,713,967,337,296,363,1189,323,189,2010,212,456,228,226,0,0,0,0,0,0,0,0,0,0,0,0,0,0,260,0,0,28,4,0,81,0,56,19,15,0,0,761,17,0,102,4,0,0
2020-01-01 10:10:00,1188,766,967,337,302,360,1342,325,148,2297,187,464,228,226,0,0,0,0,0,0,0,0,0,0,0,0,0,0,17,1,0,18,3,0,57,0,56,21,9,0,0,567,18,0,93,3,0,0
2020-01-01 10:15:00,1221,805,967,337,303,356,1296,327,119,2590,176,473,228,226,0,0,0,0,0,0,0,0,0,0,0,0,0,0,0,1,0,13,2,0,36,0,45,19,6,0,0,367,17,0,66,4,0,0
2020-01-01 10:20:00,1238,825,968,337,308,353,1283,328,102,2903,171,482,228,226,0,0,0,0,0,0,0,0,0,0,0,0,0,0,0,0,0,9,1,0,22,0,38,12,3,0,0,133,9,0,17,4,0,0
2020-01-01 10:25:00,1243,803,968,337,309,353,1279,329,91,3106,169,490,228,226,0,0,0,0,0,0,0,0,0,0,0,0,0,0,0,1,0,3,0,0,13,0,29,11,0,0,0,0,3,0,7,2,0,0
2020-01-01 10:30:00,1252,791,968,337,308,353,1281,329,83,3147,169,491,228,226,0,0,0,0,0,0,0,0,0,0,0,0,0,0,0,1,0,1,0,0,8,0,15,6,0,0,0,0,3,0,0,3,0,0
2020-01-01 10:35:00,1259,778,969,337,307,353,1284,329,79,3172,169,493,228,226,0,0,0,0,0,0,0,0,0,0,0,0,0,0,0,0,0,0,0,0,4,0,7,3,0,0,0,0,2,0,0,1,0,0
2020-01-01 10:40:00,1262,773,969,337,307,353,1285,329,77,3184,169,494,228,226,0,0,0,0,0,0,0,0,0,0,0,0,0,0,0,0,0,0,0,0,2,0,4,0,0,0,0,0,1,0,0,0,0,0
2020-01-01 10:45:00,1262,771,969,337,307,353,1285,329,76,3190,169,495,228,226,0,0,0,0,0,0,0,0,0,0,0,0,0,0,0,0,0,0,0,0,1,0,2,0,0,0,0,0,0,0,0,0,0,0
2020-01-01 10:50:00,1263,771,969,337,307,353,1285,329,76,3192,169,495,228,226,0,0,0,0,0,0,0,0,0,0,0,0,0,0,0,0,0,0,0,0,0,0,0,0,0,0,0,0,0,0,0,0,0,0
2020-01-01 10:55:00,1263,771,969,337,307,353,1285,329,76,3192,169,495,228,226,0,0,0,0,0,0,0,0,0,0,0,0,0,0,0,0,0,0,0,0,0,0,0,0,0,0,0,0,0,0,0,0,0,0
2020-01-01 11:00:00,1263,771,969,337,307,353,1285,329,76,3192,169,495,228,226,0,0,0,0,0,0,0,0,0,0,0,0,0,0,0,0,0,0,0,0,0,0,0,0,0,0,0,0,0,0,0,0,0,0
2020-01-01 11:05:00,1263,771,969,337,307,353,1285,329,76,3192,169,495,228,226,0,0,0,0,0,0,0,0,0,0,0,0,0,0,0,0,0,0,0,0,0,0,0,0,0,0,0,0,0,0,0,0,0,0
2020-01-01 11:10:00,1263,771,969,337,307,353,1285,329,76,3192,169,495,228,226,0,0,0,0,0,0,0,0,0,0,0,0,0,0,0,0,0,0,0,0,0,0,0,0,0,0,0,0,0,0,0,0,0,0
2020-01-01 11:15:00,1263,771,969,337,307,353,1285,329,76,3192,169,495,228,226,0,0,0,0,0,0,0,0,0,0,0,0,0,0,0,0,0,0,0,0,0,0,0,0,0,0,0,0,0,0,0,0,0,0
2020-01-01 11:20:00,1263,771,969,337,307,353,1285,329,76,3192,169,495,228,226,0,0,0,0,0,0,0,0,0,0,0,0,0,0,0,0,0,0,0,0,0,0,0,0,0,0,0,0,0,0,0,0,0,0
2020-01-01 11:25:00,1263,771,969,337,307,353,1285,329,76,3192,169,495,228,226,0,0,0,0,0,0,0,0,0,0,0,0,0,0,0,0,0,0,0,0,0,0,0,0,0,0,0,0,0,0,0,0,0,0
2020-01-01 11:30:00,1263,771,969,337,307,353,1285,329,76,3192,169,495,228,226,0,0,0,0,0,0,0,0,0,0,0,0,0,0,0,0,0,0,0,0,0,0,0,0,0,0,0,0,0,0,0,0,0,0
2020-01-01 11:35:00,1263,771,969,337,307,353,1285,329,76,3192,169,495,228,226,0,0,0,0,0,0,0,0,0,0,0,0,0,0,0,0,0,0,0,0,0,0,0,0,0,0,0,0,0,0,0,0,0,0
2020-01-01 11:40:00,1263,771,969,337,307,353,1285,329,76,3192,169,495,228,226,0,0,0,0,0,0,0,0,0,0,0,0,0,0,0,0,0,0,0,0,0,0,0,0,0,0,0,0,0,0,0,0,0,0
2020-01-01 11:45:00,1263,771,969,337,307,353,1285,329,76,3192,169,495,228,226,0,0,0,0,0,0,0,0,0,0,0,0,0,0,0,0,0,0,0,0,0,0,0,0,0,0,0,0,0,0,0,0,0,0
2020-01-01 11:50:00,1263,771,969,337,307,353,1285,329,76,3192,169,495,228,226,0,0,0,0,0,0,0,0,0,0,0,0,0,0,0,0,0,0,0,0,0,0,0,0,0,0,0,0,0,0,0,0,0,0
2020-01-01 11:55:00,1263,771,969,337,307,353,1285,329,76,3192,169,495,228,226,0,0,0,0,0,0,0,0,0,0,0,0,0,0,0,0,0,0,0,0,0,0,0,0,0,0,0,0,0,0,0,0,0,0
2020-01-01 12:00:00,1263,771,969,337,307,353,1285,329,76,3192,169,495,228,226,0,0,0,0,0,0,0,0,0,0,0,0,0,0,0,0,0,0,0,0,0,0,0,0,0,0,0,0,0,0,0,0,0,0
2020-01-01 12:05:00,1263,771,969,337,307,353,1285,329,76,3192,169,495,228,226,0,0,0,0,0,0,0,0,0,0,0,0,0,0,0,0,0,0,0,0,0,0,0,0,0,0,0,0,0,0,0,0,0,0
2020-01-01 12:10:00,1263,771,969,337,307,353,1285,329,76,3192,169,495,228,226,0,0,0,0,0,0,0,0,0,0,0,0,0,0,0,0,0,0,0,0,0,0,0,0,0,0,0,0,0,0,0,0,0,0
2020-01-01 12:15:00,1263,771,969,337,307,353,1285,329,76,3192,169,495,228,226,0,0,0,0,0,0,0,0,0,0,0,0,0,0,0,0,0,0,0,0,0,0,0,0,0,0,0,0,0,0,0,0,0,0
2020-01-01 12:20:00,1263,771,969,337,307,353,1285,329,76,3192,169,495,228,226,0,0,0,0,0,0,0,0,0,0,0,0,0,0,0,0,0,0,0,0,0,0,0,0,0,0,0,0,0,0,0,0,0,0
2020-01-01 12:25:00,1263,771,969,337,307,353,1285,329,76,3192,169,495,228,226,0,0,0,0,0,0,0,0,0,0,0,0,0,0,0,0,0,0,0,0,0,0,0,0,0,0,0,0,0,0,0,0,0,0
2020-01-01 12:30:00,1263,771,969,337,307,353,1285,329,76,3192,169,495,228,226,0,0,0,0,0,0,0,0,0,0,0,0,0,0,0,0,0,0,0,0,0,0,0,0,0,0,0,0,0,0,0,0,0,0
2020-01-01 12:35:00,1263,771,969,337,307,353,1285,329,76,3192,169,495,228,226,0,0,0,0,0,0,0,0,0,0,0,0,0,0,0,0,0,0,0,0,0,0,0,0,0,0,0,0,0,0,0,0,0,0
2020-01-01 12:40:00,1263,771,969,337,307,353,1285,329,76,3192,169,495,228,226,0,0,0,0,0,0,0,0,0,0,0,0,0,0,0,0,0,0,0,0,0,0,0,0,0,0,0,0,0,0,0,0,0,0
2020-01-01 12:45:00,1263,771,969,337,307,353,1285,329,76,3192,169,495,228,226,0,0,0,0,0,0,0,0,0,0,0,0,0,0,0,0,0,0,0,0,0,0,0,0,0,0,0,0,0,0,0,0,0,0
2020-01-01 12:50:00,1263,771,969,337,307,353,1285,329,76,3192,169,495,228,226,0,0,0,0,0,0,0,0,0,0,0,0,0,0,0,0,0,0,0,0,0,0,0,0,0,0,0,0,0,0,0,0,0,0
2020-01-01 12:55:00,1263,771,969,337,307,353,1285,329,76,3192,169,495,228,226,0,0,0,0,0,0,0,0,0,0,0,0,0,0,0,0,0,0,0,0,0,0,0,0,0,0,0,0,0,0,0,0,0,0
2020-01-01 13:00:00,1263,771,969,337,307,353,1285,329,76,3192,169,495,228,226,0,0,0,0,0,0,0,0,0,0,0,0,0,0,0,0,0,0,0,0,0,0,0,0,0,0,0,0,0,0,0,0,0,0
2020-01-01 13:05:00,1263,771,969,337,307,353,1285,329,76,3192,169,495,228,226,0,0,0,0,0,0,0,0,0,0,0,0,0,0,0,0,0,0,0,0,0,0,0,0,0,0,0,0,0,0,0,0,0,0
2020-01-01 13:10:00,1263,771,969,337,307,353,1285,329,76,3192,169,495,228,226,0,0,0,0,0,0,0,0,0,0,0,0,0,0,0,0,0,0,0,0,0,0,0,0,0,0,0,0,0,0,0,0,0,0
2020-01-01 13:15:00,1263,771,969,337,307,353,1285,329,76,3192,169,495,228,226,0,0,0,0,0,0,0,0,0,0,0,0,0,0,0,0,0,0,0,0,0,0,0,0,0,0,0,0,0,0,0,0,0,0
2020-01-01 13:20:00,1263,771,969,337,307,353,1285,329,76,3192,169,495,228,226,0,0,0,0,0,0,0,0,0,0,0,0,0,0,0,0,0,0,0,0,0,0,0,0,0,0,0,0,0,0,0,0,0,0
2020-01-01 13:25:00,1254,745,920,239,260,316,1258,230,49,3195,198,441,177,151,0,0,7,60,0,0,7,12,38,53,22,13,3,51,33,11,12,1,11,99,3,5,4,0,6,32,1,12,3,54,4,10,0,0
2020-01-01 13:30:00,1254,739,901,203,245,335,1254,195,49,3199,173,418,159,120,0,0,30,84,0,0,14,14,50,73,33,19,5,69,44,21,16,2,16,134,1,2,1,0,6,16,3,15,5,77,2,4,0,0
2020-01-01 13:35:00,1254,735,927,246,299,427,1286,197,45,3211,166,417,155,165,0,0,45,92,0,0,20,14,14,22,15,9,5,73,15,15,16,2,12,44,1,0,1,1,7,4,6,4,4,27,0,2,0,0
2020-01-01 13:40:00,1248,721,960,176,269,376,1258,134,32,3207,202,375,127,110,0,0,65,159,0,0,28,26,25,53,26,16,12,53,20,17,28,8,20,77,1,6,2,1,19,39,8,17,9,48,17,5,0,0
2020-01-01 13:45:00,1246,731,933,132,249,371,1250,105,34,3202,265,353,113,71,0,0,92,139,0,0,34,25,36,82,35,33,19,51,41,18,17,12,25,104,1,1,3,2,13,27,6,31,12,68,7,11,0,0
2020-01-01 13:50:00,1246,724,931,177,280,426,1264,100,31,3224,260,349,105,85,0,0,109,137,0,0,40,26,20,43,23,35,24,55,45,15,15,13,24,54,1,3,0,1,11,15,7,21,14,35,8,4,0,0
2020-01-01 13:55:00,1247,731,941,181,274,419,1273,103,35,3228,240,348,111,95,0,0,120,157,0,0,44,34,21,25,20,27,20,28,42,22,17,17,32,27,3,0,1,2,22,24,11,15,19,17,5,2,0,0
2020-01-01 14:00:00,1251,739,935,179,278,410,1276,110,38,3224,291,354,118,97,0,0,134,114,0,0,45,32,24,24,19,25,23,14,38,25,6,17,37,14,2,0,1,4,20,22,11,15,16,9,5,4,0,0
2020-01-01 14:05:00,1257,743,931,202,276,409,1291,127,46,3223,292,362,122,113,0,0,126,90,0,0,45,28,18,16,14,24,25,7,33,20,5,15,33,8,1,0,0,1,16,15,13,11,20,5,9,8,0,0
2020-01-01 14:10:00,1258,748,928,227,275,409,1298,143,52,3217,266,367,127,127,0,0,106,82,0,0,44,35,20,11,8,19,28,4,28,20,3,17,35,4,2,1,0,7,10,5,12,11,28,3,8,7,0,0
2020-01-01 14:15:00,1267,756,922,237,276,396,1304,158,56,3214,256,381,139,137,0,0,103,60,0,0,39,32,27,14,4,14,26,2,16,26,1,14,37,2,2,0,0,1,17,3,10,9,27,1,9,5,0,0
2020-01-01 14:20:00,1270,767,924,264,284,390,1302,177,58,3213,243,395,146,149,0,0,88,37,0,0,33,28,27,14,3,10,26,1,8,27,0,9,37,1,2,0,0,0,12,4,12,3,23,0,8,5,0,0
2020-01-01 14:25:00,1271,776,928,284,286,382,1303,195,65,3209,230,408,155,165,0,0,70,22,0,0,24,24,25,11,2,8,23,0,5,23,0,9,34,0,1,0,1,0,11,4,10,0,22,0,9,5,0,0
2020-01-01 14:30:00,1271,784,933,298,290,380,1303,214,71,3206,221,418,165,177,0,0,57,9,0,0,15,16,24,9,0,6,19,0,4,23,0,6,28,0,0,1,0,0,9,0,8,0,25,0,5,5,0,0
2020-01-01 14:35:00,1271,781,934,320,289,378,1299,229,74,3205,206,430,172,192,0,0,38,3,0,0,12,13,17,6,0,2,20,0,3,25,0,6,27,0,0,0,0,0,5,0,10,0,27,0,2,4,0,0
2020-01-01 14:40:00,1271,776,939,336,288,371,1295,242,75,3204,195,443,178,203,0,0,23,2,0,0,10,8,13,4,0,0,21,0,2,23,0,6,24,0,1,0,0,1,7,0,11,0,24,0,1,3,0,0
2020-01-01 14:45:00,1273,777,943,340,293,367,1296,256,77,3201,186,457,184,208,0,0,18,1,0,0,6,7,13,3,0,1,22,0,1,16,0,3,18,0,0,0,0,1,4,0,9,0,18,0,0,1,0,0
2020-01-01 14:50:00,1274,776,946,346,294,363,1295,266,77,3198,182,467,192,215,0,0,13,0,0,0,3,5,9,1,0,1,22,0,0,10,0,2,15,0,0,0,0,2,2,0,6,0,16,0,1,1,0,0
2020-01-01 14:55:00,1276,778,944,348,295,359,1294,274,78,3196,180,475,199,222,0,0,9,0,0,0,1,3,6,0,0,0,22,0,0,9,0,1,8,0,0,0,0,0,6,0,4,0,13,0,0,0,0,0
2020-01-01 15:00:00,1276,778,942,350,297,357,1291,281,80,3196,179,483,206,225,0,0,5,0,0,0,0,2,5,0,0,0,22,0,0,8,0,0,3,0,0,0,0,0,0,0,3,0,11,0,0,0,0,0
2020-01-01 15:05:00,1276,778,943,352,296,358,1290,282,80,3195,179,488,214,228,0,0,2,0,0,0,0,0,3,0,0,0,17,0,0,5,0,0,3,0,0,0,0,0,0,0,2,0,9,0,0,0,0,0
2020-01-01 15:10:00,1276,778,944,353,294,359,1290,284,80,3195,177,494,221,230,0,0,0,0,0,0,0,0,2,0,0,0,13,0,0,1,0,0,2,0,0,0,0,0,0,0,1,0,6,0,0,0,0,0
2020-01-01 15:15:00,1276,778,941,352,295,358,1290,285,80,3195,177,497,228,231,0,0,0,0,0,0,0,0,2,0,0,0,10,0,0,0,0,0,2,0,0,0,0,0,0,0,0,0,3,0,0,0,0,0
2020-01-01 15:20:00,1276,778,941,352,294,357,1290,286,80,3195,177,500,231,232,0,0,0,0,0,0,0,0,1,0,0,0,7,0,0,0,0,0,2,0,0,0,0,0,0,0,0,0,1,0,0,0,0,0
2020-01-01 15:25:00,1276,778,941,352,294,357,1290,287,80,3195,177,500,234,233,0,0,0,0,0,0,0,0,0,0,0,0,4,0,0,0,0,0,1,0,0,0,0,0,0,0,0,0,1,0,0,0,0,0
2020-01-01 15:30:00,1276,778,941,352,294,357,1290,288,80,3195,177,501,238,233,0,0,0,0,0,0,0,0,0,0,0,0,0,0,0,0,0,0,0,0,0,0,0,0,0,0,0,0,0,0,0,0,0,0
2020-01-01 15:35:00,1276,778,941,352,294,357,1290,288,80,3195,177,501,238,233,0,0,0,0,0,0,0,0,0,0,0,0,0,0,0,0,0,0,0,0,0,0,0,0,0,0,0,0,0,0,0,0,0,0
2020-01-01 15:40:00,1276,778,941,352,294,357,1290,288,80,3195,177,501,238,233,0,0,0,0,0,0,0,0,0,0,0,0,0,0,0,0,0,0,0,0,0,0,0,0,0,0,0,0,0,0,0,0,0,0
2020-01-01 15:45:00,1276,778,941,352,294,357,1290,288,80,3195,177,501,238,233,0,0,0,0,0,0,0,0,0,0,0,0,0,0,0,0,0,0,0,0,0,0,0,0,0,0,0,0,0,0,0,0,0,0
2020-01-01 15:50:00,1276,778,941,352,294,357,1290,288,80,3195,177,501,238,233,0,0,0,0,0,0,0,0,0,0,0,0,0,0,0,0,0,0,0,0,0,0,0,0,0,0,0,0,0,0,0,0,0,0
2020-01-01 15:55:00,1276,777,941,352,294,357,1290,288,80,3196,177,500,238,233,0,0,0,0,0,0,0,0,0,0,0,0,0,0,0,0,0,0,0,0,0,0,0,0,0,0,0,0,0,1,0,0,0,0
2020-01-01 16:00:00,1268,783,940,352,293,358,1283,288,80,3180,176,500,238,233,0,0,0,0,0,0,0,4,0,0,0,0,1,0,0,2,1,0,0,0,0,4,4,4,0,0,5,1,0,1,1,0,0,0
2020-01-01 16:05:00,1246,794,929,352,290,355,1260,286,84,3111,177,496,234,233,0,0,1,0,0,0,0,15,0,0,0,4,1,4,7,11,6,0,0,2,0,8,18,25,1,2,31,2,1,4,3,7,0,0
2020-01-01 16:10:00,1243,801,909,352,292,353,1248,286,92,3060,174,491,232,233,0,0,4,0,0,0,0,24,0,0,0,9,3,6,22,16,9,0,2,2,0,8,20,22,2,3,51,2,1,9,3,16,0,0
2020-01-01 16:15:00,1246,789,907,352,320,358,1263,286,95,3049,177,490,232,237,0,0,4,0,0,0,1,26,0,0,0,9,3,7,21,13,11,0,2,0,1,15,4,6,0,1,40,1,3,7,0,24,0,0
2020-01-01 16:20:00,1236,776,913,352,334,356,1290,288,103,3036,189,490,232,240,0,0,6,0,0,0,2,24,0,2,0,8,4,3,6,14,10,0,0,0,0,17,0,3,0,11,25,0,8,2,2,18,0,0
2020-01-01 16:25:00,1226,772,913,353,332,375,1291,288,113,3023,201,493,234,241,0,0,8,0,0,0,2,20,0,5,0,11,2,1,1,23,5,0,0,0,0,12,1,0,0,12,17,1,11,0,1,12,0,0
2020-01-01 16:30:00,1219,765,916,358,324,383,1279,288,115,3019,213,498,235,241,0,0,11,0,0,0,2,16,0,7,0,10,2,0,3,31,2,0,8,0,0,7,0,0,0,7,11,2,16,0,3,9,0,0
2020-01-01 16:35:00,1216,763,924,360,320,389,1272,288,111,3015,215,504,236,245,0,0,19,0,0,0,1,16,1,7,0,7,2,0,4,30,0,0,14,0,0,3,0,0,0,5,8,1,16,0,2,6,0,0
2020-01-01 16:40:00,1215,761,930,365,317,393,1268,296,105,3015,214,514,236,244,0,0,26,0,0,0,0,15,2,7,0,10,5,0,3,26,0,0,10,0,0,1,0,2,0,2,5,0,11,0,0,2,0,0
2020-01-01 16:45:00,1216,760,932,371,315,390,1263,302,104,3014,216,520,237,248,0,0,30,0,0,0,0,8,1,5,0,13,9,0,1,20,0,0,9,0,0,1,0,0,0,0,2,1,10,0,1,1,0,0
2020-01-01 16:50:00,1215,760,933,380,313,390,1259,306,103,3012,215,525,238,254,0,0,30,0,0,0,0,4,1,2,0,12,14,0,0,12,0,0,7,0,0,1,0,0,0,0,2,1,8,0,1,2,0,0
2020-01-01 16:55:00,1214,760,926,388,312,390,1256,311,104,3009,209,529,240,261,0,0,27,0,0,0,0,3,2,1,0,11,17,1,3,7,1,0,5,0,0,0,1,0,0,0,5,0,5,1,1,0,0,0
2020-01-01 17:00:00,1197,758,905,396,309,391,1227,313,104,2961,207,527,245,267,0,0,19,1,0,0,0,11,2,0,0,16,15,1,15,13,10,0,4,0,0,9,8,13,0,1,26,1,4,6,10,8,0,0
2020-01-01 17:05:00,1129,787,836,398,301,385,1155,314,115,2761,205,508,244,274,0,0,13,5,0,0,1,43,2,0,0,30,15,8,58,40,24,0,1,2,0,38,43,68,5,7,105,5,4,26,21,24,0,0
2020-01-01 17:10:00,1086,811,794,398,321,373,1100,310,149,2570,213,484,244,285,0,0,10,9,0,0,3,67,3,0,0,36,14,13,78,64,47,2,4,7,0,56,55,66,5,8,175,8,2,47,32,51,0,0
2020-01-01 17:15:00,1082,800,794,403,413,378,1143,308,185,2519,228,469,244,304,0,0,12,9,0,0,5,83,2,2,0,31,11,16,47,55,53,2,4,7,0,51,19,23,3,10,148,5,6,43,16,67,0,0
2020-01-01 17:20:00,1051,773,816,404,481,398,1186,312,203,2492,262,468,248,316,0,0,20,8,0,0,6,87,0,8,0,30,7,11,17,49,48,2,1,2,0,49,5,8,2,33,87,5,22,18,15,50,0,0
2020-01-01 17:25:00,1022,757,814,407,476,449,1184,312,212,2464,318,474,253,323,0,0,31,4,0,0,5,71,0,13,1,36,9,5,3,67,34,2,6,0,0,37,0,1,1,43,56,11,46,1,13,39,0,0
2020-01-01 17:30:00,1002,744,821,416,440,509,1164,313,212,2448,350,490,253,329,0,0,49,0,0,0,3,58,0,15,2,36,14,2,5,80,11,0,24,0,0,21,0,1,0,40,45,12,54,0,10,27,0,0
2020-01-01 17:35:00,993,730,838,429,420,528,1145,318,204,2439,360,520,255,341,0,0,71,0,0,0,1,49,1,17,1,30,19,0,7,79,4,0,54,0,0,10,0,0,0,16,40,9,49,0,3,20,0,0
2020-01-01 17:40:00,987,717,850,443,410,521,1132,337,195,2433,354,544,262,346,0,0,91,0,0,0,0,39,4,19,0,30,26,0,4,69,0,0,71,0,0,6,0,2,0,7,32,6,46,0,4,13,0,0
2020-01-01 17:45:00,986,708,857,462,413,502,1118,372,186,2422,352,569,267,354,0,0,112,0,0,0,0,25,5,18,0,30,35,0,3,57,0,0,62,0,0,3,0,4,0,4,25,3,33,0,2,11,0,0
2020-01-01 17:50:00,990,706,862,490,411,499,1109,408,181,2412,334,590,274,367,0,0,120,0,0,0,0,15,5,13,0,30,39,0,2,45,0,0,41,0,0,0,0,0,1,1,22,1,25,0,0,7,0,0
2020-01-01 17:55:00,985,705,859,526,413,497,1102,434,181,2397,321,600,287,381,0,0,104,0,0,0,0,8,4,8,0,28,39,1,2,32,0,0,25,0,0,1,4,3,1,0,18,1,24,2,2,5,0,0
2020-01-01 18:00:00,934,706,813,554,409,492,1041,449,183,2277,310,601,295,398,0,0,84,1,0,0,0,23,6,4,0,39,39,7,27,43,15,0,18,0,0,27,27,40,1,3,62,5,18,14,18,17,0,0
2020-01-01 18:05:00,802,765,684,576,387,470,879,451,212,1860,315,562,296,412,0,0,56,7,0,0,2,70,13,1,0,74,41,17,106,111,52,1,14,8,0,92,80,132,6,15,233,11,19,62,51,55,0,0
2020-01-01 18:10:00,730,803,560,598,421,448,752,452,295,1427,330,523,295,443,0,0,35,11,0,0,5,127,12,0,0,98,40,31,173,171,104,4,14,15,1,106,98,152,10,20,390,17,19,96,58,116,0,0
2020-01-01 18:15:00,654,765,556,607,483,456,792,453,354,1194,365,505,302,494,0,0,35,13,0,0,13,166,6,4,1,82,36,32,141,169,135,4,13,12,1,131,64,125,6,32,496,15,25,76,38,149,0,0
2020-01-01 18:20:00,640,729,567,614,589,494,860,457,411,1068,433,494,309,528,0,0,47,13,0,0,17,188,3,21,4,82,35,28,76,163,129,6,14,9,0,115,25,45,5,47,467,11,34,48,34,141,0,0
2020-01-01 18:25:00,561,668,585,620,510,579,856,462,433,971,534,508,319,539,0,0,71,7,0,0,19,182,4,38,5,98,40,16,38,179,96,5,23,4,0,115,9,20,4,65,553,20,51,22,33,138,0,0
2020-01-01 18:30:00,504,633,602,644,480,680,869,471,457,921,629,524,329,569,0,0,109,3,0,0,19,156,4,42,2,95,46,9,22,192,45,2,42,0,0,76,1,5,2,49,587,19,50,4,24,83,0,0
2020-01-01 18:35:00,464,596,623,676,580,713,824,485,450,898,690,559,341,593,0,0,157,1,0,0,11,138,3,48,0,94,57,3,18,208,14,4,75,0,0,45,0,3,1,33,483,12,25,0,19,56,0,0
2020-01-01 18:40:00,443,568,632,713,597,706,781,513,425,868,729,574,359,615,0,0,208,0,0,0,8,112,7,53,0,93,63,0,10,218,5,2,92,0,0,24,0,6,3,57,417,8,41,0,11,39,0,0
2020-01-01 18:45:00,438,551,645,765,622,741,742,560,398,852,722,584,375,643,0,0,262,0,0,0,6,78,9,47,0,86,70,0,8,208,1,2,86,0,0,11,0,3,1,51,335,3,63,0,9,23,0,0
2020-01-01 18:50:00,436,536,667,833,665,756,711,605,385,831,693,615,398,677,0,0,291,0,0,0,3,49,8,38,0,80,73,0,7,169,0,2,87,0,0,5,0,5,2,44,230,4,71,0,5,19,0,0
2020-01-01 18:55:00,434,530,675,909,702,768,692,646,380,816,669,646,422,709,0,0,280,0,0,0,3,29,10,29,0,85,75,0,2,128,0,0,83,0,0,5,2,3,1,37,119,2,96,1,3,9,0,0
2020-01-01 19:00:00,418,530,685,949,694,778,659,691,383,762,642,679,445,744,0,0,282,2,0,0,2,26,12,21,0,81,82,0,5,75,2,1,70,1,0,10,9,16,3,20,71,0,125,7,6,12,0,0
2020-01-01 19:05:00,351,548,633,998,658,762,585,726,394,599,626,720,466,793,0,0,262,4,0,0,1,41,8,11,0,86,84,5,26,71,18,3,67,3,0,42,41,55,2,17,99,2,129,22,21,21,0,0
2020-01-01 19:10:00,329,561,573,1044,647,756,529,757,432,450,619,767,487,832,0,0,231,8,0,0,2,60,3,5,0,85,76,10,56,85,33,3,59,4,0,37,40,49,2,8,153,3,102,37,17,49,0,0
2020-01-01 19:15:00,305,541,553,1151,695,745,541,788,447,366,628,817,513,883,0,0,128,10,0,0,4,70,7,4,0,67,59,14,53,73,44,5,45,5,0,54,19,26,2,13,148,2,65,32,15,63,0,0
2020-01-01 19:20:00,267,520,560,1203,754,754,576,812,474,294,652,851,540,912,0,0,87,8,0,0,6,72,10,8,0,52,43,10,26,67,49,5,26,4,0,52,12,13,3,31,117,5,38,18,14,55,0,0
2020-01-01 19:25:00,238,499,555,1231,765,800,578,831,491,250,689,873,556,942,0,0,68,7,0,0,7,64,9,15,0,44,35,7,15,82,35,3,17,2,0,37,5,10,1,43,91,7,34,9,10,45,0,0
2020-01-01 19:30:00,223,487,565,1255,762,854,567,837,491,231,720,885,569,957,0,0,62,3,0,0,9,52,9,16,1,42,32,3,9,88,20,3,27,1,0,24,1,2,4,34,56,8,46,4,12,29,0,0
2020-01-01 19:35:00,209,477,581,1281,752,884,550,848,483,217,729,905,581,978,0,0,68,1,0,0,7,49,7,15,2,36,28,2,7,85,9,1,42,0,0,16,0,1,0,25,36,7,52,2,3,24,0,0
2020-01-01 19:40:00,202,459,593,1295,734,888,532,864,482,213,726,931,591,990,0,0,89,1,0,0,5,42,9,17,1,37,31,0,6,79,2,0,54,0,0,8,0,3,0,16,29,3,48,0,4,16,0,0
2020-01-01 19:45:00,201,453,604,1310,729,877,525,890,479,200,727,957,601,1001,0,0,106,0,0,0,4,29,12,20,0,31,41,0,2,62,0,0,52,0,0,4,0,0,0,11,26,2,32,0,1,11,0,0
2020-01-01 19:50:00,200,447,607,1333,727,876,513,918,474,194,713,979,609,1018,0,0,119,0,0,0,2,18,8,18,0,28,49,0,2,49,0,0,41,0,0,1,0,0,0,3,22,1,21,0,4,6,0,0
2020-01-01 19:55:00,199,447,607,1370,732,869,502,942,471,186,704,989,622,1029,0,0,112,0,0,0,2,9,2,15,0,36,42,0,1,39,0,0,26,0,1,1,0,0,2,1,17,1,18,0,2,4,0,0
2020-01-01 20:00:00,195,448,606,1409,733,865,493,959,470,167,696,998,642,1047,0,0,92,0,0,0,3,5,2,7,0,35,31,0,0,24,1,0,16,0,0,4,1,4,0,0,21,1,16,2,4,3,0,0
2020-01-01 20:05:00,183,457,590,1446,733,863,465,968,475,125,685,1002,658,1066,0,0,68,0,0,0,3,11,3,1,0,28,27,0,7,24,3,0,13,0,0,9,7,9,1,3,34,0,15,5,7,6,0,0
2020-01-01 20:10:00,172,461,576,1472,740,864,454,975,484,88,677,1008,664,1083,0,0,45,0,0,0,3,17,3,1,0,25,24,0,14,25,10,0,10,0,0,13,7,12,0,2,38,0,12,6,3,12,0,0
2020-01-01 20:15:00,167,454,578,1487,753,862,459,981,491,68,679,1013,672,1096,0,0,28,0,0,0,4,22,8,1,0,18,21,1,9,16,15,0,8,0,0,11,6,8,0,6,25,1,11,4,2,15,0,0
2020-01-01 20:20:00,160,445,575,1496,755,866,465,985,493,55,688,1017,684,1108,0,0,17,1,0,0,3,23,9,3,0,10,15,1,4,17,16,0,7,0,0,12,3,5,0,10,20,1,12,3,4,12,0,0
2020-01-01 20:25:00,153,443,571,1501,749,879,460,989,496,45,699,1021,687,1117,0,0,13,1,0,0,3,16,6,4,1,8,17,1,4,22,14,0,5,0,0,9,3,3,0,8,19,0,15,3,6,9,0,0
2020-01-01 20:30:00,148,442,574,1507,752,893,456,992,495,37,707,1028,693,1122,0,0,12,1,0,0,2,13,4,4,1,9,13,0,3,23,8,0,7,0,0,8,0,3,0,6,14,1,11,1,2,8,0,0
2020-01-01 20:35:00,145,437,581,1510,750,897,453,994,497,31,711,1036,699,1126,0,0,15,1,0,0,1,11,3,5,0,8,10,0,1,21,3,0,13,0,0,6,0,0,0,8,12,1,6,0,1,7,0,0
2020-01-01 20:40:00,142,434,584,1513,748,899,451,999,495,27,715,1039,704,1131,0,0,23,0,0,0,1,8,3,4,0,7,7,0,2,18,1,0,14,0,0,2,1,1,0,4,9,0,7,0,2,5,0,0
2020-01-01 20:45:00,141,430,585,1519,747,894,450,1007,492,26,717,1042,706,1133,0,0,27,0,0,0,0,6,1,4,0,10,8,0,2,13,1,0,13,0,0,2,0,0,0,3,8,0,8,0,2,3,0,0
2020-01-01 20:50:00,141,431,585,1524,746,899,448,1013,490,24,714,1046,709,1137,0,0,29,0,0,0,0,3,0,4,0,9,10,0,0,12,0,0,10,0,0,0,0,0,0,0,7,0,8,0,0,1,0,0
2020-01-01 20:55:00,141,427,582,1533,749,899,445,1020,487,22,712,1050,711,1142,0,0,28,0,0,0,0,1,0,2,0,5,14,0,0,10,0,0,6,0,0,0,0,0,0,0,5,0,6,0,0,3,0,0
2020-01-01 21:00:00,141,425,585,1543,747,899,445,1023,486,21,708,1054,714,1145,0,0,21,0,0,0,0,1,1,1,0,5,12,0,0,5,0,0,5,0,0,0,0,0,0,1,5,0,5,0,1,1,0,0
2020-01-01 21:05:00,141,425,584,1551,748,899,443,1026,486,20,706,1056,719,1146,0,0,15,0,0,0,0,1,1,1,0,5,9,0,0,5,0,0,4,0,0,0,0,0,0,0,4,0,5,0,0,0,0,0
2020-01-01 21:10:00,141,425,583,1557,749,899,441,1028,486,19,705,1059,725,1150,0,0,10,0,0,0,0,1,0,1,0,3,5,0,0,5,0,0,2,0,0,0,0,0,0,0,3,0,3,0,0,0,0,0
2020-01-01 21:15:00,141,425,585,1562,750,899,440,1030,486,18,706,1061,726,1152,0,0,5,0,0,0,0,0,1,0,0,1,5,0,0,3,0,0,0,0,0,0,0,0,0,0,2,0,2,0,0,0,0,0
2020-01-01 21:20:00,141,425,586,1564,750,900,440,1030,486,18,705,1062,728,1153,0,0,2,0,0,0,0,0,2,0,0,1,3,0,0,1,0,0,0,0,0,0,0,0,0,0,1,0,2,0,0,0,0,0
2020-01-01 21:25:00,141,425,585,1565,751,899,440,1030,486,18,705,1063,730,1154,0,0,1,0,0,0,0,0,1,0,0,2,2,0,0,0,0,0,1,0,0,0,0,0,0,0,0,0,1,0,0,0,0,0
2020-01-01 21:30:00,141,425,584,1566,750,899,440,1030,486,18,705,1064,731,1156,0,0,0,0,0,0,0,0,0,0,0,1,2,0,0,0,0,0,1,0,0,0,0,0,0,0,0,0,1,0,0,0,0,0
2020-01-01 21:35:00,141,425,583,1566,750,899,440,1031,486,18,705,1064,731,1157,0,0,0,0,0,0,0,0,0,0,0,0,3,0,0,0,0,0,0,0,0,0,0,0,0,0,0,0,1,0,0,0,0,0
2020-01-01 21:40:00,141,425,583,1566,750,899,440,1031,486,18,705,1065,732,1157,0,0,0,0,0,0,0,0,0,0,0,0,2,0,0,0,0,0,0,0,0,0,0,0,0,0,0,0,0,0,0,0,0,0
2020-01-01 21:45:00,141,425,583,1566,750,899,440,1031,486,18,705,1065,733,1157,0,0,0,0,0,0,0,0,0,0,0,0,1,0,0,0,0,0,0,0,0,0,0,0,0,0,0,0,0,0,0,0,0,0
2020-01-01 21:50:00,141,425,583,1566,750,899,440,1031,486,18,705,1065,734,1157,0,0,0,0,0,0,0,0,0,0,0,0,0,0,0,0,0,0,0,0,0,0,0,0,0,0,0,0,0,0,0,0,0,0
2020-01-01 21:55:00,141,425,583,1566,750,899,440,1031,486,18,705,1065,734,1157,0,0,0,0,0,0,0,0,0,0,0,0,0,0,0,0,0,0,0,0,0,0,0,0,0,0,0,0,0,0,0,0,0,0
2020-01-01 22:00:00,141,425,583,1566,750,899,440,1031,486,18,705,1065,734,1157,0,0,0,0,0,0,0,0,0,0,0,0,0,0,0,0,0,0,0,0,0,0,0,0,0,0,0,0,0,0,0,0,0,0
2020-01-01 22:05:00,141,425,583,1566,750,899,440,1031,486,18,705,1065,734,1157,0,0,0,0,0,0,0,0,0,0,0,0,0,0,0,0,0,0,0,0,0,0,0,0,0,0,0,0,0,0,0,0,0,0
2020-01-01 22:10:00,141,425,583,1566,750,899,440,1031,486,18,705,1065,734,1157,0,0,0,0,0,0,0,0,0,0,0,0,0,0,0,0,0,0,0,0,0,0,0,0,0,0,0,0,0,0,0,0,0,0
2020-01-01 22:15:00,141,425,583,1566,750,899,440,1031,486,18,705,1065,734,1157,0,0,0,0,0,0,0,0,0,0,0,0,0,0,0,0,0,0,0,0,0,0,0,0,0,0,0,0,0,0,0,0,0,0
2020-01-01 22:20:00,141,425,583,1566,750,899,440,1031,486,18,705,1065,734,1157,0,0,0,0,0,0,0,0,0,0,0,0,0,0,0,0,0,0,0,0,0,0,0,0,0,0,0,0,0,0,0,0,0,0
2020-01-01 22:25:00,141,425,583,1566,750,899,440,1031,486,18,705,1065,734,1157,0,0,0,0,0,0,0,0,0,0,0,0,0,0,0,0,0,0,0,0,0,0,0,0,0,0,0,0,0,0,0,0,0,0
2020-01-01 22:30:00,141,425,583,1566,750,899,440,1031,486,18,705,1065,734,1157,0,0,0,0,0,0,0,0,0,0,0,0,0,0,0,0,0,0,0,0,0,0,0,0,0,0,0,0,0,0,0,0,0,0
2020-01-01 22:35:00,141,425,583,1566,750,899,440,1031,486,18,705,1065,734,1157,0,0,0,0,0,0,0,0,0,0,0,0,0,0,0,0,0,0,0,0,0,0,0,0,0,0,0,0,0,0,0,0,0,0
2020-01-01 22:40:00,141,425,583,1566,750,899,440,1031,486,18,705,1065,734,1157,0,0,0,0,0,0,0,0,0,0,0,0,0,0,0,0,0,0,0,0,0,0,0,0,0,0,0,0,0,0,0,0,0,0
2020-01-01 22:45:00,141,425,583,1566,750,899,440,1031,486,18,705,1065,734,1157,0,0,0,0,0,0,0,0,0,0,0,0,0,0,0,0,0,0,0,0,0,0,0,0,0,0,0,0,0,0,0,0,0,0
2020-01-01 22:50:00,141,425,583,1566,750,899,440,1031,486,18,705,1065,734,1157,0,0,0,0,0,0,0,0,0,0,0,0,0,0,0,0,0,0,0,0,0,0,0,0,0,0,0,0,0,0,0,0,0,0
2020-01-01 22:55:00,141,425,583,1566,750,899,440,1031,486,18,705,1065,734,1157,0,0,0,0,0,0,0,0,0,0,0,0,0,0,0,0,0,0,0,0,0,0,0,0,0,0,0,0,0,0,0,0,0,0
2020-01-01 23:00:00,141,425,583,1566,750,899,440,1031,486,18,705,1065,734,1157,0,0,0,0,0,0,0,0,0,0,0,0,0,0,0,0,0,0,0,0,0,0,0,0,0,0,0,0,0,0,0,0,0,0
2020-01-01 23:05:00,141,425,583,1566,750,899,440,1031,486,18,705,1065,734,1157,0,0,0,0,0,0,0,0,0,0,0,0,0,0,0,0,0,0,0,0,0,0,0,0,0,0,0,0,0,0,0,0,0,0
2020-01-01 23:10:00,141,425,583,1566,750,899,440,1031,486,18,705,1065,734,1157,0,0,0,0,0,0,0,0,0,0,0,0,0,0,0,0,0,0,0,0,0,0,0,0,0,0,0,0,0,0,0,0,0,0
2020-01-01 23:15:00,141,425,583,1566,750,899,440,1031,486,18,705,1065,734,1157,0,0,0,0,0,0,0,0,0,0,0,0,0,0,0,0,0,0,0,0,0,0,0,0,0,0,0,0,0,0,0,0,0,0
2020-01-01 23:20:00,141,425,583,1566,750,899,440,1031,486,18,705,1065,734,1157,0,0,0,0,0,0,0,0,0,0,0,0,0,0,0,0,0,0,0,0,0,0,0,0,0,0,0,0,0,0,0,0,0,0
2020-01-01 23:25:00,141,425,583,1566,750,899,440,1031,486,18,705,1065,734,1157,0,0,0,0,0,0,0,0,0,0,0,0,0,0,0,0,0,0,0,0,0,0,0,0,0,0,0,0,0,0,0,0,0,0
2020-01-01 23:30:00,141,425,583,1566,750,899,440,1031,486,18,705,1065,734,1157,0,0,0,0,0,0,0,0,0,0,0,0,0,0,0,0,0,0,0,0,0,0,0,0,0,0,0,0,0,0,0,0,0,0
2020-01-01 23:35:00,141,425,583,1566,750,899,440,1031,486,18,705,1065,734,1157,0,0,0,0,0,0,0,0,0,0,0,0,0,0,0,0,0,0,0,0,0,0,0,0,0,0,0,0,0,0,0,0,0,0
2020-01-01 23:40:00,141,425,583,1566,750,899,440,1031,486,18,705,1065,734,1157,0,0,0,0,0,0,0,0,0,0,0,0,0,0,0,0,0,0,0,0,0,0,0,0,0,0,0,0,0,0,0,0,0,0
2020-01-01 23:45:00,141,425,583,1566,750,899,440,1031,486,18,705,1065,734,1157,0,0,0,0,0,0,0,0,0,0,0,0,0,0,0,0,0,0,0,0,0,0,0,0,0,0,0,0,0,0,0,0,0,0
2020-01-01 23:50:00,141,425,583,1566,750,899,440,1031,486,18,705,1065,734,1157,0,0,0,0,0,0,0,0,0,0,0,0,0,0,0,0,0,0,0,0,0,0,0,0,0,0,0,0,0,0,0,0,0,0
2020-01-01 23:55:00,141,425,583,1566,750,899,440,1031,486,18,705,1065,734,1157,0,0,0,0,0,0,0,0,0,0,0,0,0,0,0,0,0,0,0,0,0,0,0,0,0,0,0,0,0,0,0,0,0,0
2020-01-02 00:00:00,141,425,583,1566,750,899,440,1031,486,18,705,1065,734,1157,0,0,0,0,0,0,0,0,0,0,0,0,0,0,0,0,0,0,0,0,0,0,0,0,0,0,0,0,0,0,0,0,0,0
2020-01-02 00:05:00,141,425,583,1566,750,899,440,1031,486,18,705,1065,734,1157,0,0,0,0,0,0,0,0,0,0,0,0,0,0,0,0,0,0,0,0,0,0,0,0,0,0,0,0,0,0,0,0,0,0
2020-01-02 00:10:00,141,425,583,1566,750,899,440,1031,486,18,705,1065,734,1157,0,0,0,0,0,0,0,0,0,0,0,0,0,0,0,0,0,0,0,0,0,0,0,0,0,0,0,0,0,0,0,0,0,0
2020-01-02 00:15:00,141,425,583,1566,750,899,440,1031,486,18,705,1065,734,1157,0,0,0,0,0,0,0,0,0,0,0,0,0,0,0,0,0,0,0,0,0,0,0,0,0,0,0,0,0,0,0,0,0,0
2020-01-02 00:20:00,141,425,583,1566,750,899,440,1031,486,18,705,1065,734,1157,0,0,0,0,0,0,0,0,0,0,0,0,0,0,0,0,0,0,0,0,0,0,0,0,0,0,0,0,0,0,0,0,0,0
2020-01-02 00:25:00,141,425,583,1566,750,899,440,1031,486,18,705,1065,734,1157,0,0,0,0,0,0,0,0,0,0,0,0,0,0,0,0,0,0,0,0,0,0,0,0,0,0,0,0,0,0,0,0,0,0
2020-01-02 00:30:00,141,425,583,1566,750,899,440,1031,486,18,705,1065,734,1157,0,0,0,0,0,0,0,0,0,0,0,0,0,0,0,0,0,0,0,0,0,0,0,0,0,0,0,0,0,0,0,0,0,0
2020-01-02 00:35:00,141,425,583,1566,750,899,440,1031,486,18,705,1065,734,1157,0,0,0,0,0,0,0,0,0,0,0,0,0,0,0,0,0,0,0,0,0,0,0,0,0,0,0,0,0,0,0,0,0,0
2020-01-02 00:40:00,141,425,583,1566,750,899,440,1031,486,18,705,1065,734,1157,0,0,0,0,0,0,0,0,0,0,0,0,0,0,0,0,0,0,0,0,0,0,0,0,0,0,0,0,0,0,0,0,0,0
2020-01-02 00:45:00,141,425,583,1566,750,899,440,1031,486,18,705,1065,734,1157,0,0,0,0,0,0,0,0,0,0,0,0,0,0,0,0,0,0,0,0,0,0,0,0,0,0,0,0,0,0,0,0,0,0
2020-01-02 00:50:00,141,425,583,1566,750,899,440,1031,486,18,705,1065,734,1157,0,0,0,0,0,0,0,0,0,0,0,0,0,0,0,0,0,0,0,0,0,0,0,0,0,0,0,0,0,0,0,0,0,0
2020-01-02 00:55:00,141,425,583,1566,750,899,440,1031,486,18,705,1065,734,1157,0,0,0,0,0,0,0,0,0,0,0,0,0,0,0,0,0,0,0,0,0,0,0,0,0,0,0,0,0,0,0,0,0,0
2020-01-02 01:00:00,141,425,583,1566,750,899,440,1031,486,18,705,1065,734,1157,0,0,0,0,0,0,0,0,0,0,0,0,0,0,0,0,0,0,0,0,0,0,0,0,0,0,0,0,0,0,0,0,0,0
2020-01-02 01:05:00,141,425,583,1566,750,899,440,1031,486,18,705,1065,734,1157,0,0,0,0,0,0,0,0,0,0,0,0,0,0,0,0,0,0,0,0,0,0,0,0,0,0,0,0,0,0,0,0,0,0
2020-01-02 01:10:00,141,425,583,1566,750,899,440,1031,486,18,705,1065,734,1157,0,0,0,0,0,0,0,0,0,0,0,0,0,0,0,0,0,0,0,0,0,0,0,0,0,0,0,0,0,0,0,0,0,0
2020-01-02 01:15:00,141,425,583,1566,750,899,440,1031,486,18,705,1065,734,1157,0,0,0,0,0,0,0,0,0,0,0,0,0,0,0,0,0,0,0,0,0,0,0,0,0,0,0,0,0,0,0,0,0,0
2020-01-02 01:20:00,141,425,583,1566,750,899,440,1031,486,18,705,1065,734,1157,0,0,0,0,0,0,0,0,0,0,0,0,0,0,0,0,0,0,0,0,0,0,0,0,0,0,0,0,0,0,0,0,0,0
2020-01-02 01:25:00,141,425,583,1566,750,899,440,1031,486,18,705,1065,734,1157,0,0,0,0,0,0,0,0,0,0,0,0,0,0,0,0,0,0,0,0,0,0,0,0,0,0,0,0,0,0,0,0,0,0
2020-01-02 01:30:00,141,425,583,1566,750,899,440,1031,486,18,705,1065,734,1157,0,0,0,0,0,0,0,0,0,0,0,0,0,0,0,0,0,0,0,0,0,0,0,0,0,0,0,0,0,0,0,0,0,0
2020-01-02 01:35:00,141,425,583,1566,750,899,440,1031,486,18,705,1065,734,1157,0,0,0,0,0,0,0,0,0,0,0,0,0,0,0,0,0,0,0,0,0,0,0,0,0,0,0,0,0,0,0,0,0,0
2020-01-02 01:40:00,141,425,583,1566,750,899,440,1031,486,18,705,1065,734,1157,0,0,0,0,0,0,0,0,0,0,0,0,0,0,0,0,0,0,0,0,0,0,0,0,0,0,0,0,0,0,0,0,0,0
2020-01-02 01:45:00,141,425,583,1566,750,899,440,1031,486,18,705,1065,734,1157,0,0,0,0,0,0,0,0,0,0,0,0,0,0,0,0,0,0,0,0,0,0,0,0,0,0,0,0,0,0,0,0,0,0
2020-01-02 01:50:00,141,425,583,1566,750,899,440,1031,486,18,705,1065,734,1157,0,0,0,0,0,0,0,0,0,0,0,0,0,0,0,0,0,0,0,0,0,0,0,0,0,0,0,0,0,0,0,0,0,0
2020-01-02 01:55:00,141,425,583,1566,750,899,440,1031,486,18,705,1065,734,1157,0,0,0,0,0,0,0,0,0,0,0,0,0,0,0,0,0,0,0,0,0,0,0,0,0,0,0,0,0,0,0,0,0,0
2020-01-02 02:00:00,141,425,583,1566,750,899,440,1031,486,18,705,1065,734,1157,0,0,0,0,0,0,0,0,0,0,0,0,0,0,0,0,0,0,0,0,0,0,0,0,0,0,0,0,0,0,0,0,0,0
2020-01-02 02:05:00,141,425,583,1566,750,899,440,1031,486,18,705,1065,734,1157,0,0,0,0,0,0,0,0,0,0,0,0,0,0,0,0,0,0,0,0,0,0,0,0,0,0,0,0,0,0,0,0,0,0
2020-01-02 02:10:00,141,425,583,1566,750,899,440,1031,486,18,705,1065,734,1157,0,0,0,0,0,0,0,0,0,0,0,0,0,0,0,0,0,0,0,0,0,0,0,0,0,0,0,0,0,0,0,0,0,0
2020-01-02 02:15:00,141,425,583,1566,750,899,440,1031,486,18,705,1065,734,1157,0,0,0,0,0,0,0,0,0,0,0,0,0,0,0,0,0,0,0,0,0,0,0,0,0,0,0,0,0,0,0,0,0,0
2020-01-02 02:20:00,141,425,583,1566,750,899,440,1031,486,18,705,1065,734,1157,0,0,0,0,0,0,0,0,0,0,0,0,0,0,0,0,0,0,0,0,0,0,0,0,0,0,0,0,0,0,0,0,0,0
2020-01-02 02:25:00,141,425,583,1566,750,899,440,1031,486,18,705,1065,734,1157,0,0,0,0,0,0,0,0,0,0,0,0,0,0,0,0,0,0,0,0,0,0,0,0,0,0,0,0,0,0,0,0,0,0
2020-01-02 02:30:00,141,425,583,1566,750,899,440,1031,486,18,705,1065,734,1157,0,0,0,0,0,0,0,0,0,0,0,0,0,0,0,0,0,0,0,0,0,0,0,0,0,0,0,0,0,0,0,0,0,0
2020-01-02 02:35:00,141,425,583,1566,750,899,440,1031,486,18,705,1065,734,1157,0,0,0,0,0,0,0,0,0,0,0,0,0,0,0,0,0,0,0,0,0,0,0,0,0,0,0,0,0,0,0,0,0,0
2020-01-02 02:40:00,141,425,583,1566,750,899,440,1031,486,18,705,1065,734,1157,0,0,0,0,0,0,0,0,0,0,0,0,0,0,0,0,0,0,0,0,0,0,0,0,0,0,0,0,0,0,0,0,0,0
2020-01-02 02:45:00,141,425,583,1566,750,899,440,1031,486,18,705,1065,734,1157,0,0,0,0,0,0,0,0,0,0,0,0,0,0,0,0,0,0,0,0,0,0,0,0,0,0,0,0,0,0,0,0,0,0
2020-01-02 02:50:00,141,425,583,1566,750,899,440,1031,486,18,705,1065,734,1157,0,0,0,0,0,0,0,0,0,0,0,0,0,0,0,0,0,0,0,0,0,0,0,0,0,0,0,0,0,0,0,0,0,0
2020-01-02 02:55:00,141,425,583,1566,750,899,440,1031,486,18,705,1065,734,1157,0,0,0,0,0,0,0,0,0,0,0,0,0,0,0,0,0,0,0,0,0,0,0,0,0,0,0,0,0,0,0,0,0,0
2020-01-02 03:00:00,141,425,583,1566,750,899,440,1031,486,18,705,1065,734,1157,0,0,0,0,0,0,0,0,0,0,0,0,0,0,0,0,0,0,0,0,0,0,0,0,0,0,0,0,0,0,0,0,0,0
2020-01-02 03:05:00,141,425,583,1566,750,899,440,1031,486,18,705,1065,734,1157,0,0,0,0,0,0,0,0,0,0,0,0,0,0,0,0,0,0,0,0,0,0,0,0,0,0,0,0,0,0,0,0,0,0
2020-01-02 03:10:00,141,425,583,1566,750,899,440,1031,486,18,705,1065,734,1157,0,0,0,0,0,0,0,0,0,0,0,0,0,0,0,0,0,0,0,0,0,0,0,0,0,0,0,0,0,0,0,0,0,0
2020-01-02 03:15:00,141,425,583,1566,750,899,440,1031,486,18,705,1065,734,1157,0,0,0,0,0,0,0,0,0,0,0,0,0,0,0,0,0,0,0,0,0,0,0,0,0,0,0,0,0,0,0,0,0,0
2020-01-02 03:20:00,141,425,583,1566,750,899,440,1031,486,18,705,1065,734,1157,0,0,0,0,0,0,0,0,0,0,0,0,0,0,0,0,0,0,0,0,0,0,0,0,0,0,0,0,0,0,0,0,0,0
2020-01-02 03:25:00,141,425,583,1566,750,899,440,1031,486,18,705,1065,734,1157,0,0,0,0,0,0,0,0,0,0,0,0,0,0,0,0,0,0,0,0,0,0,0,0,0,0,0,0,0,0,0,0,0,0
2020-01-02 03:30:00,141,425,583,1566,750,899,440,1031,486,18,705,1065,734,1157,0,0,0,0,0,0,0,0,0,0,0,0,0,0,0,0,0,0,0,0,0,0,0,0,0,0,0,0,0,0,0,0,0,0
2020-01-02 03:35:00,141,425,583,1566,750,899,440,1031,486,18,705,1065,734,1157,0,0,0,0,0,0,0,0,0,0,0,0,0,0,0,0,0,0,0,0,0,0,0,0,0,0,0,0,0,0,0,0,0,0
2020-01-02 03:40:00,141,425,583,1566,750,899,440,1031,486,18,705,1065,734,1157,0,0,0,0,0,0,0,0,0,0,0,0,0,0,0,0,0,0,0,0,0,0,0,0,0,0,0,0,0,0,0,0,0,0
2020-01-02 03:45:00,141,425,583,1566,750,899,440,1031,486,18,705,1065,734,1157,0,0,0,0,0,0,0,0,0,0,0,0,0,0,0,0,0,0,0,0,0,0,0,0,0,0,0,0,0,0,0,0,0,0
2020-01-02 03:50:00,141,425,583,1566,750,899,440,1031,486,18,705,1065,734,1157,0,0,0,0,0,0,0,0,0,0,0,0,0,0,0,0,0,0,0,0,0,0,0,0,0,0,0,0,0,0,0,0,0,0
2020-01-02 03:55:00,141,425,583,1566,750,899,440,1031,486,18,705,1065,734,1157,0,0,0,0,0,0,0,0,0,0,0,0,0,0,0,0,0,0,0,0,0,0,0,0,0,0,0,0,0,0,0,0,0,0
2020-01-02 04:00:00,141,425,583,1566,750,899,440,1031,486,18,705,1065,734,1157,0,0,0,0,0,0,0,0,0,0,0,0,0,0,0,0,0,0,0,0,0,0,0,0,0,0,0,0,0,0,0,0,0,0
2020-01-02 04:05:00,141,425,583,1566,750,899,440,1031,486,18,705,1065,734,1157,0,0,0,0,0,0,0,0,0,0,0,0,0,0,0,0,0,0,0,0,0,0,0,0,0,0,0,0,0,0,0,0,0,0
2020-01-02 04:10:00,141,425,583,1566,750,899,440,1031,486,18,705,1065,734,1157,0,0,0,0,0,0,0,0,0,0,0,0,0,0,0,0,0,0,0,0,0,0,0,0,0,0,0,0,0,0,0,0,0,0
2020-01-02 04:15:00,141,425,583,1566,750,899,440,1031,486,18,705,1065,734,1157,0,0,0,0,0,0,0,0,0,0,0,0,0,0,0,0,0,0,0,0,0,0,0,0,0,0,0,0,0,0,0,0,0,0
2020-01-02 04:20:00,141,425,583,1566,750,899,440,1031,486,18,705,1065,734,1157,0,0,0,0,0,0,0,0,0,0,0,0,0,0,0,0,0,0,0,0,0,0,0,0,0,0,0,0,0,0,0,0,0,0
2020-01-02 04:25:00,141,425,583,1566,750,899,440,1031,486,18,705,1065,734,1157,0,0,0,0,0,0,0,0,0,0,0,0,0,0,0,0,0,0,0,0,0,0,0,0,0,0,0,0,0,0,0,0,0,0
2020-01-02 04:30:00,141,425,583,1566,750,899,440,1031,486,18,705,1065,734,1157,0,0,0,0,0,0,0,0,0,0,0,0,0,0,0,0,0,0,0,0,0,0,0,0,0,0,0,0,0,0,0,0,0,0
2020-01-02 04:35:00,141,425,583,1566,750,899,440,1031,486,18,705,1065,734,1157,0,0,0,0,0,0,0,0,0,0,0,0,0,0,0,0,0,0,0,0,0,0,0,0,0,0,0,0,0,0,0,0,0,0
2020-01-02 04:40:00,141,425,583,1566,750,899,440,1031,486,18,705,1065,734,1157,0,0,0,0,0,0,0,0,0,0,0,0,0,0,0,0,0,0,0,0,0,0,0,0,0,0,0,0,0,0,0,0,0,0
2020-01-02 04:45:00,141,425,583,1566,750,899,440,1031,486,18,705,1065,734,1157,0,0,0,0,0,0,0,0,0,0,0,0,0,0,0,0,0,0,0,0,0,0,0,0,0,0,0,0,0,0,0,0,0,0
2020-01-02 04:50:00,141,425,583,1566,750,899,440,1031,486,18,705,1065,734,1157,0,0,0,0,0,0,0,0,0,0,0,0,0,0,0,0,0,0,0,0,0,0,0,0,0,0,0,0,0,0,0,0,0,0
2020-01-02 04:55:00,141,425,583,1566,750,899,440,1031,486,18,705,1065,734,1157,0,0,0,0,0,0,0,0,0,0,0,0,0,0,0,0,0,0,0,0,0,0,0,0,0,0,0,0,0,0,0,0,0,0
2020-01-02 05:00:00,141,425,583,1566,750,899,440,1031,486,18,705,1065,734,1157,0,0,0,0,0,0,0,0,0,0,0,0,0,0,0,0,0,0,0,0,0,0,0,0,0,0,0,0,0,0,0,0,0,0
2020-01-02 05:05:00,141,425,583,1566,750,899,440,1031,486,18,705,1065,734,1157,0,0,0,0,0,0,0,0,0,0,0,0,0,0,0,0,0,0,0,0,0,0,0,0,0,0,0,0,0,0,0,0,0,0
2020-01-02 05:10:00,141,425,583,1566,750,899,440,1031,486,18,705,1065,734,1157,0,0,0,0,0,0,0,0,0,0,0,0,0,0,0,0,0,0,0,0,0,0,0,0,0,0,0,0,0,0,0,0,0,0
2020-01-02 05:15:00,141,425,583,1566,750,899,440,1031,486,18,705,1065,734,1157,0,0,0,0,0,0,0,0,0,0,0,0,0,0,0,0,0,0,0,0,0,0,0,0,0,0,0,0,0,0,0,0,0,0
2020-01-02 05:20:00,141,425,583,1566,750,899,440,1031,486,18,705,1065,734,1157,0,0,0,0,0,0,0,0,0,0,0,0,0,0,0,0,0,0,0,0,0,0,0,0,0,0,0,0,0,0,0,0,0,0
2020-01-02 05:25:00,141,425,583,1566,750,899,440,1031,486,18,705,1065,734,1157,0,0,0,0,0,0,0,0,0,0,0,0,0,0,0,0,0,0,0,0,0,0,0,0,0,0,0,0,0,0,0,0,0,0
2020-01-02 05:30:00,141,425,583,1566,750,899,440,1031,486,18,705,1065,734,1157,0,0,0,0,0,0,0,0,0,0,0,0,0,0,0,0,0,0,0,0,0,0,0,0,0,0,0,0,0,0,0,0,0,0
2020-01-02 05:35:00,141,425,583,1566,750,899,440,1031,486,18,705,1065,734,1157,0,0,0,0,0,0,0,0,0,0,0,0,0,0,0,0,0,0,0,0,0,0,0,0,0,0,0,0,0,0,0,0,0,0
2020-01-02 05:40:00,141,425,583,1566,750,899,440,1031,486,18,705,1065,734,1157,0,0,0,0,0,0,0,0,0,0,0,0,0,0,0,0,0,0,0,0,0,0,0,0,0,0,0,0,0,0,0,0,0,0
2020-01-02 05:45:00,141,425,583,1566,750,899,440,1031,486,18,705,1065,734,1157,0,0,0,0,0,0,0,0,0,0,0,0,0,0,0,0,0,0,0,0,0,0,0,0,0,0,0,0,0,0,0,0,0,0
2020-01-02 05:50:00,141,425,583,1566,750,899,440,1027,486,18,705,1061,726,1157,0,0,0,0,0,0,0,0,0,0,0,0,0,8,0,0,0,0,0,4,0,0,0,0,0,0,0,0,0,4,0,0,0,0
2020-01-02 05:55:00,141,425,583,1566,750,899,440,1027,486,18,705,1061,725,1157,0,0,0,0,0,0,0,0,0,0,0,0,0,9,0,0,0,0,0,4,0,0,0,0,0,0,0,0,0,4,0,0,0,0
2020-01-02 06:00:00,141,425,583,1566,754,903,440,1027,486,18,705,1056,725,1153,0,0,0,0,0,0,0,0,0,4,0,0,0,9,0,0,0,0,0,0,0,0,0,0,0,0,0,0,0,5,0,0,0,0
2020-01-02 06:05:00,141,425,591,1566,750,899,440,1024,485,18,710,1053,710,1152,0,0,0,0,0,0,0,0,0,5,0,0,0,16,0,0,0,0,0,3,0,0,0,0,0,0,0,4,0,8,0,0,0,0
2020-01-02 06:10:00,140,425,585,1570,753,898,440,1012,484,18,709,1050,703,1142,0,0,0,0,0,0,3,0,0,11,0,0,0,22,7,0,0,0,0,15,0,0,1,0,0,0,0,6,0,6,0,0,0,0
2020-01-02 06:15:00,140,424,582,1562,751,900,440,1011,484,23,708,1035,702,1131,0,0,0,9,0,0,5,0,0,20,1,0,0,23,10,0,1,0,0,13,0,0,0,0,0,4,0,3,0,18,0,0,0,0
2020-01-02 06:20:00,140,427,596,1564,748,913,447,1006,483,22,710,1031,689,1130,0,0,0,11,0,0,7,0,6,11,1,0,0,21,4,0,1,0,0,6,0,0,0,0,0,2,0,5,0,19,0,0,0,0
2020-01-02 06:25:00,140,426,586,1550,758,897,438,984,479,20,730,1025,681,1112,0,0,0,28,0,0,10,5,13,19,0,0,0,22,19,3,1,0,0,27,0,0,0,0,0,1,0,8,0,10,4,4,0,0
2020-01-02 06:30:00,135,422,575,1521,746,895,441,978,478,22,720,1008,679,1102,0,0,14,56,0,0,12,7,9,30,4,0,0,23,30,3,7,0,0,28,0,1,4,0,0,14,0,6,0,23,3,4,0,0
2020-01-02 06:35:00,133,422,586,1528,741,925,459,974,474,29,728,996,661,1099,0,0,23,55,0,0,14,8,5,14,12,0,0,28,17,3,7,0,0,10,0,1,1,0,0,8,0,5,0,29,2,3,0,0
2020-01-02 06:40:00,131,420,576,1505,751,917,448,952,468,28,747,985,651,1079,0,0,27,81,0,0,20,21,10,13,19,5,0,30,22,13,9,0,0,26,0,1,1,0,0,2,2,8,0,23,5,4,0,0
2020-01-02 06:45:00,125,412,573,1471,739,898,442,931,462,29,757,967,649,1059,0,0,50,98,0,0,24,23,9,24,21,7,0,30,31,16,18,3,0,43,1,3,3,0,10,21,5,8,0,29,5,4,0,0
2020-01-02 06:50:00,124,406,596,1473,742,947,453,925,458,38,761,960,636,1061,0,0,56,86,0,0,24,28,9,18,15,3,7,25,22,13,14,6,0,27,0,1,1,0,5,16,8,7,0,25,1,3,0,0
2020-01-02 06:55:00,123,402,584,1445,740,959,443,895,451,33,767,948,626,1031,0,0,59,106,0,0,26,41,29,24,20,15,13,25,26,18,14,7,15,36,0,0,1,0,3,7,12,16,9,19,6,6,0,0
2020-01-02 07:00:00,118,392,565,1409,717,924,437,875,443,31,787,934,623,1023,0,0,85,111,0,0,33,41,34,28,22,22,20,26,36,18,21,9,32,50,1,3,2,0,14,26,12,17,16,26,8,9,0,0
2020-01-02 07:05:00,119,393,578,1423,725,975,449,882,446,41,780,935,619,1043,0,0,90,94,0,0,30,37,23,17,15,11,24,24,30,20,16,9,28,28,2,0,0,2,14,13,8,9,15,22,6,5,0,0
2020-01-02 07:10:00,122,399,566,1404,726,954,439,881,450,36,784,935,621,1035,0,0,91,105,0,0,28,37,32,24,20,17,28,18,24,33,15,7,44,26,0,0,1,0,13,10,8,10,24,15,11,7,0,0
2020-01-02 07:15:00,117,403,561,1389,716,927,430,878,447,34,788,934,627,1030,0,0,113,95,0,0,26,35,38,27,20,21,26,16,29,34,16,11,55,32,1,3,2,1,21,19,10,8,29,16,8,7,0,0
2020-01-02 07:20:00,117,398,579,1409,724,945,437,900,452,44,783,945,629,1049,0,0,111,74,0,0,18,31,31,18,17,12,29,14,23,26,7,14,42,25,3,2,0,0,14,8,10,9,23,14,6,8,0,0
2020-01-02 07:25:00,117,399,572,1415,725,949,437,911,456,35,753,954,634,1052,0,0,108,68,0,0,16,36,36,19,18,19,30,15,14,29,4,12,48,22,1,2,1,2,13,8,13,13,23,9,4,8,0,0
2020-01-02 07:30:00,116,395,567,1417,718,928,427,924,454,38,753,959,637,1055,0,0,104,51,0,0,19,35,38,23,14,25,36,16,13,30,3,13,53,18,3,1,3,1,26,14,15,7,28,9,8,6,0,0
2020-01-02 07:35:00,118,403,579,1445,737,930,425,947,454,39,746,969,647,1083,0,0,88,41,0,0,17,25,26,17,7,16,38,11,7,27,1,11,38,12,0,1,1,1,27,8,15,4,23,8,4,4,0,0
2020-01-02 07:40:00,116,408,578,1466,757,918,425,966,458,33,731,981,657,1090,0,0,73,35,0,0,15,20,22,20,8,15,39,7,4,23,2,8,39,11,0,2,1,2,14,6,14,6,18,6,3,3,0,0
2020-01-02 07:45:00,117,407,580,1481,755,912,419,972,466,29,716,985,660,1088,0,0,55,26,0,0,16,14,26,25,12,17,37,13,2,19,1,8,51,13,2,0,1,1,8,7,12,4,29,7,1,6,0,0
2020-01-02 07:50:00,119,408,586,1499,752,906,425,993,469,26,713,994,662,1096,0,0,44,17,0,0,10,9,26,23,8,10,29,23,2,17,1,7,44,12,2,1,0,2,7,4,8,1,35,5,0,5,0,0
2020-01-02 07:55:00,123,411,595,1521,752,904,425,1016,474,21,705,1009,668,1097,0,0,28,9,0,0,8,7,19,30,4,5,20,28,5,13,1,5,30,7,2,0,0,1,11,2,6,4,27,5,1,1,0,0
2020-01-02 08:00:00,126,414,604,1542,752,904,428,1026,476,18,707,1015,656,1091,0,0,16,4,0,0,4,3,10,36,5,3,14,41,7,11,0,3,20,11,0,0,0,1,3,1,4,9,19,14,0,2,0,0
2020-01-02 08:05:00,125,416,616,1543,754,893,434,1016,475,19,712,989,624,1073,0,0,9,21,0,0,4,1,8,29,19,1,8,67,12,7,0,2,15,30,1,0,2,0,4,1,1,10,11,47,0,1,0,0
2020-01-02 08:10:00,125,418,611,1464,761,894,438,996,476,24,706,958,585,1025,0,0,3,122,0,0,14,0,6,22,57,0,6,103,26,2,1,1,10,50,0,0,1,0,2,1,1,8,6,76,1,0,0,0
2020-01-02 08:15:00,124,424,633,1250,781,903,442,967,476,25,711,926,494,942,0,0,1,321,0,0,21,0,29,19,121,0,3,176,35,0,1,0,4,64,0,0,1,0,1,0,0,21,5,74,4,1,0,0
2020-01-02 08:20:00,123,426,663,1015,775,891,452,898,463,25,752,868,409,806,0,0,0,518,0,0,34,2,77,24,201,0,1,223,68,1,1,0,0,108,0,0,1,0,0,0,0,63,3,96,7,6,0,0
2020-01-02 08:25:00,115,426,692,816,755,880,457,740,449,43,765,780,344,707,0,0,0,679,0,0,78,5,95,28,236,0,0,247,144,3,3,0,0,231,0,0,8,0,0,3,0,97,1,151,16,6,0,0
2020-01-02 08:30:00,110,437,776,677,761,907,492,585,427,88,781,668,285,640,0,0,0,777,0,0,136,9,84,22,221,1,0,212,224,10,2,1,0,313,1,0,5,0,5,2,4,105,0,203,20,9,0,0
2020-01-02 08:35:00,102,460,684,537,770,919,546,469,414,122,758,529,238,558,0,0,2,864,0,0,206,22,103,16,294,4,0,185,345,21,6,13,0,331,3,1,8,0,30,2,10,137,0,252,29,10,0,0
2020-01-02 08:40:00,98,481,580,435,770,759,506,401,423,145,663,388,209,492,0,0,8,928,0,0,296,31,113,8,332,4,3,174,521,27,9,39,0,355,26,0,7,0,133,4,18,212,1,294,76,31,0,0
2020-01-02 08:45:00,115,531,478,377,746,584,552,358,399,196,641,300,185,474,0,0,14,862,0,0,355,33,76,4,391,3,8,156,627,35,10,79,0,363,87,0,9,4,128,5,27,297,5,367,75,44,0,0
2020-01-02 08:50:00,181,553,546,336,688,590,458,330,383,282,468,243,163,425,0,0,19,887,0,0,398,34,46,3,377,3,19,84,762,79,13,102,7,255,109,0,25,13,113,5,31,403,22,379,117,49,0,0
2020-01-02 08:55:00,234,594,492,316,654,569,419,310,331,269,380,214,153,364,0,0,20,901,0,0,422,22,28,3,373,1,29,59,908,133,9,123,12,127,126,2,67,41,110,11,36,608,47,320,89,74,0,0
2020-01-02 09:00:00,312,548,488,309,677,490,379,306,274,362,332,215,151,317,0,0,16,911,0,0,411,12,14,5,347,3,42,42,1062,152,6,124,8,59,115,1,88,57,106,13,34,793,65,191,84,79,0,0
2020-01-02 09:05:00,391,509,529,310,682,396,538,304,231,511,332,235,159,284,0,0,13,875,0,0,410,9,8,6,297,3,49,23,1014,158,3,107,9,38,90,0,93,63,76,8,27,973,72,59,42,64,0,0
2020-01-02 09:10:00,459,446,605,314,546,359,435,303,219,614,326,265,170,261,0,0,13,804,0,0,429,5,5,3,222,0,41,12,1116,150,0,93,9,11,75,0,85,62,64,14,23,1174,80,32,109,47,0,0
2020-01-02 09:15:00,536,502,703,319,468,338,476,307,209,834,267,298,187,248,0,0,12,789,0,0,374,7,2,2,132,0,31,6,1175,107,0,74,4,6,67,0,60,48,30,8,15,1192,68,9,61,29,0,0
2020-01-02 09:20:00,604,522,799,320,383,317,597,309,194,890,270,341,204,237,0,0,10,733,0,0,324,7,1,5,54,0,20,4,1104,83,0,56,2,3,65,0,47,51,24,4,10,1299,44,4,43,16,0,0
2020-01-02 09:25:00,691,515,841,325,332,308,675,309,185,1044,224,364,209,232,0,0,7,719,0,0,200,5,0,3,15,0,17,2,1101,67,0,40,5,2,58,0,29,38,13,3,6,1266,38,2,88,22,0,0
2020-01-02 09:30:00,768,557,873,333,297,315,703,310,151,1143,306,384,217,228,0,0,3,597,0,0,106,4,0,1,9,0,10,1,1109,58,0,37,4,1,55,0,19,42,8,0,4,1230,32,1,67,17,0,0
2020-01-02 09:35:00,841,578,893,335,277,316,817,314,176,1204,302,402,224,227,0,0,1,521,0,0,43,1,0,1,4,0,4,0,1025,56,0,28,0,0,38,0,24,39,13,0,3,1219,23,0,40,11,0,0
2020-01-02 09:40:00,887,565,930,336,278,322,852,314,184,1319,363,416,226,226,0,0,1,383,0,0,24,0,0,0,2,0,2,0,944,32,0,25,0,0,50,0,31,20,8,1,2,1166,15,0,66,10,0,0
2020-01-02 09:45:00,932,590,951,336,276,328,926,314,217,1416,391,425,227,226,0,0,1,247,0,0,7,0,0,0,1,0,1,0,821,15,0,24,2,0,53,0,25,16,9,0,2,1126,13,0,73,9,0,0
2020-01-02 09:50:00,967,628,964,337,280,345,880,314,232,1579,460,431,228,226,0,0,0,56,0,0,2,0,0,0,0,0,0,0,792,3,0,26,4,0,71,0,34,15,8,0,0,1010,13,0,89,6,0,0
2020-01-02 09:55:00,1017,667,967,337,278,370,1014,316,258,1635,355,438,228,226,0,0,0,4,0,0,0,0,0,0,0,0,0,0,612,0,0,31,3,0,78,0,36,26,17,0,0,1012,14,0,54,7,0,0
2020-01-02 10:00:00,1074,656,967,337,287,382,1084,318,223,1868,262,444,228,226,0,0,0,0,0,0,0,0,0,0,0,0,0,0,458,2,0,30,4,0,91,0,47,10,21,0,0,870,16,0,89,6,0,0
2020-01-02 10:05:00,1124,703,967,337,298,370,1198,319,184,2032,212,452,228,226,0,0,0,0,0,0,0,0,0,0,0,0,0,0,258,2,0,31,6,0,74,0,51,16,17,0,0,780,18,0,92,5,0,0
2020-01-02 10:10:00,1164,751,969,337,305,362,1350,322,147,2304,187,460,228,226,0,0,0,0,0,0,0,0,0,0,0,0,0,0,18,0,0,25,7,0,54,0,50,14,9,0,0,593,20,0,93,5,0,0
2020-01-02 10:15:00,1185,794,969,337,306,354,1293,325,120,2592,176,470,228,226,0,0,0,0,0,0,0,1,0,0,0,0,0,0,0,0,0,19,4,0,36,0,47,17,6,0,0,393,18,0,79,5,0,0
2020-01-02 10:20:00,1204,828,969,337,308,353,1267,329,102,2887,171,480,228,226,0,0,0,0,0,0,0,1,0,0,0,0,0,0,0,0,0,15,0,0,22,0,34,17,1,0,0,167,12,0,31,11,0,0
2020-01-02 10:25:00,1229,816,969,337,308,352,1272,329,91,3105,169,488,228,226,0,0,0,0,0,0,0,1,0,0,0,0,0,0,0,0,0,8,0,0,13,0,14,25,1,0,0,3,5,0,6,5,0,0
2020-01-02 10:30:00,1254,793,969,337,308,352,1277,329,83,3143,169,492,228,226,0,0,0,0,0,0,0,1,0,0,0,0,0,0,0,0,0,5,0,0,8,0,13,7,0,0,0,0,2,0,0,4,0,0
2020-01-02 10:35:00,1261,778,969,337,307,352,1281,329,79,3170,170,493,228,226,0,0,0,0,0,0,0,0,0,0,0,0,0,0,0,0,0,1,0,0,4,0,8,2,0,0,0,0,2,0,0,3,0,0
2020-01-02 10:40:00,1262,773,969,337,307,353,1284,329,77,3183,169,494,228,226,0,0,0,0,0,0,0,0,0,0,0,0,0,0,0,0,0,0,0,0,2,0,5,0,0,0,0,0,1,0,0,1,0,0
2020-01-02 10:45:00,1263,771,969,337,307,353,1285,329,76,3190,169,495,228,226,0,0,0,0,0,0,0,0,0,0,0,0,0,0,0,0,0,0,0,0,1,0,1,0,0,0,0,0,0,0,0,0,0,0
2020-01-02 10:50:00,1263,771,969,337,307,353,1285,329,76,3191,169,495,228,226,0,0,0,0,0,0,0,0,0,0,0,0,0,0,0,0,0,0,0,0,0,0,1,0,0,0,0,0,0,0,0,0,0,0
2020-01-02 10:55:00,1263,771,969,337,307,353,1285,329,76,3192,169,495,228,226,0,0,0,0,0,0,0,0,0,0,0,0,0,0,0,0,0,0,0,0,0,0,0,0,0,0,0,0,0,0,0,0,0,0
2020-01-02 11:00:00,1263,771,969,337,307,353,1285,329,76,3192,169,495,228,226,0,0,0,0,0,0,0,0,0,0,0,0,0,0,0,0,0,0,0,0,0,0,0,0,0,0,0,0,0,0,0,0,0,0
2020-01-02 11:05:00,1263,771,969,337,307,353,1285,329,76,3192,169,495,228,226,0,0,0,0,0,0,0,0,0,0,0,0,0,0,0,0,0,0,0,0,0,0,0,0,0,0,0,0,0,0,0,0,0,0
2020-01-02 11:10:00,1263,771,969,337,307,353,1285,329,76,3192,169,495,228,226,0,0,0,0,0,0,0,0,0,0,0,0,0,0,0,0,0,0,0,0,0,0,0,0,0,0,0,0,0,0,0,0,0,0
2020-01-02 11:15:00,1263,771,969,337,307,353,1285,329,76,3192,169,495,228,226,0,0,0,0,0,0,0,0,0,0,0,0,0,0,0,0,0,0,0,0,0,0,0,0,0,0,0,0,0,0,0,0,0,0
2020-01-02 11:20:00,1263,771,969,337,307,353,1285,329,76,3192,169,495,228,226,0,0,0,0,0,0,0,0,0,0,0,0,0,0,0,0,0,0,0,0,0,0,0,0,0,0,0,0,0,0,0,0,0,0
2020-01-02 11:25:00,1263,771,969,337,307,353,1285,329,76,3192,169,495,228,226,0,0,0,0,0,0,0,0,0,0,0,0,0,0,0,0,0,0,0,0,0,0,0,0,0,0,0,0,0,0,0,0,0,0
2020-01-02 11:30:00,1263,771,969,337,307,353,1285,329,76,3192,169,495,228,226,0,0,0,0,0,0,0,0,0,0,0,0,0,0,0,0,0,0,0,0,0,0,0,0,0,0,0,0,0,0,0,0,0,0
2020-01-02 11:35:00,1263,771,969,337,307,353,1285,329,76,3192,169,495,228,226,0,0,0,0,0,0,0,0,0,0,0,0,0,0,0,0,0,0,0,0,0,0,0,0,0,0,0,0,0,0,0,0,0,0
2020-01-02 11:40:00,1263,771,969,337,307,353,1285,329,76,3192,169,495,228,226,0,0,0,0,0,0,0,0,0,0,0,0,0,0,0,0,0,0,0,0,0,0,0,0,0,0,0,0,0,0,0,0,0,0
2020-01-02 11:45:00,1263,771,969,337,307,353,1285,329,76,3192,169,495,228,226,0,0,0,0,0,0,0,0,0,0,0,0,0,0,0,0,0,0,0,0,0,0,0,0,0,0,0,0,0,0,0,0,0,0
2020-01-02 11:50:00,1263,771,969,337,307,353,1285,329,76,3192,169,495,228,226,0,0,0,0,0,0,0,0,0,0,0,0,0,0,0,0,0,0,0,0,0,0,0,0,0,0,0,0,0,0,0,0,0,0
2020-01-02 11:55:00,1263,771,969,337,307,353,1285,329,76,3192,169,495,228,226,0,0,0,0,0,0,0,0,0,0,0,0,0,0,0,0,0,0,0,0,0,0,0,0,0,0,0,0,0,0,0,0,0,0
2020-01-02 12:00:00,1263,771,969,337,307,353,1285,329,76,3192,169,495,228,226,0,0,0,0,0,0,0,0,0,0,0,0,0,0,0,0,0,0,0,0,0,0,0,0,0,0,0,0,0,0,0,0,0,0
2020-01-02 12:05:00,1263,771,969,337,307,353,1285,329,76,3192,169,495,228,226,0,0,0,0,0,0,0,0,0,0,0,0,0,0,0,0,0,0,0,0,0,0,0,0,0,0,0,0,0,0,0,0,0,0
2020-01-02 12:10:00,1263,771,969,337,307,353,1285,329,76,3192,169,495,228,226,0,0,0,0,0,0,0,0,0,0,0,0,0,0,0,0,0,0,0,0,0,0,0,0,0,0,0,0,0,0,0,0,0,0
2020-01-02 12:15:00,1263,771,969,337,307,353,1285,329,76,3192,169,495,228,226,0,0,0,0,0,0,0,0,0,0,0,0,0,0,0,0,0,0,0,0,0,0,0,0,0,0,0,0,0,0,0,0,0,0
2020-01-02 12:20:00,1263,771,969,337,307,353,1285,329,76,3192,169,495,228,226,0,0,0,0,0,0,0,0,0,0,0,0,0,0,0,0,0,0,0,0,0,0,0,0,0,0,0,0,0,0,0,0,0,0
2020-01-02 12:25:00,1263,771,969,337,307,353,1285,329,76,3192,169,495,228,226,0,0,0,0,0,0,0,0,0,0,0,0,0,0,0,0,0,0,0,0,0,0,0,0,0,0,0,0,0,0,0,0,0,0
2020-01-02 12:30:00,1263,771,969,337,307,353,1285,329,76,3192,169,495,228,226,0,0,0,0,0,0,0,0,0,0,0,0,0,0,0,0,0,0,0,0,0,0,0,0,0,0,0,0,0,0,0,0,0,0
2020-01-02 12:35:00,1263,771,969,337,307,353,1285,329,76,3192,169,495,228,226,0,0,0,0,0,0,0,0,0,0,0,0,0,0,0,0,0,0,0,0,0,0,0,0,0,0,0,0,0,0,0,0,0,0
2020-01-02 12:40:00,1263,771,969,337,307,353,1285,329,76,3192,169,495,228,226,0,0,0,0,0,0,0,0,0,0,0,0,0,0,0,0,0,0,0,0,0,0,0,0,0,0,0,0,0,0,0,0,0,0
2020-01-02 12:45:00,1263,771,969,337,307,353,1285,329,76,3192,169,495,228,226,0,0,0,0,0,0,0,0,0,0,0,0,0,0,0,0,0,0,0,0,0,0,0,0,0,0,0,0,0,0,0,0,0,0
2020-01-02 12:50:00,1263,771,969,337,307,353,1285,329,76,3192,169,495,228,226,0,0,0,0,0,0,0,0,0,0,0,0,0,0,0,0,0,0,0,0,0,0,0,0,0,0,0,0,0,0,0,0,0,0
2020-01-02 12:55:00,1263,771,969,337,307,353,1285,329,76,3192,169,495,228,226,0,0,0,0,0,0,0,0,0,0,0,0,0,0,0,0,0,0,0,0,0,0,0,0,0,0,0,0,0,0,0,0,0,0
2020-01-02 13:00:00,1263,771,969,337,307,353,1285,329,76,3192,169,495,228,226,0,0,0,0,0,0,0,0,0,0,0,0,0,0,0,0,0,0,0,0,0,0,0,0,0,0,0,0,0,0,0,0,0,0
2020-01-02 13:05:00,1263,771,969,337,307,353,1285,329,76,3192,169,495,228,226,0,0,0,0,0,0,0,0,0,0,0,0,0,0,0,0,0,0,0,0,0,0,0,0,0,0,0,0,0,0,0,0,0,0
2020-01-02 13:10:00,1263,771,969,337,307,353,1285,329,76,3192,169,495,228,226,0,0,0,0,0,0,0,0,0,0,0,0,0,0,0,0,0,0,0,0,0,0,0,0,0,0,0,0,0,0,0,0,0,0
2020-01-02 13:15:00,1263,771,969,337,307,353,1285,329,76,3192,169,495,228,226,0,0,0,0,0,0,0,0,0,0,0,0,0,0,0,0,0,0,0,0,0,0,0,0,0,0,0,0,0,0,0,0,0,0
2020-01-02 13:20:00,1263,771,969,337,307,353,1285,329,76,3192,169,495,228,226,0,0,0,0,0,0,0,0,0,0,0,0,0,0,0,0,0,0,0,0,0,0,0,0,0,0,0,0,0,0,0,0,0,0
2020-01-02 13:25:00,1256,743,923,236,261,319,1258,235,49,3197,195,439,178,154,0,0,9,67,0,0,10,10,34,48,24,12,4,50,30,12,12,1,11,94,1,4,3,0,3,31,1,11,4,56,5,10,0,0
2020-01-02 13:30:00,1252,739,901,201,242,335,1255,195,45,3199,176,418,162,123,0,0,29,90,0,0,17,13,46,71,32,20,5,66,43,21,15,3,16,134,2,3,2,0,6,17,4,16,4,77,1,4,0,0
2020-01-02 13:35:00,1254,736,930,239,299,425,1283,196,45,3209,168,418,155,161,0,0,46,94,0,0,17,14,18,27,12,10,5,73,18,14,16,3,11,50,1,0,0,2,8,4,5,5,2,25,0,2,0,0
2020-01-02 13:40:00,1248,720,957,174,269,379,1261,134,33,3210,199,374,128,108,0,0,67,158,0,0,25,27,30,56,25,13,12,54,23,15,25,8,20,77,0,4,5,1,23,38,6,17,9,48,14,6,0,0
2020-01-02 13:45:00,1244,727,929,132,252,369,1256,105,31,3206,273,352,114,69,0,0,97,135,0,0,23,27,35,76,44,30,21,53,42,16,16,11,25,102,2,3,2,1,15,29,10,28,13,68,10,7,0,0
2020-01-02 13:50:00,1245,730,928,174,283,432,1266,100,33,3223,264,348,106,84,0,0,105,134,0,0,34,31,19,38,29,34,26,54,43,18,16,14,22,54,2,1,1,1,8,16,8,16,17,35,3,5,0,0
2020-01-02 13:55:00,1246,729,952,176,279,420,1269,101,37,3226,248,348,113,95,0,0,118,157,0,0,46,35,20,25,14,26,22,27,37,25,17,17,31,29,2,2,0,2,15,22,7,16,20,17,8,4,0,0
2020-01-02 14:00:00,1248,739,940,178,270,401,1277,107,34,3217,298,356,120,97,0,0,136,117,0,0,51,30,21,23,17,27,21,15,38,22,8,19,35,15,4,2,0,4,23,21,11,18,18,9,6,7,0,0
2020-01-02 14:05:00,1256,741,934,201,275,404,1283,125,44,3221,299,363,124,106,0,0,119,89,0,0,57,32,20,21,14,27,24,8,36,17,6,19,36,7,1,0,0,3,14,12,12,14,19,5,7,5,0,0
2020-01-02 14:10:00,1260,753,927,214,273,404,1300,139,55,3217,270,371,130,122,0,0,114,78,0,0,47,33,27,16,7,20,25,5,28,18,3,16,38,3,1,0,0,0,16,8,12,12,22,3,8,5,0,0
2020-01-02 14:15:00,1261,758,921,237,279,394,1302,159,62,3216,257,381,139,135,0,0,102,57,0,0,40,34,26,15,3,16,24,2,19,26,1,15,35,2,3,0,0,3,14,5,9,6,24,1,9,8,0,0
2020-01-02 14:20:00,1267,768,920,267,282,379,1305,176,64,3215,247,393,147,154,0,0,78,36,0,0,33,32,23,14,1,10,22,1,12,31,1,10,40,1,3,0,0,1,13,4,9,3,24,0,9,5,0,0
2020-01-02 14:25:00,1270,777,929,284,282,379,1305,194,68,3208,234,405,155,165,0,0,70,20,0,0,22,23,26,12,0,5,19,0,7,30,0,8,37,0,0,0,1,0,9,3,13,2,25,0,8,5,0,0
2020-01-02 14:30:00,1270,781,933,304,284,377,1300,216,70,3206,224,417,163,177,0,0,55,10,0,0,15,17,21,9,1,5,19,0,2,31,0,7,30,0,0,0,0,1,7,0,12,0,26,0,5,5,0,0
2020-01-02 14:35:00,1271,783,939,319,288,375,1298,231,72,3204,209,430,169,190,0,0,43,4,0,0,11,11,17,5,1,4,21,0,0,25,0,5,23,0,0,0,0,1,12,0,8,0,23,0,5,3,0,0
2020-01-02 14:40:00,1272,783,945,331,294,375,1296,246,74,3203,197,443,174,200,0,0,30,1,0,0,6,6,15,3,0,2,26,0,0,17,0,3,17,0,0,0,0,1,7,0,7,0,21,0,2,3,0,0
2020-01-02 14:45:00,1273,781,944,338,294,366,1295,254,79,3203,187,453,182,208,0,0,18,1,0,0,4,3,15,3,0,1,28,0,0,15,0,1,19,0,0,0,0,0,4,0,10,0,21,0,0,0,0,0
2020-01-02 14:50:00,1273,779,945,344,293,364,1292,263,79,3201,182,464,190,215,0,0,11,0,0,0,3,2,12,2,0,0,27,0,0,10,0,0,17,0,0,0,0,2,2,0,8,0,19,0,0,1,0,0
2020-01-02 14:55:00,1275,778,946,350,294,360,1292,273,80,3198,178,474,200,224,0,0,6,0,0,0,2,2,5,0,0,0,23,0,0,5,0,0,10,0,0,0,0,1,3,0,4,0,16,0,0,1,0,0
2020-01-02 15:00:00,1276,778,945,349,296,358,1292,280,80,3196,178,483,210,227,0,0,4,0,0,0,1,1,5,0,0,0,17,0,0,4,0,0,6,0,0,0,0,0,0,0,4,0,10,0,0,0,0,0
2020-01-02 15:05:00,1276,778,944,350,294,357,1291,283,80,3195,177,490,217,229,0,0,2,0,0,0,0,1,4,0,0,0,13,0,0,4,0,0,4,0,0,0,0,0,1,0,3,0,7,0,0,0,0,0
2020-01-02 15:10:00,1276,778,944,351,296,357,1290,286,80,3195,178,493,223,232,0,0,1,0,0,0,0,0,1,0,0,0,9,0,0,3,0,0,1,0,0,0,0,0,0,0,1,0,5,0,0,0,0,0
2020-01-02 15:15:00,1276,778,944,352,296,358,1290,287,80,3195,177,497,227,233,0,0,0,0,0,0,0,0,0,0,0,0,7,0,0,1,0,0,0,0,0,0,0,0,0,0,0,0,2,0,0,0,0,0
2020-01-02 15:20:00,1276,778,943,352,294,357,1290,287,80,3195,177,498,230,233,0,0,0,0,0,0,0,0,0,0,0,0,6,0,0,0,0,0,1,0,0,0,0,0,0,0,0,0,3,0,0,0,0,0
2020-01-02 15:25:00,1276,778,942,352,294,357,1290,287,80,3195,177,499,232,233,0,0,0,0,0,0,0,0,0,0,0,0,5,0,0,0,0,0,1,0,0,0,0,0,0,0,0,0,2,0,0,0,0,0
2020-01-02 15:30:00,1276,778,941,352,294,357,1290,288,80,3195,177,501,234,233,0,0,0,0,0,0,0,0,0,0,0,0,4,0,0,0,0,0,0,0,0,0,0,0,0,0,0,0,0,0,0,0,0,0
2020-01-02 15:35:00,1276,778,941,352,294,357,1290,288,80,3195,177,501,236,233,0,0,0,0,0,0,0,0,0,0,0,0,2,0,0,0,0,0,0,0,0,0,0,0,0,0,0,0,0,0,0,0,0,0
2020-01-02 15:40:00,1276,778,941,352,294,357,1290,288,80,3195,177,501,237,233,0,0,0,0,0,0,0,0,0,0,0,0,1,0,0,0,0,0,0,0,0,0,0,0,0,0,0,0,0,0,0,0,0,0
2020-01-02 15:45:00,1276,778,941,352,294,357,1290,288,80,3195,177,501,238,233,0,0,0,0,0,0,0,0,0,0,0,0,0,0,0,0,0,0,0,0,0,0,0,0,0,0,0,0,0,0,0,0,0,0
2020-01-02 15:50:00,1276,778,941,352,294,357,1290,288,80,3195,177,501,238,233,0,0,0,0,0,0,0,0,0,0,0,0,0,0,0,0,0,0,0,0,0,0,0,0,0,0,0,0,0,0,0,0,0,0
2020-01-02 15:55:00,1276,777,941,352,294,357,1290,288,80,3196,177,500,238,233,0,0,0,0,0,0,0,0,0,0,0,0,0,0,0,0,0,0,0,0,0,0,0,0,0,0,0,0,0,1,0,0,0,0
2020-01-02 16:00:00,1269,783,940,352,293,358,1284,288,80,3180,176,500,238,233,0,0,0,0,0,0,0,3,0,0,0,0,1,0,0,2,1,0,0,0,0,4,3,4,0,0,5,1,0,1,1,0,0,0
2020-01-02 16:05:00,1246,795,928,352,290,355,1263,286,84,3114,177,496,234,233,0,0,1,0,0,0,0,13,0,0,0,3,1,4,9,10,6,0,0,2,0,8,19,23,1,2,29,2,1,4,3,6,0,0
2020-01-02 16:10:00,1242,800,912,352,292,353,1247,286,91,3064,175,491,232,233,0,0,4,0,0,0,0,23,0,0,0,7,3,6,21,17,9,0,2,2,0,8,19,24,2,3,46,2,1,9,3,19,0,0
2020-01-02 16:15:00,1247,789,908,352,319,358,1267,286,95,3052,178,490,232,236,0,0,4,0,0,0,1,26,0,0,0,8,3,7,19,14,11,0,2,0,0,14,5,5,0,1,39,1,2,7,0,22,0,0
2020-01-02 16:20:00,1234,775,914,352,331,357,1288,288,102,3038,187,490,232,238,0,0,6,0,0,0,2,26,0,2,0,10,4,3,7,14,10,0,0,0,1,18,0,3,0,11,30,0,6,2,1,18,0,0
2020-01-02 16:25:00,1227,768,912,353,330,373,1289,288,111,3024,201,492,234,240,0,0,9,0,0,0,2,22,0,4,0,13,2,1,2,25,5,0,1,0,0,11,0,1,0,12,22,1,11,0,2,12,0,0
2020-01-02 16:30:00,1221,764,916,358,325,385,1279,288,112,3017,215,496,235,243,0,0,10,0,0,0,2,16,0,5,0,11,2,0,3,31,2,0,6,0,0,6,1,1,0,9,12,2,15,0,3,9,0,0
2020-01-02 16:35:00,1218,762,925,358,321,395,1273,289,109,3015,214,503,236,246,0,0,17,0,0,0,1,15,2,7,0,6,4,0,3,29,0,0,12,0,0,4,0,0,0,2,5,2,18,0,2,7,0,0
2020-01-02 16:40:00,1216,761,930,363,314,389,1268,294,105,3015,219,511,236,247,0,0,23,0,0,0,0,15,2,7,0,9,6,0,3,25,0,0,13,0,0,2,0,1,0,3,2,1,17,0,0,3,0,0
2020-01-02 16:45:00,1216,759,933,371,313,390,1264,301,102,3014,216,521,237,248,0,0,30,0,0,0,0,10,0,6,0,14,9,0,1,18,0,0,11,0,0,1,0,0,0,0,3,0,10,0,1,1,0,0
2020-01-02 16:50:00,1215,758,932,377,311,390,1260,307,102,3012,213,528,240,254,0,0,31,0,0,0,0,6,1,4,0,12,13,0,0,12,0,0,8,0,0,1,0,0,0,0,5,0,5,0,1,2,0,0
2020-01-02 16:55:00,1214,759,926,386,313,388,1256,312,105,3008,209,530,241,261,0,0,28,0,0,0,0,4,2,1,0,14,12,1,3,9,1,0,5,0,0,0,1,0,0,0,5,0,3,1,2,0,0,0
2020-01-02 17:00:00,1197,761,909,393,310,390,1228,315,105,2960,209,527,245,267,0,0,21,1,0,0,0,9,2,0,0,15,13,1,14,14,9,0,2,0,0,8,9,13,0,1,24,1,4,6,10,7,0,0
2020-01-02 17:05:00,1131,784,847,400,302,384,1166,315,114,2790,207,509,246,277,0,0,12,5,0,0,2,35,1,0,0,21,12,7,56,35,23,0,0,2,0,39,40,61,5,6,87,5,5,24,20,25,0,0
2020-01-02 17:10:00,1092,793,804,398,321,371,1108,310,149,2624,215,482,240,284,0,0,11,9,0,0,3,66,3,0,0,30,16,13,79,59,47,2,4,7,0,51,49,63,4,7,145,8,3,49,29,52,0,0
2020-01-02 17:15:00,1080,797,799,402,390,377,1148,308,180,2549,227,473,240,297,0,0,13,9,0,0,4,83,3,2,0,30,12,18,48,59,54,2,6,7,0,51,24,25,3,11,141,6,8,41,15,58,0,0
2020-01-02 17:20:00,1051,770,814,403,458,397,1179,312,196,2506,258,469,246,309,0,0,24,8,0,0,5,88,0,8,0,32,11,12,17,55,49,2,4,2,0,47,7,13,2,32,109,2,19,16,18,50,0,0
2020-01-02 17:25:00,1027,756,820,407,462,444,1178,314,205,2469,309,476,251,316,0,0,34,4,0,0,4,78,0,13,1,37,11,5,4,67,35,2,7,0,0,36,1,3,1,40,80,7,36,5,13,42,0,0
2020-01-02 17:30:00,1006,745,828,417,450,497,1161,316,202,2445,351,488,252,325,0,0,51,0,0,0,3,57,0,14,2,37,16,0,5,78,11,0,26,0,0,24,0,2,1,35,54,14,47,0,12,28,0,0
2020-01-02 17:35:00,996,732,838,428,433,520,1143,321,198,2439,362,512,257,340,0,0,68,0,0,0,2,47,2,12,1,34,19,0,7,79,3,0,52,0,0,12,0,0,0,25,38,11,45,0,3,21,0,0
2020-01-02 17:40:00,990,717,850,445,417,522,1131,342,188,2434,358,535,262,347,0,0,89,0,0,0,1,38,4,15,0,34,25,0,5,69,0,0,63,0,0,6,0,4,0,9,28,6,48,0,3,15,0,0
2020-01-02 17:45:00,990,707,860,460,412,501,1121,373,187,2423,347,557,268,357,0,0,113,0,0,0,0,25,4,19,0,33,30,0,3,55,0,0,61,0,0,4,0,2,0,3,27,4,43,0,1,10,0,0
2020-01-02 17:50:00,991,703,861,489,410,497,1110,405,183,2414,328,583,276,366,0,0,119,0,0,0,0,16,4,19,0,34,34,0,1,45,0,0,45,0,0,1,0,0,1,1,27,2,29,0,1,5,0,0
2020-01-02 17:55:00,986,703,857,518,417,497,1102,434,181,2397,315,598,286,382,0,0,108,0,0,0,0,10,5,12,0,33,34,1,2,31,0,0,27,0,0,2,3,2,1,0,22,1,21,2,3,7,0,0
2020-01-02 18:00:00,936,711,817,555,413,493,1046,450,182,2278,310,597,292,401,0,0,82,1,0,0,0,24,8,3,0,35,36,6,30,40,14,0,18,0,0,27,25,41,0,2,57,4,20,15,15,16,0,0
2020-01-02 18:05:00,810,756,680,582,390,468,889,453,210,1897,318,562,291,419,0,0,52,5,0,0,2,68,12,1,0,63,42,19,114,103,50,1,14,8,0,86,81,127,6,15,202,11,24,57,54,58,0,0
2020-01-02 18:10:00,725,802,569,600,420,446,764,452,290,1482,325,521,287,444,0,0,34,11,0,0,8,122,11,0,0,91,40,33,171,169,101,3,15,16,1,113,99,140,11,18,363,16,22,96,60,109,0,0
2020-01-02 18:15:00,665,767,553,609,519,452,809,454,357,1254,360,504,294,489,0,0,36,12,0,0,13,164,6,4,1,89,35,34,130,171,130,4,14,13,1,126,58,113,5,29,424,13,22,82,32,153,0,0
2020-01-02 18:20:00,627,709,580,612,554,492,861,459,408,1092,430,499,307,525,0,0,45,13,0,0,19,191,4,18,3,84,28,26,73,168,129,6,12,8,0,122,30,52,5,52,484,13,40,44,36,140,0,0
2020-01-02 18:25:00,562,667,585,620,490,578,842,465,435,984,531,506,313,544,0,0,69,9,0,0,21,183,4,36,4,91,41,14,44,195,99,5,20,3,0,106,11,23,5,64,572,15,55,20,33,136,0,0
2020-01-02 18:30:00,505,632,595,642,493,681,867,471,446,926,625,532,321,565,0,0,104,3,0,0,16,161,3,45,3,98,52,8,24,203,48,4,44,0,0,79,1,11,1,45,576,17,37,7,25,84,0,0
2020-01-02 18:35:00,469,593,624,675,603,711,830,485,441,890,682,560,332,588,0,0,153,2,0,0,12,140,4,50,1,97,61,3,15,209,19,3,78,0,0,47,0,2,3,41,465,15,19,1,18,59,0,0
2020-01-02 18:40:00,447,564,623,708,584,714,788,515,417,870,721,569,354,613,0,0,216,0,0,0,6,108,9,53,0,95,65,0,13,222,6,2,96,0,0,24,0,4,2,56,425,11,48,0,14,38,0,0
2020-01-02 18:45:00,440,551,632,763,584,740,749,563,397,851,719,579,373,640,0,0,262,0,0,0,3,78,8,49,0,97,63,0,10,216,0,2,90,0,0,11,0,3,3,54,372,7,64,0,5,22,0,0
2020-01-02 18:50:00,438,533,666,828,650,756,718,611,387,839,699,617,393,679,0,0,284,0,0,0,3,50,7,38,0,91,63,0,4,170,0,1,86,0,0,5,0,1,1,38,258,2,61,0,5,18,0,0
2020-01-02 18:55:00,433,530,671,908,711,759,698,653,380,818,668,642,419,716,0,0,280,0,0,0,2,32,11,29,0,78,71,0,0,131,0,1,85,0,0,5,1,2,0,40,129,2,83,1,3,8,0,0
2020-01-02 19:00:00,415,533,683,953,696,773,659,696,386,761,634,669,436,758,0,0,280,2,0,0,2,30,11,19,0,71,82,0,4,81,2,1,73,1,0,11,9,18,2,19,71,1,130,9,7,12,0,0
2020-01-02 19:05:00,351,548,631,1002,643,764,583,735,396,603,620,702,451,793,0,0,257,5,0,0,1,43,9,12,0,89,87,5,29,74,17,3,62,3,0,42,40,51,2,17,118,2,142,23,21,24,0,0
2020-01-02 19:10:00,326,563,571,1041,655,751,527,765,435,444,616,762,479,833,0,0,230,7,0,0,0,58,7,7,0,82,82,11,57,90,33,3,54,4,0,39,37,54,7,8,156,3,97,37,20,49,0,0
2020-01-02 19:15:00,298,540,557,1145,703,744,540,793,454,363,625,812,505,890,0,0,137,10,0,0,2,66,6,1,0,54,70,13,49,76,44,5,40,4,0,57,25,27,2,12,146,3,67,32,18,65,0,0
2020-01-02 19:20:00,266,525,561,1196,761,753,577,815,481,305,650,843,528,913,0,0,88,8,0,0,5,72,11,9,0,51,55,10,28,66,46,5,26,4,0,49,10,14,1,32,111,5,47,16,8,49,0,0
2020-01-02 19:25:00,239,502,557,1230,761,805,573,830,493,256,690,870,556,934,0,0,62,6,0,0,6,66,11,15,1,51,35,5,17,81,35,3,17,3,0,37,4,7,1,50,91,5,36,9,7,43,0,0
2020-01-02 19:30:00,221,487,564,1255,758,862,560,840,492,229,720,886,571,958,0,0,62,4,0,0,8,59,5,15,2,43,28,4,10,90,20,3,26,1,0,22,3,4,1,36,60,5,41,4,10,31,0,0
2020-01-02 19:35:00,210,473,584,1281,751,883,547,847,482,216,729,905,581,979,0,0,67,1,0,0,8,52,5,16,1,34,27,2,7,83,9,1,54,0,0,15,0,2,1,23,37,6,47,1,8,25,0,0
2020-01-02 19:40:00,203,465,594,1293,735,884,535,866,474,206,736,927,590,988,0,0,88,1,0,0,6,40,9,18,0,39,30,1,5,73,5,0,62,0,0,9,0,0,0,15,30,6,45,0,5,17,0,0
2020-01-02 19:45:00,198,456,601,1309,726,875,521,901,475,201,731,952,599,1000,0,0,109,0,0,0,7,24,9,18,0,43,33,0,2,64,1,0,51,0,0,5,0,0,1,8,24,5,36,0,4,11,0,0
2020-01-02 19:50:00,197,450,604,1335,727,870,511,928,473,195,720,972,608,1023,0,0,121,0,0,0,5,12,6,13,0,36,40,0,0,51,0,0,37,0,0,1,0,0,1,1,23,2,28,0,3,7,0,0
2020-01-02 19:55:00,197,448,609,1368,732,868,504,952,473,189,701,988,620,1042,0,0,114,0,0,0,3,9,5,10,0,31,37,0,0,33,0,0,21,0,0,0,0,1,0,0,20,0,19,0,2,4,0,0
2020-01-02 20:00:00,193,454,603,1403,737,866,492,965,472,167,693,999,632,1055,0,0,93,0,0,0,3,5,3,10,0,27,40,0,1,26,1,0,13,0,0,4,1,3,0,0,19,0,14,1,2,3,0,0
2020-01-02 20:05:00,180,454,584,1438,733,861,468,973,476,128,682,1002,648,1071,0,0,70,0,0,0,2,13,3,7,0,24,35,0,8,29,4,0,10,0,1,11,5,13,1,4,30,0,15,5,5,7,0,0
2020-01-02 20:10:00,177,460,577,1469,736,863,459,978,487,88,675,1006,657,1083,0,0,43,0,0,0,3,18,7,2,0,22,32,0,13,23,9,0,10,0,0,9,8,13,0,3,34,0,15,7,3,11,0,0
2020-01-02 20:15:00,170,454,578,1488,749,860,459,983,489,68,682,1012,671,1097,0,0,27,0,0,0,4,21,8,1,0,16,22,1,8,17,14,0,8,0,0,15,5,6,0,4,28,0,13,5,4,13,0,0
2020-01-02 20:20:00,160,453,574,1495,753,864,461,988,496,50,687,1018,682,1109,0,0,20,1,0,0,4,24,5,3,0,13,15,1,4,20,14,0,4,0,0,13,3,3,0,10,23,0,10,3,3,14,0,0
2020-01-02 20:25:00,151,440,572,1502,753,878,461,991,498,42,699,1023,688,1115,0,0,15,1,0,0,3,17,5,5,1,9,15,1,4,21,13,0,4,0,0,9,3,5,0,7,17,1,11,2,5,13,0,0
2020-01-02 20:30:00,148,441,577,1506,752,887,461,992,498,36,709,1027,693,1121,0,0,16,1,0,0,2,14,5,5,1,9,10,0,3,21,9,0,6,0,0,6,2,1,0,9,12,2,9,1,2,6,0,0
2020-01-02 20:35:00,144,435,580,1512,748,904,456,995,493,32,714,1034,697,1124,0,0,15,1,0,0,1,9,3,5,0,7,11,0,3,21,4,0,8,0,0,4,1,1,0,8,12,1,6,0,4,7,0,0
2020-01-02 20:40:00,142,435,583,1517,745,907,453,998,491,29,713,1036,703,1131,0,0,22,0,0,0,0,7,1,4,0,5,9,0,2,20,3,0,13,0,0,3,0,0,0,2,12,0,10,0,0,4,0,0
2020-01-02 20:45:00,141,431,585,1523,748,901,450,1003,490,27,712,1040,703,1131,0,0,26,0,0,0,0,5,1,3,0,6,15,0,0,17,1,0,17,0,0,1,0,0,0,2,9,0,8,0,2,2,0,0
2020-01-02 20:50:00,140,429,588,1528,749,901,445,1011,488,24,715,1046,708,1132,0,0,25,0,0,0,0,2,2,5,0,6,13,0,0,13,0,0,11,0,0,1,0,0,0,1,9,0,5,0,1,2,0,0
2020-01-02 20:55:00,140,428,588,1533,749,902,443,1020,488,23,710,1048,712,1135,0,0,25,0,0,0,0,2,1,3,0,8,12,0,0,9,0,0,5,0,0,0,0,0,0,1,7,0,6,0,1,1,0,0
2020-01-02 21:00:00,140,428,587,1546,752,900,442,1022,486,21,709,1051,718,1140,0,0,20,0,0,0,0,0,0,0,0,8,9,0,0,5,0,0,6,0,0,0,0,1,0,0,3,0,5,0,0,1,0,0
2020-01-02 21:05:00,141,426,585,1554,751,900,441,1025,486,20,707,1054,721,1144,0,0,13,0,0,0,0,0,0,0,0,5,10,0,0,4,0,0,4,0,0,0,0,0,0,0,3,0,5,0,0,1,0,0
2020-01-02 21:10:00,141,425,583,1558,749,900,441,1028,486,19,705,1056,724,1148,0,0,10,0,0,0,0,0,0,0,0,4,8,0,0,3,0,0,2,0,0,0,0,0,0,0,3,0,6,0,0,1,0,0
2020-01-02 21:15:00,141,425,583,1560,750,899,441,1029,486,18,705,1059,727,1149,0,0,7,0,0,0,0,0,1,0,0,4,6,0,0,2,0,0,2,0,0,0,0,0,0,0,2,0,4,0,0,0,0,0
2020-01-02 21:20:00,141,425,584,1565,750,899,440,1030,486,18,705,1062,731,1152,0,0,2,0,0,0,0,0,1,0,0,1,2,0,0,2,0,0,1,0,0,0,0,0,0,0,1,0,2,0,0,0,0,0
2020-01-02 21:25:00,141,425,584,1565,750,899,440,1031,486,18,705,1063,732,1154,0,0,1,0,0,0,0,0,1,0,0,1,1,0,0,1,0,0,0,0,0,0,0,0,0,0,0,0,2,0,0,0,0,0
2020-01-02 21:30:00,141,425,584,1566,750,899,440,1031,486,18,705,1064,733,1154,0,0,0,0,0,0,0,0,1,0,0,1,1,0,0,0,0,0,0,0,0,0,0,0,0,0,0,0,1,0,0,0,0,0
2020-01-02 21:35:00,141,425,583,1566,750,899,440,1031,486,18,705,1065,733,1156,0,0,0,0,0,0,0,0,0,0,0,1,1,0,0,0,0,0,0,0,0,0,0,0,0,0,0,0,0,0,0,0,0,0
2020-01-02 21:40:00,141,425,583,1566,750,899,440,1031,486,18,705,1065,733,1156,0,0,0,0,0,0,0,0,0,0,0,1,1,0,0,0,0,0,0,0,0,0,0,0,0,0,0,0,0,0,0,0,0,0
2020-01-02 21:45:00,141,425,583,1566,750,899,440,1031,486,18,705,1065,734,1157,0,0,0,0,0,0,0,0,0,0,0,0,0,0,0,0,0,0,0,0,0,0,0,0,0,0,0,0,0,0,0,0,0,0
2020-01-02 21:50:00,141,425,583,1566,750,899,440,1031,486,18,705,1065,734,1157,0,0,0,0,0,0,0,0,0,0,0,0,0,0,0,0,0,0,0,0,0,0,0,0,0,0,0,0,0,0,0,0,0,0
2020-01-02 21:55:00,141,425,583,1566,750,899,440,1031,486,18,705,1065,734,1157,0,0,0,0,0,0,0,0,0,0,0,0,0,0,0,0,0,0,0,0,0,0,0,0,0,0,0,0,0,0,0,0,0,0
2020-01-02 22:00:00,141,425,583,1566,750,899,440,1031,486,18,705,1065,734,1157,0,0,0,0,0,0,0,0,0,0,0,0,0,0,0,0,0,0,0,0,0,0,0,0,0,0,0,0,0,0,0,0,0,0
2020-01-02 22:05:00,141,425,583,1566,750,899,440,1031,486,18,705,1065,734,1157,0,0,0,0,0,0,0,0,0,0,0,0,0,0,0,0,0,0,0,0,0,0,0,0,0,0,0,0,0,0,0,0,0,0
2020-01-02 22:10:00,141,425,583,1566,750,899,440,1031,486,18,705,1065,734,1157,0,0,0,0,0,0,0,0,0,0,0,0,0,0,0,0,0,0,0,0,0,0,0,0,0,0,0,0,0,0,0,0,0,0
2020-01-02 22:15:00,141,425,583,1566,750,899,440,1031,486,18,705,1065,734,1157,0,0,0,0,0,0,0,0,0,0,0,0,0,0,0,0,0,0,0,0,0,0,0,0,0,0,0,0,0,0,0,0,0,0
2020-01-02 22:20:00,141,425,583,1566,750,899,440,1031,486,18,705,1065,734,1157,0,0,0,0,0,0,0,0,0,0,0,0,0,0,0,0,0,0,0,0,0,0,0,0,0,0,0,0,0,0,0,0,0,0
2020-01-02 22:25:00,141,425,583,1566,750,899,440,1031,486,18,705,1065,734,1157,0,0,0,0,0,0,0,0,0,0,0,0,0,0,0,0,0,0,0,0,0,0,0,0,0,0,0,0,0,0,0,0,0,0
2020-01-02 22:30:00,141,425,583,1566,750,899,440,1031,486,18,705,1065,734,1157,0,0,0,0,0,0,0,0,0,0,0,0,0,0,0,0,0,0,0,0,0,0,0,0,0,0,0,0,0,0,0,0,0,0
2020-01-02 22:35:00,141,425,583,1566,750,899,440,1031,486,18,705,1065,734,1157,0,0,0,0,0,0,0,0,0,0,0,0,0,0,0,0,0,0,0,0,0,0,0,0,0,0,0,0,0,0,0,0,0,0
2020-01-02 22:40:00,141,425,583,1566,750,899,440,1031,486,18,705,1065,734,1157,0,0,0,0,0,0,0,0,0,0,0,0,0,0,0,0,0,0,0,0,0,0,0,0,0,0,0,0,0,0,0,0,0,0
