,Bishan,CBD,Tiong Bahru,Paya Lebar,Tampines,CCK,Woodlands,Punggol,Buona,Tuas,Town,Jurong,Serangoon,Toa Payoh,Bishan->Serangoon,Serangoon->Bishan,Bishan->Woodlands,Woodlands->Bishan,Bishan->Toa Payoh,Toa Payoh->Bishan,Bishan->Buona,Buona->Bishan,Woodlands->CCK,CCK->Woodlands,CCK->Jurong,Jurong->CCK,Jurong->Tuas,Tuas->Jurong,Jurong->Buona,Buona->Jurong,Tiong Bahru->Serangoon,Serangoon->Tiong Bahru,Serangoon->Punggol,Punggol->Serangoon,Toa Payoh->Town,Town->Toa Payoh,Town->CBD,CBD->Town,Serangoon->Paya Lebar,Paya Lebar->Serangoon,CBD->Paya Lebar,Paya Lebar->CBD,Paya Lebar->Tampines,Tampines->Paya Lebar,Buona->Tiong Bahru,Tiong Bahru->Buona
2020-01-01 05:05:00,672,8,391,733,1068,1099,1549,1088,454,696,132,609,1031,470,0,0,0,0,0,0,0,0,0,0,0,0,0,0,0,0,0,0,0,0,0,0,0,0,0,0,0,0,0,0,0,0
2020-01-01 05:10:00,672,8,391,733,1068,1099,1549,1088,454,696,132,609,1031,470,0,0,0,0,0,0,0,0,0,0,0,0,0,0,0,0,0,0,0,0,0,0,0,0,0,0,0,0,0,0,0,0
2020-01-01 05:15:00,672,8,391,733,1068,1099,1549,1088,454,696,132,609,1031,470,0,0,0,0,0,0,0,0,0,0,0,0,0,0,0,0,0,0,0,0,0,0,0,0,0,0,0,0,0,0,0,0
2020-01-01 05:20:00,672,8,391,733,1068,1099,1549,1088,454,696,132,609,1031,470,0,0,0,0,0,0,0,0,0,0,0,0,0,0,0,0,0,0,0,0,0,0,0,0,0,0,0,0,0,0,0,0
2020-01-01 05:25:00,672,8,391,733,1068,1099,1549,1088,454,696,132,609,1031,470,0,0,0,0,0,0,0,0,0,0,0,0,0,0,0,0,0,0,0,0,0,0,0,0,0,0,0,0,0,0,0,0
2020-01-01 05:30:00,672,8,391,733,1068,1099,1549,1088,454,696,132,609,1031,470,0,0,0,0,0,0,0,0,0,0,0,0,0,0,0,0,0,0,0,0,0,0,0,0,0,0,0,0,0,0,0,0
2020-01-01 05:35:00,672,8,391,733,1068,1099,1549,1088,454,696,132,609,1031,470,0,0,0,0,0,0,0,0,0,0,0,0,0,0,0,0,0,0,0,0,0,0,0,0,0,0,0,0,0,0,0,0
2020-01-01 05:40:00,672,8,391,733,1064,1099,1549,1088,454,691,132,609,1031,470,0,0,0,0,0,0,0,0,0,0,0,0,0,5,0,0,0,0,0,0,0,0,0,0,0,0,0,0,0,4,0,0
2020-01-01 05:45:00,672,8,391,733,1064,1099,1549,1088,454,691,132,609,1031,470,0,0,0,0,0,0,0,0,0,0,0,0,0,5,0,0,0,0,0,0,0,0,0,0,0,0,0,0,0,4,0,0
2020-01-01 05:50:00,672,8,391,737,1064,1099,1549,1084,454,686,132,609,1031,470,0,0,0,0,0,0,0,0,0,0,0,0,0,10,0,0,0,0,0,4,0,0,0,0,0,0,0,0,0,0,0,0
2020-01-01 05:55:00,672,8,391,732,1060,1099,1549,1084,454,680,132,614,1031,470,0,0,0,0,0,0,0,0,0,0,0,0,0,11,0,0,0,0,0,4,0,0,0,0,0,5,0,0,0,4,0,0
2020-01-01 06:00:00,672,8,391,731,1053,1094,1549,1084,454,680,132,610,1040,470,0,0,0,0,0,0,0,0,0,5,0,0,0,11,4,0,0,0,0,0,0,0,0,0,0,1,0,0,0,11,0,0
2020-01-01 06:05:00,682,7,391,734,1053,1094,1549,1081,454,668,132,614,1034,467,0,0,0,0,0,0,0,0,0,5,0,0,0,18,5,0,0,0,0,3,0,0,0,1,0,1,0,0,0,7,0,0
2020-01-01 06:10:00,680,7,391,736,1049,1083,1554,1068,458,659,133,615,1032,467,0,0,0,0,0,0,5,0,0,11,0,0,0,21,6,0,0,0,0,16,0,0,0,0,0,5,0,0,0,4,0,0
2020-01-01 06:15:00,678,6,390,728,1025,1071,1544,1068,453,659,132,604,1038,467,0,0,0,10,0,0,9,6,0,23,0,0,0,21,16,0,1,0,0,13,0,1,0,1,0,8,0,0,0,28,0,0
2020-01-01 06:20:00,684,5,390,730,1025,1070,1549,1063,456,644,133,614,1051,467,0,0,0,11,0,0,12,8,5,13,0,0,0,24,13,0,1,0,0,5,0,0,0,1,0,2,0,0,0,24,0,0
2020-01-01 06:25:00,706,4,387,750,1018,1047,1535,1039,458,637,132,611,1031,461,0,0,0,28,0,0,18,14,14,24,0,0,0,22,14,3,2,0,0,29,0,2,0,1,0,4,0,0,0,7,0,2
2020-01-01 06:30:00,689,4,377,726,993,1036,1505,1033,459,637,125,598,1033,463,0,0,15,59,0,0,22,22,9,35,4,0,0,22,25,3,9,0,0,30,0,4,4,0,0,24,0,0,0,32,0,3
2020-01-01 06:35:00,711,7,371,724,990,1034,1518,1031,470,617,122,612,1073,458,0,0,23,55,0,0,22,21,4,14,13,0,0,27,17,3,14,0,0,8,0,3,0,1,0,9,0,0,0,28,0,0
2020-01-01 06:40:00,735,5,366,740,989,1009,1484,1002,460,610,121,600,1061,452,0,0,28,92,0,0,29,35,12,17,19,6,0,27,21,13,16,0,0,31,0,2,0,0,0,9,2,0,0,4,0,3
2020-01-01 06:45:00,717,4,353,709,954,988,1447,988,456,610,114,594,1045,447,0,0,58,131,0,0,34,42,8,30,20,8,0,27,33,14,27,4,0,43,0,5,2,0,14,34,3,0,0,36,0,1
2020-01-01 06:50:00,726,5,350,710,950,992,1461,982,468,591,112,619,1106,444,0,0,58,122,0,0,34,40,8,16,19,3,9,26,21,13,23,7,0,20,0,2,0,0,6,16,2,0,0,39,0,0
2020-01-01 06:55:00,742,4,349,732,945,960,1418,940,453,588,112,599,1093,433,0,8,64,159,0,0,40,56,37,24,20,19,14,22,23,23,17,8,13,48,0,0,0,0,5,8,2,1,11,9,0,1
2020-01-01 07:00:00,736,3,331,694,926,952,1371,929,437,588,106,589,1057,426,0,0,102,199,0,0,45,59,37,35,16,23,19,22,36,21,27,15,25,53,0,5,1,0,17,40,2,2,18,24,6,6
2020-01-01 07:05:00,725,4,331,694,935,985,1381,934,453,579,105,607,1106,428,0,0,122,199,0,0,51,55,18,14,17,6,25,21,28,16,25,13,24,32,1,1,0,1,10,16,1,1,14,21,1,0
2020-01-01 07:10:00,728,4,332,698,937,955,1338,923,441,584,106,581,1059,423,0,9,142,230,0,0,49,71,29,30,27,19,28,18,25,30,23,11,46,42,1,1,0,0,9,15,1,0,24,7,2,2
2020-01-01 07:15:00,710,3,330,672,931,952,1324,918,433,589,102,579,1029,420,0,0,170,249,0,0,55,78,22,35,22,23,30,18,26,33,26,12,45,48,1,3,2,1,29,27,1,2,25,18,5,2
2020-01-01 07:20:00,695,5,341,690,948,978,1350,937,439,588,101,609,1059,421,0,0,196,242,0,0,49,86,6,8,17,9,30,16,16,22,14,7,28,29,0,3,0,0,17,9,0,3,15,13,3,1
2020-01-01 07:25:00,695,6,346,698,951,959,1327,942,432,596,100,588,1040,426,0,0,204,256,0,0,51,84,26,19,19,24,35,16,12,25,4,9,38,23,0,1,0,0,11,9,1,1,20,5,1,0
2020-01-01 07:30:00,682,5,345,683,949,957,1312,945,436,601,96,582,1002,425,0,0,225,268,0,0,44,79,29,26,10,30,40,18,11,22,4,11,41,21,1,1,3,1,33,14,2,3,22,14,5,2
2020-01-01 07:35:00,671,7,352,708,955,996,1329,967,436,579,97,604,1003,432,0,0,238,269,0,0,42,63,9,12,1,11,40,39,6,19,1,14,27,13,1,1,0,1,13,4,1,3,19,16,1,0
2020-01-01 07:40:00,655,8,355,707,958,976,1327,972,440,517,97,586,996,435,0,0,248,269,0,0,28,56,13,27,13,13,36,114,7,25,1,16,34,11,3,2,0,1,5,8,1,0,26,13,1,0
2020-01-01 07:45:00,660,5,358,702,964,972,1346,980,433,452,100,584,987,437,0,0,239,263,0,0,27,41,10,30,14,17,31,191,7,22,1,13,32,11,0,1,0,2,18,8,2,0,25,10,3,2
2020-01-01 07:50:00,660,4,364,712,966,982,1363,998,441,393,102,599,993,439,0,0,244,263,0,0,21,23,6,18,2,7,27,258,7,15,0,10,17,8,2,0,0,0,12,8,2,1,15,18,0,0
2020-01-01 07:55:00,659,3,369,716,937,933,1368,1008,452,354,104,575,999,436,0,0,245,263,0,0,6,12,8,65,1,2,17,311,35,11,0,6,19,4,1,0,0,1,6,8,1,1,11,52,1,0
2020-01-01 08:00:00,670,4,374,725,908,838,1378,1002,452,329,105,502,998,435,0,0,245,259,0,0,7,4,2,157,0,0,13,343,107,11,0,2,22,13,0,1,0,0,4,5,0,0,12,73,0,0
2020-01-01 08:05:00,672,4,373,718,887,712,1356,980,447,323,103,425,990,436,0,0,245,272,0,0,14,8,0,285,0,0,8,355,188,8,2,1,16,47,0,2,0,0,6,13,0,0,12,92,0,0
2020-01-01 08:10:00,685,4,357,706,828,607,1265,948,452,323,99,368,1004,438,0,0,231,350,0,0,26,31,3,390,0,0,4,359,221,4,18,1,13,76,0,4,0,0,4,40,0,0,7,134,0,0
2020-01-01 08:15:00,694,4,305,683,749,534,1051,931,376,320,91,335,1034,440,0,0,231,539,0,0,39,106,30,452,1,0,1,344,277,3,71,0,11,88,0,8,0,0,2,36,0,0,3,211,0,0
2020-01-01 08:20:00,725,4,254,649,692,487,820,843,315,301,82,311,1005,434,0,17,220,733,0,0,61,170,82,489,7,0,0,356,311,1,120,0,9,160,0,8,1,0,1,57,0,0,3,270,0,2
2020-01-01 08:25:00,749,4,213,608,623,461,599,689,273,278,76,295,959,422,0,45,212,866,0,0,113,219,140,504,32,0,0,376,332,4,160,0,8,318,1,5,1,0,2,67,1,0,4,340,0,1
2020-01-01 08:30:00,750,3,187,543,536,427,480,533,220,248,66,284,929,390,0,51,193,967,0,0,182,265,172,492,69,1,0,406,348,12,184,1,7,479,0,11,0,1,6,122,2,2,2,429,0,0
2020-01-01 08:35:00,708,2,177,540,428,358,354,413,215,221,64,294,864,363,0,73,193,1046,0,7,242,283,219,494,111,4,0,433,356,16,193,10,6,599,2,2,1,0,50,138,2,10,1,507,0,1
2020-01-01 08:40:00,608,5,157,519,328,302,295,343,196,197,65,272,704,352,0,98,175,1086,9,0,337,301,259,494,167,5,1,457,377,17,200,53,5,672,24,1,0,0,103,155,1,40,3,604,0,13
2020-01-01 08:45:00,479,11,134,424,247,277,239,300,189,180,86,239,531,313,0,110,174,1109,38,0,438,304,276,496,209,4,8,474,409,20,203,96,7,717,68,0,3,1,217,144,1,110,9,686,0,20
2020-01-01 08:50:00,372,9,126,329,207,240,229,272,177,164,76,215,435,267,0,121,156,1115,38,0,525,307,296,499,249,3,17,485,436,37,190,128,9,748,145,0,19,5,287,120,1,195,11,728,4,8
2020-01-01 08:55:00,293,57,111,246,191,206,214,261,176,151,79,204,364,230,0,124,148,1122,37,0,592,308,314,502,264,2,23,499,439,56,188,163,9,731,210,0,20,2,339,100,1,238,11,749,7,19
2020-01-01 09:00:00,242,60,101,210,178,178,251,254,171,150,56,203,299,203,0,130,118,1127,32,0,636,325,322,487,288,1,24,497,448,49,188,182,8,737,287,0,25,15,376,72,3,285,15,742,8,17
2020-01-01 09:05:00,228,77,100,199,175,200,261,251,151,155,100,189,258,181,0,125,87,1135,21,0,665,344,300,486,296,1,18,500,471,52,188,196,6,744,309,0,13,8,369,51,2,309,10,752,8,9
2020-01-01 09:10:00,219,86,112,177,178,174,277,252,164,160,80,204,240,170,0,106,52,1131,3,0,677,353,315,489,309,1,16,502,471,40,178,205,6,747,368,0,28,4,365,36,0,336,5,757,2,5
2020-01-01 09:15:00,216,113,111,156,177,164,298,252,145,167,92,220,222,149,0,84,16,1136,0,0,703,350,326,490,309,0,10,503,483,32,175,216,6,749,401,0,14,1,369,15,0,360,6,760,1,3
2020-01-01 09:20:00,213,126,110,173,179,175,295,255,152,169,86,225,218,132,0,57,17,1137,0,0,731,344,317,485,315,0,9,495,479,28,156,222,5,750,437,0,17,1,342,2,0,375,6,761,2,2
2020-01-01 09:25:00,200,153,111,153,181,180,322,257,168,174,86,298,192,112,0,24,15,1141,0,0,770,354,301,456,301,0,5,457,462,10,154,226,5,750,462,0,14,0,346,1,0,385,10,762,1,1
2020-01-01 09:30:00,196,162,135,175,184,198,312,260,150,176,109,274,193,95,0,0,8,1141,0,0,812,374,268,456,311,0,7,454,496,3,135,203,4,750,452,0,14,5,317,0,0,401,8,762,0,0
2020-01-01 09:35:00,147,175,149,170,191,180,319,262,175,178,90,285,216,88,0,0,6,1148,0,0,845,385,262,445,299,0,11,454,481,1,113,190,2,736,472,0,24,1,307,0,0,427,4,762,0,0
2020-01-01 09:40:00,131,217,152,179,192,175,351,264,152,179,87,269,213,80,0,0,5,1158,0,0,861,408,253,406,313,0,14,440,508,0,90,187,4,736,478,0,12,1,295,0,0,431,5,754,0,0
2020-01-01 09:45:00,120,251,155,185,195,195,327,264,154,183,111,278,229,71,0,0,4,1183,0,0,878,420,221,406,294,0,13,440,513,0,56,184,7,727,457,0,9,9,276,4,0,422,5,754,0,0
2020-01-01 09:50:00,121,241,155,189,197,190,333,268,170,189,119,262,244,71,0,0,4,1195,0,0,884,433,204,388,305,0,9,440,509,0,10,184,5,727,445,0,19,19,260,2,0,445,10,754,0,0
2020-01-01 09:55:00,150,258,155,217,200,202,335,271,172,193,149,283,214,68,0,0,2,1201,0,0,893,440,173,373,309,0,6,415,505,0,0,186,5,727,424,0,16,7,246,1,0,469,11,724,0,0
2020-01-01 10:00:00,139,284,173,231,207,213,356,273,178,196,140,297,197,81,0,0,0,1216,0,0,896,455,141,339,297,0,4,404,507,0,0,168,6,727,424,0,20,3,216,16,0,480,12,704,0,0
2020-01-01 10:05:00,126,308,198,208,211,219,378,276,175,198,169,293,199,86,0,0,1,1240,0,0,899,479,109,293,314,0,2,383,520,0,0,143,6,727,397,0,11,1,191,17,0,500,19,704,0,0
2020-01-01 10:10:00,120,353,198,207,219,224,390,279,160,199,175,299,209,82,0,0,1,1275,0,0,902,502,75,245,325,0,5,363,540,0,0,145,4,720,385,0,20,1,166,9,0,489,18,696,0,0
2020-01-01 10:15:00,130,382,222,204,230,242,398,282,159,200,178,311,206,73,0,0,1,1313,0,0,907,514,30,195,330,0,5,341,557,0,0,123,3,715,373,0,21,5,150,8,0,494,18,680,0,0
2020-01-01 10:20:00,174,424,252,203,237,248,398,283,162,200,198,339,197,71,0,0,2,1340,0,0,915,502,0,150,326,0,5,307,573,0,0,95,3,715,349,0,15,6,124,12,0,483,12,680,0,0
2020-01-01 10:25:00,168,437,268,219,248,235,401,285,146,204,223,332,207,79,0,0,2,1385,0,0,925,498,0,103,320,0,1,294,612,0,0,80,1,715,318,0,17,6,96,7,0,496,6,666,0,0
2020-01-01 10:30:00,149,458,303,269,249,230,399,286,159,205,254,354,223,85,0,0,3,1431,0,0,934,506,0,59,314,0,0,255,619,0,0,46,0,694,288,0,14,1,54,10,0,507,12,630,0,0
2020-01-01 10:35:00,160,512,338,253,254,228,399,286,149,205,278,344,239,82,0,0,3,1463,0,0,945,515,0,14,305,0,2,241,647,0,0,12,0,665,261,0,16,0,23,22,0,499,10,630,0,0
2020-01-01 10:40:00,156,537,339,218,261,228,371,286,150,205,305,351,231,80,0,0,3,1502,0,0,958,525,0,0,300,0,2,214,661,0,0,14,0,665,227,0,18,2,23,12,0,516,10,630,0,0
2020-01-01 10:45:00,158,581,343,231,264,228,351,286,151,205,336,357,219,74,0,0,2,1523,0,0,975,522,0,0,281,0,2,202,675,0,0,17,1,665,199,0,8,0,6,6,0,509,10,612,1,0
2020-01-01 10:50:00,151,599,349,202,271,228,342,286,160,207,357,347,236,77,0,0,1,1533,0,0,979,519,0,0,271,0,2,193,693,0,0,19,1,632,176,0,8,0,7,11,0,511,15,612,5,0
2020-01-01 10:55:00,156,635,356,221,274,228,336,287,161,207,395,357,216,78,0,0,1,1539,0,0,992,514,0,0,265,0,3,167,698,6,0,19,1,632,141,0,5,2,10,6,0,489,17,581,5,0
2020-01-01 11:00:00,164,651,364,212,286,228,335,287,155,207,412,388,241,78,0,0,0,1540,0,0,1008,499,0,0,249,0,4,126,713,8,0,20,1,592,123,0,10,3,6,13,0,485,9,573,10,0
2020-01-01 11:05:00,174,671,381,204,291,228,333,288,173,209,437,421,227,84,0,0,0,1535,0,0,1023,486,0,0,227,1,2,80,723,4,0,17,0,586,101,0,7,0,13,13,0,483,7,563,8,0
2020-01-01 11:10:00,153,678,396,210,295,228,333,288,153,210,463,438,262,88,0,0,0,1535,0,0,1037,487,0,0,206,1,4,30,776,2,0,13,0,542,81,0,4,0,12,11,0,488,4,553,19,0
2020-01-01 11:15:00,150,709,417,232,298,229,333,288,152,211,498,442,258,81,0,0,0,1535,0,0,1050,481,0,0,183,1,8,0,812,1,0,22,2,517,50,0,8,0,18,7,0,474,1,523,9,0
2020-01-01 11:20:00,164,731,430,259,299,228,333,288,164,211,503,421,258,79,0,0,0,1535,0,0,1063,458,0,1,166,2,11,0,827,1,0,30,4,482,31,0,23,0,17,10,0,479,2,483,7,0
2020-01-01 11:25:00,171,764,441,260,299,229,333,290,170,214,501,438,264,87,0,0,0,1534,0,0,1074,437,0,1,125,1,8,0,838,0,0,35,3,444,17,0,24,0,20,11,0,500,4,455,8,0
2020-01-01 11:30:00,189,788,452,281,301,229,334,292,166,219,497,459,275,92,0,0,0,1515,0,0,1086,422,0,1,77,0,3,0,863,0,0,45,1,401,12,0,21,0,17,5,0,537,4,410,6,0
2020-01-01 11:35:00,180,824,469,290,303,228,334,293,197,222,490,486,289,94,0,0,0,1515,0,0,1084,412,0,2,27,0,1,0,866,0,0,40,1,354,14,0,19,0,22,4,0,568,6,364,2,0
2020-01-01 11:40:00,176,863,483,302,305,228,335,293,213,222,489,491,290,95,0,0,0,1515,0,0,1097,393,0,1,0,0,1,0,862,7,0,38,6,307,15,0,15,0,31,4,0,599,8,315,1,0
2020-01-01 11:45:00,154,892,493,316,309,228,336,294,204,222,493,484,293,99,0,0,0,1515,0,0,1105,395,0,0,0,0,2,0,865,11,0,40,9,257,16,0,11,1,33,4,0,643,5,265,6,0
2020-01-01 11:50:00,181,904,512,317,313,228,336,299,218,223,502,490,290,98,0,0,1,1504,0,0,1110,377,0,0,0,0,1,0,846,6,0,34,8,207,17,0,8,0,37,4,0,702,8,215,4,0
2020-01-01 11:55:00,168,940,521,324,314,228,336,303,223,223,513,492,295,106,0,0,1,1499,0,0,1115,381,0,0,0,0,3,0,834,3,0,32,5,157,17,0,6,0,42,4,0,739,9,165,2,0
2020-01-01 12:00:00,173,967,534,322,321,228,336,307,230,224,522,494,296,103,0,0,1,1499,0,0,1122,368,0,0,0,0,2,0,822,1,0,27,3,107,21,0,8,0,50,3,0,787,4,115,3,0
2020-01-01 12:05:00,165,994,548,328,323,228,336,308,222,224,536,495,296,107,0,0,1,1499,0,0,1128,367,0,0,0,0,2,0,822,0,0,23,6,57,18,0,7,0,47,2,0,832,8,65,6,0
2020-01-01 12:10:00,172,1025,561,327,325,228,337,310,231,226,551,495,300,104,0,0,0,1496,0,0,1133,360,0,0,0,0,0,0,810,0,0,21,5,7,20,0,3,0,50,4,0,875,8,15,1,0
2020-01-01 12:15:00,179,1035,565,302,331,228,337,314,226,226,569,495,266,107,0,0,2,1480,0,0,1136,358,0,0,0,0,0,0,810,0,0,21,1,0,18,0,2,0,50,4,0,928,6,0,4,0
2020-01-01 12:20:00,155,1037,575,271,333,228,337,315,233,226,585,495,252,106,0,0,2,1480,0,0,1140,358,0,0,0,0,0,0,800,0,0,17,2,0,20,0,2,0,44,3,0,974,8,0,2,0
2020-01-01 12:25:00,157,1062,584,264,337,228,337,315,232,226,605,495,245,102,0,0,2,1480,0,0,1141,344,0,0,0,0,0,0,797,0,0,12,2,0,19,0,0,0,23,3,0,981,6,0,1,0
2020-01-01 12:30:00,142,1063,590,260,341,228,337,317,262,226,623,495,243,101,0,0,2,1480,0,0,1136,343,0,0,0,0,0,0,771,0,0,8,2,0,17,0,1,0,3,1,0,1001,6,0,1,0
2020-01-01 12:35:00,149,1079,594,246,343,228,339,317,257,226,637,495,242,94,0,0,0,1480,0,0,1136,335,0,0,0,0,0,0,764,4,0,5,2,0,16,0,3,0,2,0,0,999,8,0,0,0
2020-01-01 12:40:00,145,1100,596,242,347,228,339,319,252,226,652,495,244,92,0,0,0,1480,0,0,1136,333,0,0,0,0,0,0,760,6,0,3,0,0,13,0,1,0,0,0,0,987,4,0,0,0
2020-01-01 12:45:00,146,1101,598,239,351,228,339,319,247,226,660,499,246,87,0,0,0,1480,0,0,1136,326,0,0,0,0,0,0,760,3,0,1,0,0,12,0,5,0,1,0,0,990,0,0,0,0
2020-01-01 12:50:00,145,1123,599,240,351,228,339,319,294,226,667,501,245,88,0,0,0,1480,0,0,1111,318,0,0,0,0,0,0,736,1,0,0,0,0,9,0,5,0,2,0,0,973,0,0,0,0
2020-01-01 12:55:00,139,1128,599,241,351,228,339,319,289,226,669,502,245,86,0,0,0,1480,0,0,1104,323,0,0,0,0,0,0,724,13,0,0,0,0,10,0,7,0,2,0,0,973,1,0,2,0
2020-01-01 13:00:00,152,1174,601,242,351,228,339,319,279,226,672,502,246,81,0,0,0,1480,0,0,1104,309,0,0,0,0,0,0,716,22,0,0,0,0,9,0,7,0,2,0,0,934,2,0,3,0
2020-01-01 13:05:00,149,1183,604,242,352,228,339,319,279,226,673,515,244,89,0,0,0,1480,0,0,1104,300,0,0,0,0,0,0,706,14,0,0,0,0,6,0,8,0,2,0,0,932,3,0,3,0
2020-01-01 13:10:00,165,1208,607,242,353,228,339,319,291,226,671,523,243,91,0,0,0,1475,0,0,1104,279,0,0,0,0,1,0,687,8,0,0,1,0,10,0,8,0,0,0,0,915,4,0,2,0
2020-01-01 13:15:00,166,1215,609,240,355,228,339,319,305,226,675,527,247,95,0,0,0,1475,0,0,1104,264,0,0,0,0,2,0,663,5,0,0,1,0,11,0,6,1,1,0,0,915,4,0,2,0
2020-01-01 13:20:00,167,1238,611,240,357,228,339,320,332,226,679,529,247,99,0,0,0,1475,0,0,1092,250,0,0,0,0,3,0,640,2,0,0,1,0,13,0,8,0,2,0,0,898,3,0,1,0
2020-01-01 13:25:00,179,1246,592,201,316,176,268,243,343,191,676,498,222,89,0,0,6,1523,0,0,1088,237,23,41,11,8,5,36,633,15,11,3,9,77,15,6,10,0,8,35,0,898,7,43,3,9
2020-01-01 13:30:00,179,1267,588,198,307,162,247,225,351,185,679,489,252,91,0,0,13,1539,0,0,1093,218,28,51,15,11,8,43,610,25,14,3,15,96,18,2,10,0,5,8,0,888,8,53,2,4
2020-01-01 13:35:00,195,1277,587,243,312,191,287,229,359,184,684,514,240,99,0,0,17,1524,0,0,1096,198,6,11,5,3,7,45,588,19,15,5,17,100,20,0,13,0,3,1,1,887,4,11,1,2
2020-01-01 13:40:00,204,1294,567,200,267,135,219,176,332,158,682,531,238,88,0,0,28,1574,0,0,1106,191,22,53,15,9,9,38,597,25,30,7,20,137,23,7,15,0,6,46,1,884,5,54,1,6
2020-01-01 13:45:00,189,1314,566,189,253,110,188,166,344,150,687,515,314,89,0,0,40,1604,0,0,1103,171,30,67,24,19,9,43,595,24,22,7,17,126,26,2,16,0,9,20,0,881,5,64,0,2
2020-01-01 13:50:00,189,1357,566,205,252,134,202,173,364,147,696,527,276,83,0,0,43,1615,0,0,1078,168,11,50,13,18,13,44,595,17,19,9,17,129,25,0,17,0,15,25,1,853,8,46,0,0
2020-01-01 13:55:00,185,1372,556,201,222,101,175,125,350,130,699,508,271,63,0,0,59,1652,0,0,1091,168,27,52,22,25,14,61,588,36,28,10,21,161,26,3,18,1,18,39,2,856,9,52,1,2
2020-01-01 14:00:00,183,1401,554,199,218,76,153,109,351,122,708,521,280,55,0,0,74,1672,0,0,1101,181,40,63,29,29,17,39,575,40,17,11,16,168,22,1,17,0,10,43,3,844,10,46,1,1
2020-01-01 14:05:00,163,1431,555,182,215,98,129,108,339,120,718,536,254,44,0,0,96,1690,0,0,1117,197,25,75,16,24,17,43,580,22,16,12,17,180,18,0,12,0,12,40,3,832,17,46,0,1
2020-01-01 14:10:00,149,1457,556,206,218,103,134,108,349,123,722,532,243,36,0,0,107,1699,0,0,1127,208,15,82,18,28,19,43,558,13,16,13,20,181,11,1,13,0,7,28,2,818,16,20,0,1
2020-01-01 14:15:00,140,1473,558,201,226,108,154,117,372,130,725,548,243,33,0,0,132,1707,0,0,1123,222,10,57,21,24,17,21,535,7,6,13,12,181,10,0,8,0,5,25,2,814,11,8,0,1
2020-01-01 14:20:00,133,1492,561,191,231,118,168,124,389,133,729,558,275,37,0,0,145,1723,0,0,1124,240,8,37,15,17,16,4,508,9,2,11,8,144,3,0,6,0,7,17,2,803,9,3,0,0
2020-01-01 14:25:00,144,1500,565,186,235,121,172,127,408,140,726,547,257,35,0,0,161,1739,0,0,1114,266,6,21,10,14,13,2,484,13,0,10,8,136,3,0,6,0,8,10,1,801,9,2,0,0
2020-01-01 14:30:00,136,1522,568,186,239,126,168,131,401,145,727,542,254,38,0,0,179,1750,0,0,1126,295,6,17,5,11,13,2,454,17,0,9,12,113,2,0,2,0,3,5,0,785,10,1,0,0
2020-01-01 14:35:00,139,1529,571,181,244,129,174,135,407,148,726,545,242,43,0,0,191,1755,0,0,1133,309,3,11,1,8,14,1,420,16,0,8,11,98,3,1,2,3,6,3,0,777,11,0,2,0
2020-01-01 14:40:00,131,1530,574,181,249,136,183,143,418,153,730,549,264,49,0,0,197,1759,0,0,1139,324,0,7,0,3,11,0,385,8,0,10,4,53,4,0,2,2,4,4,0,776,8,0,10,0
2020-01-01 14:45:00,144,1535,587,180,255,136,191,146,441,158,734,553,278,48,0,0,203,1760,0,0,1130,325,2,4,0,2,6,0,357,3,0,8,2,8,5,0,2,1,4,0,0,772,7,0,13,0
2020-01-01 14:50:00,149,1548,602,180,257,135,198,147,470,162,737,554,248,49,0,0,208,1760,0,0,1137,321,4,4,0,1,2,0,316,6,0,11,2,0,5,0,3,1,5,0,0,760,9,0,9,0
2020-01-01 14:55:00,146,1549,613,182,262,137,197,148,493,164,739,555,223,52,0,0,222,1760,0,0,1136,315,5,3,0,0,0,0,292,8,0,10,1,0,6,0,4,2,5,0,0,760,7,0,4,0
2020-01-01 15:00:00,134,1573,620,184,266,139,199,149,545,164,744,560,213,51,0,0,234,1760,0,0,1116,307,3,1,0,0,0,0,261,8,0,7,0,0,6,0,3,0,3,0,0,740,6,0,4,0
2020-01-01 15:05:00,120,1582,625,183,269,142,223,149,584,164,745,563,209,54,0,0,216,1760,0,0,1108,305,0,0,0,0,0,0,217,22,0,6,0,0,6,0,5,6,1,0,0,728,7,0,1,0
2020-01-01 15:10:00,110,1589,631,180,272,142,218,149,603,164,751,567,206,52,0,0,220,1760,0,0,1103,305,8,0,0,0,1,0,187,33,0,1,0,0,7,0,6,7,0,0,0,719,8,0,1,0
2020-01-01 15:15:00,110,1600,633,178,276,142,227,149,610,164,760,584,206,49,0,0,212,1760,0,0,1098,297,10,0,0,0,1,0,179,24,0,0,0,0,5,0,5,5,1,0,0,709,6,0,0,0
2020-01-01 15:20:00,105,1617,633,178,280,150,231,149,639,164,764,600,205,51,0,0,206,1760,0,0,1065,295,6,0,0,0,1,0,179,12,0,0,0,0,3,0,6,8,1,0,0,689,3,0,0,0
2020-01-01 15:25:00,117,1629,633,178,282,152,233,149,646,165,771,608,207,48,0,0,202,1760,0,0,1048,279,7,0,0,0,0,0,179,14,0,0,0,0,4,0,4,11,0,0,0,672,2,0,0,0
2020-01-01 15:30:00,120,1651,633,177,283,156,234,149,663,165,781,612,211,49,0,0,198,1760,0,0,1020,266,6,0,0,0,0,0,179,22,0,0,0,0,3,0,5,10,1,0,0,644,2,0,0,0
2020-01-01 15:35:00,118,1682,633,178,284,159,243,149,693,165,791,622,210,55,0,0,187,1760,0,0,1012,257,5,0,0,0,0,0,142,27,0,0,0,0,3,0,3,11,3,0,0,607,1,0,0,0
2020-01-01 15:40:00,125,1710,633,180,285,162,252,149,725,165,802,634,209,58,0,0,175,1760,0,0,999,255,5,0,0,0,0,0,98,22,0,0,0,0,6,0,3,15,3,0,0,567,1,0,2,0
2020-01-01 15:45:00,125,1746,635,181,285,164,273,149,751,165,819,648,212,59,0,0,150,1760,0,0,992,266,7,0,0,0,1,0,48,10,0,0,1,0,8,0,4,17,1,0,0,517,3,0,3,0
2020-01-01 15:50:00,121,1788,638,180,286,167,279,149,793,165,840,655,213,60,0,0,137,1760,0,0,959,290,11,0,0,0,1,0,0,4,0,0,3,0,8,0,4,12,2,0,0,467,4,0,4,0
2020-01-01 15:55:00,115,1833,642,181,288,171,285,150,754,165,854,658,215,59,0,0,124,1760,0,0,949,313,14,0,0,0,1,0,0,13,0,0,3,0,9,0,6,9,1,0,0,417,3,0,8,0
2020-01-01 16:00:00,120,1865,644,180,288,178,293,152,734,166,862,657,211,59,0,0,111,1760,0,0,940,319,12,0,0,1,1,0,0,22,2,0,3,0,8,2,8,15,1,0,9,367,3,2,1,4
2020-01-01 16:05:00,121,1876,637,179,286,185,318,153,739,162,859,657,211,60,0,0,81,1761,0,0,920,312,9,0,0,5,1,4,8,23,8,0,2,0,8,13,13,20,1,0,36,317,4,5,4,2
2020-01-01 16:10:00,115,1906,628,190,286,191,324,155,730,158,860,657,210,73,0,0,65,1762,0,0,913,310,13,0,0,8,1,8,14,29,16,0,1,0,8,17,10,15,1,0,45,267,3,5,1,5
2020-01-01 16:15:00,120,1946,626,213,287,198,352,155,740,159,862,665,210,82,0,0,29,1762,0,0,905,304,17,1,0,6,1,8,8,26,19,0,2,0,8,12,9,10,1,7,27,218,2,3,0,0
2020-01-01 16:20:00,130,1992,626,217,288,210,367,156,743,159,861,679,220,80,0,0,1,1762,0,0,903,297,21,2,0,7,1,4,3,14,17,0,2,0,7,11,8,6,1,8,19,169,6,1,2,0
2020-01-01 16:25:00,130,2043,628,215,289,219,356,157,766,159,856,683,234,79,0,0,0,1762,0,0,879,297,26,2,0,11,3,0,3,5,11,2,4,0,7,10,8,1,0,11,14,121,7,0,2,0
2020-01-01 16:30:00,140,2093,630,214,294,236,355,158,779,160,851,675,249,77,0,0,0,1762,0,0,861,288,15,2,0,14,4,0,4,8,3,4,8,0,5,6,7,1,2,9,7,75,4,0,0,0
2020-01-01 16:35:00,152,2143,630,211,296,254,355,161,800,160,846,671,251,77,0,0,0,1762,0,0,842,272,3,2,0,13,4,0,2,10,0,5,11,0,5,4,7,1,4,2,6,28,9,0,1,0
2020-01-01 16:40:00,147,2174,631,211,298,262,356,166,796,162,845,673,245,79,0,0,0,1762,0,0,843,267,1,3,0,8,3,0,1,10,0,8,10,0,8,1,6,0,3,5,6,1,9,0,0,0
2020-01-01 16:45:00,144,2174,633,212,305,264,357,172,824,164,849,675,248,76,0,0,0,1762,0,0,814,259,0,6,0,4,1,0,1,10,0,7,7,0,9,1,3,6,2,0,4,0,7,0,0,0
2020-01-01 16:50:00,160,2172,635,212,307,265,359,176,843,164,860,682,243,76,0,0,0,1762,0,0,791,232,0,6,0,1,1,0,0,9,0,6,6,0,10,0,4,5,2,1,1,0,9,0,0,0
2020-01-01 16:55:00,166,2172,635,210,312,265,363,179,843,165,869,685,242,82,0,0,0,1762,0,0,780,209,0,3,0,0,0,0,0,16,1,6,4,0,11,1,5,2,1,1,2,0,8,0,0,0
2020-01-01 17:00:00,171,2121,628,205,312,265,364,182,847,164,862,678,240,90,0,0,0,1763,0,0,752,189,0,1,0,4,0,1,9,27,5,4,4,0,14,10,10,27,0,4,31,0,6,4,0,6
2020-01-01 17:05:00,162,1974,588,199,303,265,364,181,797,160,830,642,237,103,0,0,0,1763,0,0,728,200,1,0,0,17,4,5,38,66,30,4,7,2,18,46,27,63,7,4,123,0,6,17,3,16
2020-01-01 17:10:00,160,1829,547,197,290,269,361,180,777,150,779,616,235,130,0,0,0,1765,0,0,700,211,2,0,0,26,9,15,54,99,60,5,6,6,20,58,27,118,4,11,230,1,5,28,5,15
2020-01-01 17:15:00,172,1788,534,233,288,282,358,184,801,146,764,599,244,101,0,0,0,1767,0,0,682,220,2,1,0,24,9,18,32,130,72,4,3,4,16,84,24,124,4,4,250,1,3,21,1,6
2020-01-01 17:20:00,170,1787,535,235,287,291,358,186,784,150,777,602,253,105,0,0,0,1766,0,0,683,237,1,5,1,15,5,14,28,142,68,4,3,0,12,79,8,106,3,16,268,1,6,8,0,1
2020-01-01 17:25:00,177,1779,535,226,289,296,359,187,800,155,793,623,265,118,0,0,0,1766,0,0,662,254,0,10,2,6,0,4,14,135,68,3,5,0,8,67,5,77,1,15,282,1,7,2,3,1
2020-01-01 17:30:00,189,1774,540,220,293,290,363,189,805,155,817,612,300,116,0,0,0,1766,0,0,651,266,0,15,2,13,1,0,7,147,43,5,6,0,6,64,5,34,2,7,290,0,5,0,2,0
2020-01-01 17:35:00,229,1771,542,216,296,287,369,191,805,155,811,630,309,114,0,0,0,1744,0,0,638,278,0,14,1,16,1,0,8,130,23,6,12,1,1,76,5,10,8,4,293,0,4,0,2,0
2020-01-01 17:40:00,225,1772,545,220,298,295,378,194,810,155,787,624,318,114,0,0,0,1744,0,0,627,287,0,8,0,15,4,0,5,135,13,6,17,1,1,95,2,2,2,3,295,0,3,0,0,0
2020-01-01 17:45:00,216,1774,545,237,300,296,383,203,818,156,767,643,324,125,0,0,0,1744,0,0,620,294,0,7,0,14,5,0,4,116,0,12,14,0,3,92,0,0,7,1,276,0,4,0,0,0
2020-01-01 17:50:00,238,1774,549,241,301,303,386,211,834,156,758,649,312,141,0,0,0,1744,0,0,605,277,0,7,0,17,8,0,4,104,0,13,10,0,2,68,0,0,5,1,276,0,5,0,1,0
2020-01-01 17:55:00,252,1768,547,241,303,300,390,216,822,159,749,662,318,141,0,0,0,1742,0,0,613,260,0,10,0,26,7,0,2,95,2,17,7,1,2,52,3,2,1,2,280,0,5,1,0,2
2020-01-01 18:00:00,291,1671,525,263,293,308,390,216,791,156,711,630,316,159,0,0,0,1718,0,0,620,259,1,12,0,33,10,5,29,96,19,20,5,5,1,49,7,47,8,2,306,0,7,13,2,6
2020-01-01 18:05:00,304,1312,447,263,266,316,391,210,655,143,629,512,311,152,0,0,0,1722,0,0,621,286,3,10,0,59,18,21,109,177,73,17,15,13,1,133,32,160,10,24,489,0,12,42,10,32
2020-01-01 18:10:00,296,965,367,265,236,329,387,207,532,130,460,410,325,143,0,0,0,1712,0,0,633,343,7,13,0,68,31,36,185,252,133,17,21,14,4,264,39,322,15,35,681,1,17,64,6,35
2020-01-01 18:15:00,308,748,324,284,220,321,389,217,467,127,370,341,347,138,0,0,0,1686,0,0,651,360,5,17,1,96,33,39,196,332,167,17,18,8,6,335,41,416,11,37,795,3,26,64,2,37
2020-01-01 18:20:00,274,658,305,295,220,333,396,223,436,132,326,322,363,174,0,0,0,1679,0,0,664,385,1,14,1,91,27,29,222,368,185,17,19,5,7,340,21,468,14,44,828,2,30,67,3,12
2020-01-01 18:25:00,278,625,300,293,233,347,404,232,423,147,324,328,364,164,0,0,0,1659,0,0,660,396,1,6,2,78,13,14,236,388,193,26,19,3,6,347,8,478,16,51,846,0,26,63,2,1
2020-01-01 18:30:00,257,607,304,319,245,355,409,241,407,154,319,320,368,161,0,0,0,1656,0,0,661,404,0,9,2,68,7,6,246,406,196,30,23,1,8,350,8,482,8,46,851,0,34,32,0,0
2020-01-01 18:35:00,283,602,308,306,258,386,410,251,413,159,320,327,373,192,0,0,0,1621,0,0,654,410,0,14,1,32,2,0,244,406,197,32,21,0,10,316,5,483,9,46,860,1,43,5,0,0
2020-01-01 18:40:00,307,597,309,278,278,394,418,264,415,160,351,316,378,199,0,0,0,1586,0,0,650,419,0,19,1,13,2,0,243,411,200,36,17,0,8,302,7,458,4,51,867,1,36,2,3,0
2020-01-01 18:45:00,308,598,322,258,294,390,424,272,424,161,360,307,414,206,0,0,0,1561,0,0,631,429,0,26,0,4,1,0,253,412,185,32,17,0,12,304,7,439,6,40,871,0,29,1,2,0
2020-01-01 18:50:00,303,599,330,250,306,383,437,281,448,161,347,303,421,233,0,0,0,1549,0,0,617,439,0,24,0,1,1,0,237,412,188,30,19,0,16,286,8,444,6,26,872,0,21,1,1,0
2020-01-01 18:55:00,331,598,336,271,317,376,450,289,468,161,376,300,424,227,0,0,1,1521,0,0,606,466,0,18,0,2,0,1,208,412,190,32,20,0,18,276,11,416,7,4,850,0,11,6,0,0
2020-01-01 19:00:00,358,572,331,259,316,375,459,298,443,159,360,296,410,259,0,0,1,1487,0,0,599,507,0,9,0,6,1,3,206,409,198,31,17,2,16,262,17,423,4,12,864,0,14,11,1,5
2020-01-01 19:05:00,367,447,297,252,302,375,462,305,397,155,311,254,415,284,0,0,1,1464,0,0,600,562,1,3,0,23,3,7,224,419,226,33,21,4,15,274,35,455,4,8,942,0,16,26,4,7
2020-01-01 19:10:00,358,329,276,242,293,379,459,310,335,150,258,207,445,296,0,0,2,1456,0,0,607,620,5,2,0,31,6,11,223,457,223,33,23,5,22,294,39,486,5,12,1025,0,16,37,11,12
2020-01-01 19:15:00,387,247,272,254,292,397,459,322,305,148,246,191,448,286,0,0,1,1427,0,0,612,677,4,2,0,21,8,12,208,468,240,32,21,4,22,313,47,485,5,8,1079,0,13,26,4,7
2020-01-01 19:20:00,403,209,271,284,293,407,459,332,305,150,243,182,469,273,0,0,1,1394,0,0,601,724,1,7,1,14,9,8,188,480,227,37,20,1,19,338,40,469,2,13,1092,0,9,16,6,3
2020-01-01 19:25:00,411,187,279,267,291,406,460,343,274,152,238,177,460,282,0,0,4,1356,0,0,604,766,1,13,3,11,6,4,194,484,232,33,23,0,19,363,43,435,10,18,1118,0,14,14,3,2
2020-01-01 19:30:00,403,193,284,264,292,406,467,352,262,155,231,215,472,272,0,0,4,1332,0,0,609,794,0,13,3,10,3,1,182,446,234,26,26,0,23,409,29,406,9,13,1132,0,17,10,1,0
2020-01-01 19:35:00,407,191,290,287,299,405,474,366,250,158,238,208,496,255,0,0,5,1306,0,0,620,819,0,12,1,25,2,1,168,432,213,23,17,0,27,449,32,374,5,9,1116,0,14,6,0,0
2020-01-01 19:40:00,376,199,298,271,304,406,480,378,243,158,228,210,497,254,0,0,7,1295,0,0,631,849,0,10,0,31,10,0,155,411,199,15,18,0,27,490,21,367,3,9,1120,0,22,5,3,0
2020-01-01 19:45:00,385,196,304,268,309,423,489,382,230,158,218,205,493,243,0,0,8,1269,0,0,635,866,0,7,0,28,14,0,147,396,187,15,22,1,30,522,26,362,11,6,1115,0,26,4,0,0
2020-01-01 19:50:00,402,197,298,277,324,428,492,395,217,160,206,197,499,260,0,0,7,1231,0,0,643,875,2,9,0,27,13,0,142,390,172,17,22,1,23,537,24,374,7,5,1107,0,18,2,0,0
2020-01-01 19:55:00,402,199,299,274,334,440,496,404,210,168,188,223,499,293,0,0,11,1206,0,0,645,892,2,11,0,17,6,0,132,353,163,16,18,0,20,535,21,391,5,5,1107,0,14,1,0,0
2020-01-01 20:00:00,422,189,297,271,340,443,504,417,224,172,180,209,504,293,0,0,13,1174,0,0,647,904,0,14,0,25,9,0,99,342,150,14,13,0,26,538,27,403,6,2,1110,0,16,2,0,1
2020-01-01 20:05:00,420,158,290,270,342,442,511,421,229,172,164,198,493,306,0,0,10,1155,0,0,652,934,1,17,0,32,15,1,72,319,152,9,14,1,24,548,23,435,10,3,1132,0,14,6,4,1
2020-01-01 20:10:00,447,125,283,275,348,455,519,428,214,171,149,210,485,330,0,0,17,1118,0,0,654,966,2,13,0,29,17,3,44,288,157,8,11,2,26,529,26,466,6,1,1151,0,10,8,4,5
2020-01-01 20:15:00,454,101,281,279,353,465,531,434,186,177,159,216,483,326,0,0,19,1089,0,0,659,1003,2,10,0,33,18,4,41,252,160,5,9,1,23,531,22,484,4,0,1165,0,12,3,3,3
2020-01-01 20:20:00,444,85,282,278,356,475,540,439,172,183,175,228,481,364,0,0,20,1065,0,0,665,1025,1,10,1,38,17,4,36,215,164,4,9,0,28,502,19,478,3,5,1175,0,12,2,0,0
2020-01-01 20:25:00,462,73,279,273,362,483,546,442,190,185,181,219,494,337,0,0,23,1034,0,0,665,1041,0,16,1,42,20,3,12,196,162,5,7,1,28,522,18,477,2,5,1182,0,8,3,0,1
2020-01-01 20:30:00,458,65,276,274,366,489,558,446,182,193,183,206,507,361,0,0,18,1009,0,0,662,1063,0,20,2,40,19,2,11,189,156,5,7,2,30,513,18,470,5,1,1187,0,5,2,0,0
2020-01-01 20:35:00,470,60,274,277,368,495,576,447,178,199,207,201,518,358,0,0,13,985,0,0,662,1075,0,18,2,37,17,1,9,184,143,5,6,2,28,517,13,449,7,2,1190,0,3,2,2,0
2020-01-01 20:40:00,461,54,277,280,370,505,590,451,185,205,207,193,532,352,0,0,15,976,0,0,660,1083,0,17,0,25,18,0,8,187,119,4,5,2,29,540,12,434,7,4,1190,0,2,1,0,0
2020-01-01 20:45:00,512,46,278,285,370,511,603,451,192,212,192,212,553,352,0,0,16,930,0,0,656,1080,0,19,0,14,13,0,9,164,89,4,9,2,26,548,11,440,6,2,1190,0,2,1,0,0
2020-01-01 20:50:00,494,42,279,285,371,512,613,455,191,216,203,231,555,357,0,0,22,926,0,0,662,1080,0,18,0,20,13,0,6,139,72,4,11,1,22,555,16,420,11,4,1190,0,3,1,0,0
2020-01-01 20:55:00,477,44,279,292,372,514,626,460,195,223,202,244,556,368,0,0,28,923,0,0,665,1083,0,11,0,32,10,0,3,114,60,5,12,0,20,557,11,406,11,4,1190,0,3,0,0,0
2020-01-01 21:00:00,519,43,278,295,374,527,640,466,197,225,187,242,555,365,0,0,31,890,0,0,662,1078,0,5,0,38,16,0,2,103,48,7,11,0,19,560,11,402,5,4,1190,0,5,0,0,0
2020-01-01 21:05:00,529,40,280,294,374,540,648,472,190,229,192,223,578,355,0,0,40,876,0,0,672,1074,1,6,0,39,18,0,0,109,17,5,8,0,14,572,13,384,7,2,1190,0,8,1,0,0
2020-01-01 21:10:00,518,40,281,296,378,550,657,477,187,233,179,226,572,357,0,0,46,872,0,0,688,1074,1,13,0,31,18,0,0,100,6,6,5,0,14,576,10,379,10,2,1190,1,6,1,0,0
2020-01-01 21:15:00,515,38,282,300,382,555,670,480,190,241,179,233,558,354,0,0,56,863,0,0,694,1075,0,18,0,31,11,0,0,84,3,5,7,0,10,590,6,364,6,4,1190,1,5,0,0,0
2020-01-01 21:20:00,529,33,284,302,384,562,688,481,199,247,178,234,550,347,0,0,62,850,0,0,700,1064,0,20,0,21,14,0,0,72,2,3,6,1,9,603,5,347,6,1,1190,0,6,0,0,0
2020-01-01 21:25:00,518,27,284,302,386,568,707,486,189,251,162,247,544,348,0,0,67,845,0,0,714,1064,1,18,0,8,21,0,0,58,1,3,1,1,6,624,4,342,3,3,1190,0,6,1,0,0
2020-01-01 21:30:00,519,22,286,301,389,569,721,487,192,252,171,261,543,348,0,0,77,827,0,0,725,1062,1,14,0,3,31,0,0,34,1,1,1,0,6,637,3,315,3,2,1190,0,5,1,0,0
2020-01-01 21:35:00,508,18,287,305,392,569,737,487,192,261,170,261,543,364,0,0,82,827,0,0,737,1052,0,8,0,2,37,0,0,22,0,0,2,0,7,645,2,291,0,1,1186,0,5,0,0,0
2020-01-01 21:40:00,508,15,287,317,393,570,745,488,188,272,179,264,543,355,0,0,88,821,0,0,750,1052,0,3,0,0,39,0,0,10,0,1,1,0,6,667,1,258,1,3,1169,0,5,1,0,0
2020-01-01 21:45:00,507,12,286,338,395,570,755,489,187,283,167,260,544,357,0,0,87,813,0,0,766,1052,0,1,0,0,38,0,0,5,1,1,1,0,5,685,2,239,1,8,1141,0,2,2,0,0
2020-01-01 21:50:00,511,10,286,352,397,570,770,489,187,298,173,257,552,349,0,0,78,795,0,0,782,1052,0,0,0,0,30,0,0,1,1,2,1,0,6,710,2,205,4,16,1109,0,4,1,0,0
2020-01-01 21:55:00,518,11,286,360,396,570,780,490,188,311,175,255,564,352,0,0,74,773,0,0,793,1052,0,0,0,0,20,0,0,0,1,3,1,0,3,736,3,171,3,11,1088,0,11,1,0,0
2020-01-01 22:00:00,522,12,287,380,399,570,790,490,188,321,173,253,567,362,0,0,67,750,0,0,805,1052,0,0,0,0,12,0,0,1,1,4,7,0,7,754,4,139,3,11,1056,0,11,2,0,0
2020-01-01 22:05:00,524,14,287,407,406,570,802,491,190,328,177,252,572,380,0,0,57,730,0,0,811,1052,1,0,0,0,6,0,0,2,0,6,9,0,9,768,4,104,3,20,1011,0,6,1,0,0
2020-01-01 22:10:00,557,16,288,409,409,570,827,497,196,331,186,253,583,387,0,0,36,689,0,0,812,1043,1,0,0,0,3,0,0,2,0,6,9,0,16,787,4,64,3,32,976,0,7,1,0,0
2020-01-01 22:15:00,577,16,289,413,411,571,836,500,199,333,201,254,614,412,0,0,29,640,0,0,815,1043,0,0,0,0,1,0,0,4,0,5,11,0,15,797,7,23,1,27,939,0,16,1,0,0
2020-01-01 22:20:00,592,19,291,404,415,571,847,506,203,334,180,255,624,428,0,0,26,590,0,0,814,1043,0,0,0,0,0,0,0,6,0,8,13,0,24,814,11,10,3,24,912,0,32,1,0,0
2020-01-01 22:25:00,593,26,293,426,424,571,856,511,205,334,171,258,638,427,0,0,29,546,0,0,813,1043,0,0,0,0,0,0,0,7,0,12,15,0,32,831,13,4,5,14,867,0,33,3,0,0
2020-01-01 22:30:00,592,35,294,405,443,571,859,519,205,334,163,261,635,442,0,0,37,500,0,0,816,1043,0,0,0,0,0,0,0,7,0,15,23,0,39,827,18,4,3,19,866,0,21,4,0,0
2020-01-01 22:35:00,603,45,294,411,453,571,865,526,205,334,157,265,638,457,0,0,42,453,0,0,820,1036,0,0,0,0,0,0,0,6,0,19,28,0,53,806,22,8,5,11,848,0,15,4,0,0
2020-01-01 22:40:00,609,56,299,432,459,571,872,542,206,334,158,267,638,460,0,0,42,404,0,0,827,1036,1,0,0,0,1,0,0,4,0,16,23,0,69,791,23,11,4,13,816,0,11,5,0,0
2020-01-01 22:45:00,609,64,305,412,464,571,884,554,204,334,150,269,654,454,0,0,40,358,0,0,836,1036,1,0,0,0,2,0,0,3,0,10,15,0,99,781,20,15,5,24,816,0,7,4,0,0
2020-01-01 22:50:00,574,66,309,438,467,572,893,564,204,334,157,270,670,453,0,0,38,352,0,0,845,1033,2,0,0,0,2,0,0,2,0,6,9,1,119,775,16,18,8,16,781,0,3,3,0,0
2020-01-01 22:55:00,551,62,313,432,467,572,903,568,214,335,184,271,678,447,0,0,42,348,0,0,838,1033,3,0,0,0,2,0,0,0,0,8,6,1,119,758,18,20,6,21,766,0,10,4,0,0
2020-01-01 23:00:00,547,59,315,446,465,574,910,572,216,336,174,270,686,437,0,0,43,348,0,0,840,1033,2,0,0,0,2,0,0,5,0,10,3,1,137,745,25,21,4,14,735,0,20,5,0,0
2020-01-01 23:05:00,552,66,315,439,471,575,918,573,212,336,179,270,684,411,0,0,48,348,0,0,846,1030,1,0,0,0,2,0,0,10,0,14,8,1,139,749,17,18,3,16,716,0,27,6,0,0
2020-01-01 23:10:00,548,65,315,442,481,576,929,575,217,337,171,275,685,418,0,0,50,348,0,0,849,1030,0,0,0,0,1,0,0,8,0,18,12,0,140,739,12,18,2,18,691,0,26,4,0,0
2020-01-01 23:15:00,563,56,321,468,496,576,939,581,230,338,190,278,687,413,0,0,53,348,0,0,841,1021,2,0,0,0,2,0,0,8,0,13,15,0,110,738,8,21,2,12,649,0,19,2,0,0
2020-01-01 23:20:00,577,44,325,474,504,576,947,587,233,338,201,279,684,397,0,0,61,348,0,0,837,1009,5,0,0,0,4,0,0,14,0,9,20,0,83,748,17,20,1,28,613,0,14,3,0,0
2020-01-01 23:25:00,619,45,329,484,511,578,945,596,240,338,215,283,703,396,0,0,80,302,0,0,828,1009,5,0,0,0,5,0,0,18,0,5,16,0,42,757,20,16,1,22,570,0,18,4,0,0
2020-01-01 23:30:00,632,53,333,496,515,581,951,606,245,340,221,291,724,416,0,0,91,260,0,0,822,1009,4,0,0,0,4,0,0,20,0,3,11,1,5,756,18,12,3,18,524,0,32,3,0,0
2020-01-01 23:35:00,674,58,334,512,528,583,951,611,253,342,186,295,748,411,0,0,109,212,0,0,807,992,5,0,0,0,7,0,0,21,0,4,14,1,3,773,14,13,6,23,477,0,32,1,0,0
2020-01-01 23:40:00,699,55,334,526,547,585,954,617,256,343,159,303,775,404,0,0,129,162,0,0,796,972,5,0,0,0,9,0,0,22,0,9,21,0,3,795,10,17,10,20,433,0,30,0,0,0
2020-01-01 23:45:00,683,47,334,513,560,588,964,625,260,344,153,308,804,414,0,0,145,112,0,0,782,972,3,0,0,0,13,0,0,23,0,12,34,0,2,800,1,18,13,12,417,0,44,0,0,0
2020-01-01 23:50:00,691,32,336,510,577,590,961,638,262,349,147,314,810,436,0,0,166,68,0,0,768,959,4,0,0,0,14,0,0,24,0,12,43,0,0,794,1,16,18,3,407,0,50,0,0,0
2020-01-01 23:55:00,695,20,338,553,597,591,960,659,257,352,141,317,818,453,0,0,182,30,0,0,764,948,4,0,0,0,19,0,0,24,0,13,43,0,3,779,0,13,15,6,362,0,44,0,0,0
2020-01-02 00:00:00,725,20,343,615,610,594,975,675,268,357,157,330,824,487,0,0,167,11,0,0,753,937,1,0,0,0,14,0,0,11,0,8,27,0,0,745,0,0,0,0,315,0,31,0,0,0
2020-01-02 00:05:00,736,13,346,599,627,595,971,688,261,363,130,330,826,486,0,0,191,0,0,0,747,907,4,0,0,0,19,0,0,14,0,10,34,0,1,733,1,7,16,30,265,0,50,0,0,0
2020-01-02 00:10:00,703,10,348,621,641,595,985,702,273,371,126,323,855,488,0,0,211,0,0,0,728,899,5,0,0,0,18,0,0,23,0,9,41,0,5,707,0,4,14,35,215,0,45,0,0,0
2020-01-02 00:15:00,694,8,351,637,660,599,983,722,268,371,124,334,861,477,0,0,246,0,0,0,722,882,5,0,0,0,21,0,0,23,0,12,37,0,3,690,0,2,14,48,165,0,41,0,0,0
2020-01-02 00:20:00,676,7,351,651,677,600,983,738,261,382,121,336,881,478,0,0,280,0,0,0,720,875,6,0,0,0,17,0,0,26,0,14,38,0,2,661,1,1,10,48,115,0,44,0,0,0
2020-01-02 00:25:00,674,8,356,664,691,604,982,752,266,389,119,344,883,459,0,0,312,0,0,0,713,866,3,0,0,0,16,0,0,17,0,17,32,0,0,651,1,0,11,46,65,0,59,0,0,0
2020-01-02 00:30:00,672,9,357,682,707,606,998,772,262,392,116,349,899,457,0,0,329,0,0,0,715,847,1,0,0,0,20,0,0,12,0,18,21,0,1,633,0,0,8,34,15,0,68,0,0,0
2020-01-02 00:35:00,668,9,363,662,710,607,998,784,267,399,117,347,911,475,0,0,354,0,0,0,705,829,3,0,0,0,20,0,0,12,0,17,21,0,0,597,0,0,3,33,0,0,89,0,0,0
2020-01-02 00:40:00,671,9,365,639,727,607,996,793,262,405,117,350,932,474,0,0,376,0,0,0,705,818,5,0,0,0,18,0,0,12,0,17,24,0,0,572,0,0,5,15,0,0,86,0,0,0
2020-01-02 00:45:00,661,9,373,635,743,610,1006,805,268,412,117,352,932,468,0,0,389,0,0,0,698,818,2,0,0,0,14,0,0,11,0,11,29,0,0,552,0,0,6,7,0,0,72,0,0,0
2020-01-02 00:50:00,666,9,375,638,764,612,1002,817,268,419,117,355,926,457,0,0,411,0,0,0,695,806,4,0,0,0,11,0,0,9,0,13,27,0,0,540,0,0,5,1,0,0,53,0,0,0
2020-01-02 00:55:00,650,9,380,641,798,612,1009,834,278,423,117,355,919,465,0,0,426,0,0,0,682,806,6,0,0,0,11,0,0,8,0,9,20,0,0,517,0,0,4,2,0,0,19,0,0,0
2020-01-02 01:00:00,646,9,382,645,813,616,1008,844,287,426,117,358,916,483,0,0,445,0,0,0,665,806,3,0,0,0,10,0,0,12,0,8,11,0,1,478,0,0,7,0,0,0,4,0,0,0
2020-01-02 01:05:00,659,9,384,651,817,618,1007,854,289,430,118,360,913,482,0,0,466,0,0,0,653,802,2,0,0,0,7,0,0,19,0,7,2,0,0,448,0,0,2,0,0,0,1,0,0,0
2020-01-02 01:10:00,660,9,388,651,817,619,1007,855,300,434,118,367,913,472,0,0,491,0,0,0,634,802,1,0,0,0,5,0,0,18,0,3,1,0,0,429,0,0,3,0,0,0,3,0,0,0
2020-01-02 01:15:00,660,9,389,652,818,620,1016,856,311,436,118,373,912,477,0,0,507,0,0,0,612,798,0,0,0,0,7,0,0,20,0,2,3,0,0,400,0,0,0,0,0,0,4,0,0,0
2020-01-02 01:20:00,658,9,390,650,820,620,1026,856,314,437,118,375,913,468,0,0,520,0,0,0,595,798,2,0,0,0,12,0,0,26,0,1,4,0,0,383,0,0,1,0,0,0,4,0,0,0
2020-01-02 01:25:00,664,9,391,650,822,620,1022,859,318,439,118,384,912,478,0,0,546,0,0,0,581,787,6,0,0,0,13,0,0,24,0,0,1,0,0,351,0,0,2,0,0,0,3,0,0,0
2020-01-02 01:30:00,661,9,391,651,824,622,1021,860,323,443,118,394,915,497,0,0,571,0,0,0,563,787,5,0,0,0,13,0,0,23,0,0,0,0,0,305,0,0,2,0,0,0,2,0,0,0
2020-01-02 01:35:00,678,9,391,652,825,626,1021,860,320,449,118,395,915,508,0,0,596,0,0,0,555,778,1,0,0,0,16,0,0,24,0,0,0,0,0,258,0,0,3,0,0,0,2,0,0,0
2020-01-02 01:40:00,684,9,391,653,826,627,1046,860,331,452,118,401,918,516,0,0,602,0,0,0,536,777,0,0,0,0,20,0,0,19,0,0,2,0,0,208,0,0,1,0,0,0,3,0,0,0
2020-01-02 01:45:00,702,9,391,652,827,627,1042,860,333,456,118,406,917,521,0,0,638,0,0,0,524,765,4,0,0,0,22,0,0,18,0,0,3,0,0,158,0,0,3,0,0,0,4,0,0,0
2020-01-02 01:50:00,714,9,391,654,829,627,1040,862,328,465,118,409,920,523,0,0,679,0,0,0,519,753,6,0,0,0,18,0,0,20,0,0,1,0,0,108,0,0,4,0,0,0,3,0,0,0
2020-01-02 01:55:00,720,9,391,655,831,631,1040,863,329,472,118,415,924,524,0,0,724,0,0,0,511,742,2,0,0,0,15,0,0,17,0,0,0,0,0,58,0,0,5,0,0,0,4,0,0,0
2020-01-02 02:00:00,729,9,391,657,832,633,1040,863,326,478,118,421,927,524,0,0,772,0,0,0,507,726,0,0,0,0,13,0,0,14,0,0,1,0,0,8,0,0,5,0,0,0,6,0,0,0
2020-01-02 02:05:00,752,9,391,658,835,633,1050,863,325,483,118,422,930,483,0,0,810,0,0,0,504,692,0,0,0,0,14,0,0,11,0,0,2,0,0,0,0,0,8,0,0,0,7,0,0,0
2020-01-02 02:10:00,721,9,391,662,838,633,1064,864,326,487,118,424,944,457,0,0,841,0,0,0,500,679,3,0,0,0,15,0,0,7,0,0,5,0,0,0,0,0,4,0,0,0,8,0,0,0
2020-01-02 02:15:00,723,9,391,660,842,633,1062,865,334,491,118,424,944,442,0,0,881,0,0,0,489,637,5,0,0,0,15,0,0,6,0,0,11,0,0,0,0,0,8,0,0,0,10,0,0,0
2020-01-02 02:20:00,692,9,391,663,846,636,1066,869,339,497,118,424,953,438,0,0,904,0,0,0,481,621,3,0,0,0,12,0,0,6,0,0,13,0,0,0,0,0,8,0,0,0,11,0,0,0
2020-01-02 02:25:00,694,9,391,664,852,638,1065,876,346,502,118,425,959,436,0,0,920,0,0,0,472,583,2,0,0,0,9,0,0,5,0,0,10,0,0,0,0,0,12,0,0,0,12,0,0,0
2020-01-02 02:30:00,669,9,391,669,857,639,1074,882,364,506,118,426,964,439,0,0,923,0,0,0,450,571,1,0,0,0,7,0,0,6,0,0,9,0,0,0,0,0,12,0,0,0,14,0,0,0
2020-01-02 02:35:00,659,9,391,673,864,640,1075,886,370,509,118,426,965,438,0,0,926,0,0,0,434,558,2,0,0,0,6,0,0,14,0,0,8,0,1,0,0,0,13,0,0,0,15,0,0,0
2020-01-02 02:40:00,671,9,391,678,871,640,1079,891,381,511,119,430,961,438,0,0,925,0,0,0,413,530,2,0,0,0,4,0,0,20,0,0,5,0,1,0,0,0,14,0,0,0,16,0,0,0
2020-01-02 02:45:00,684,9,391,684,879,642,1079,894,393,513,120,440,968,440,0,0,925,0,0,0,387,496,0,0,0,0,2,0,0,24,0,0,8,0,0,0,0,0,6,0,0,0,16,0,0,0
2020-01-02 02:50:00,689,9,391,679,887,642,1079,896,391,515,120,449,972,444,0,0,925,0,0,0,371,468,0,0,0,0,1,0,0,32,0,0,14,0,0,0,0,0,7,0,0,0,19,0,0,0
2020-01-02 02:55:00,701,9,391,680,895,642,1079,902,406,515,120,460,981,447,0,0,925,0,0,0,340,430,0,0,0,0,4,0,0,34,0,0,13,0,1,0,0,0,8,0,0,0,17,0,0,0
2020-01-02 03:00:00,706,9,391,684,906,642,1087,910,418,515,121,473,989,451,0,0,917,0,0,0,309,397,0,0,0,0,9,0,0,35,0,0,11,0,0,0,0,0,10,0,0,0,10,0,0,0
2020-01-02 03:05:00,716,9,391,690,912,642,1086,915,429,516,121,481,996,455,0,0,917,0,0,0,278,357,1,0,0,0,16,0,0,39,0,0,10,0,1,0,0,0,14,0,0,0,8,0,0,0
2020-01-02 03:10:00,728,9,391,699,916,642,1088,921,436,519,122,486,1012,456,0,0,915,0,0,0,249,310,1,0,0,0,24,0,0,45,0,0,12,0,1,0,0,0,9,0,0,0,9,0,0,0
2020-01-02 03:15:00,733,9,391,701,920,643,1093,925,443,524,123,496,1027,457,0,0,909,0,0,0,220,265,1,0,0,0,27,0,0,49,0,0,18,0,1,0,0,0,13,0,0,0,12,0,0,0
2020-01-02 03:20:00,739,9,391,707,925,643,1093,933,445,532,124,503,1044,459,0,0,909,0,0,0,193,216,1,0,0,0,28,0,0,58,0,0,23,0,0,0,0,0,11,0,0,0,14,0,0,0
2020-01-02 03:25:00,745,9,391,711,932,644,1093,943,442,543,124,504,1053,463,0,0,909,0,0,0,175,166,0,0,0,0,25,0,0,70,0,0,31,0,0,0,0,0,13,0,0,0,14,0,0,0
2020-01-02 03:30:00,750,9,391,716,939,644,1093,956,457,551,124,505,1060,464,0,0,909,0,0,0,144,116,0,0,0,0,23,0,0,79,0,0,39,0,2,0,0,0,14,0,0,0,15,0,0,0
2020-01-02 03:35:00,754,9,391,721,946,644,1093,974,478,560,126,518,1065,466,0,0,909,0,0,0,102,66,0,0,0,0,19,0,0,82,0,0,42,0,2,0,0,0,16,0,0,0,17,0,0,0
2020-01-02 03:40:00,755,9,391,728,954,644,1093,993,487,568,128,532,1077,470,0,0,909,0,0,0,67,16,0,0,0,0,18,0,0,87,0,0,38,0,1,0,0,0,17,0,0,0,18,0,0,0
2020-01-02 03:45:00,724,9,391,734,963,644,1093,1006,503,574,129,541,1082,470,0,0,909,0,0,0,24,0,0,0,0,0,19,0,0,98,0,0,46,0,3,0,0,0,18,0,0,0,20,0,0,0
2020-01-02 03:50:00,694,9,391,740,972,644,1096,1024,493,579,132,540,1076,469,0,0,906,0,0,0,0,0,0,0,0,0,23,0,0,124,0,0,40,0,1,0,0,0,24,0,0,0,23,0,0,0
2020-01-02 03:55:00,681,9,391,750,983,644,1095,1043,471,586,133,549,1060,470,0,0,906,0,0,0,0,0,1,0,0,0,23,0,0,130,0,0,31,0,0,0,0,0,18,0,0,0,26,0,0,0
2020-01-02 04:00:00,675,9,391,751,995,644,1116,1056,459,593,133,552,1047,470,0,0,885,0,0,0,0,0,1,0,0,0,23,0,0,132,0,0,25,0,0,0,0,0,12,0,0,0,31,0,0,0
2020-01-02 04:05:00,673,9,391,750,1009,645,1113,1074,455,602,133,558,1038,470,0,0,885,0,0,0,0,0,3,0,0,0,19,0,0,125,0,0,13,0,0,0,0,0,5,0,0,0,30,0,0,0
2020-01-02 04:10:00,672,9,391,744,1026,645,1113,1081,454,609,133,568,1035,470,0,0,885,0,0,0,0,0,3,0,0,0,20,0,0,108,0,0,7,0,0,0,0,0,3,0,0,0,24,0,0,0
2020-01-02 04:15:00,672,9,391,739,1039,648,1115,1087,454,616,133,581,1032,470,0,0,883,0,0,0,0,0,0,0,0,0,21,0,0,87,0,0,1,0,0,0,0,0,3,0,0,0,19,0,0,0
2020-01-02 04:20:00,672,9,391,739,1050,648,1122,1088,454,621,133,587,1031,470,0,0,876,0,0,0,0,0,0,0,0,0,26,0,0,71,0,0,0,0,0,0,0,0,1,0,0,0,11,0,0,0
2020-01-02 04:25:00,672,9,391,736,1058,648,1127,1088,454,629,133,624,1031,470,0,0,871,0,0,0,0,0,0,0,0,0,27,0,0,25,0,0,0,0,0,0,0,0,0,0,0,0,7,0,0,0
2020-01-02 04:30:00,672,9,391,734,1061,648,1147,1088,454,637,133,625,1031,470,0,0,850,0,0,0,0,0,1,0,0,0,42,0,0,1,0,0,0,0,0,0,0,0,0,0,0,0,6,0,0,0
2020-01-02 04:35:00,672,9,391,733,1065,648,1145,1088,454,647,133,613,1031,470,0,0,850,0,0,0,0,0,3,0,0,0,45,0,0,0,0,0,0,0,0,0,0,0,0,0,0,0,3,0,0,0
2020-01-02 04:40:00,672,9,391,733,1067,649,1145,1088,454,656,133,609,1031,470,0,0,850,0,0,0,0,0,2,0,0,0,40,0,0,0,0,0,0,0,0,0,0,0,0,0,0,0,1,0,0,0
2020-01-02 04:45:00,672,9,391,733,1068,651,1158,1088,454,679,133,609,1031,470,0,0,837,0,0,0,0,0,0,0,0,0,17,0,0,0,0,0,0,0,0,0,0,0,0,0,0,0,0,0,0,0
2020-01-02 04:50:00,672,9,391,733,1068,651,1179,1088,454,687,133,609,1031,470,0,0,815,0,0,0,0,0,1,0,0,0,9,0,0,0,0,0,0,0,0,0,0,0,0,0,0,0,0,0,0,0
2020-01-02 04:55:00,672,9,391,733,1068,651,1181,1088,454,696,133,609,1031,470,0,0,813,0,0,0,0,0,1,0,0,0,0,0,0,0,0,0,0,0,0,0,0,0,0,0,0,0,0,0,0,0
2020-01-02 05:00:00,672,9,391,733,1068,652,1181,1088,454,696,133,609,1031,470,0,0,813,0,0,0,0,0,0,0,0,0,0,0,0,0,0,0,0,0,0,0,0,0,0,0,0,0,0,0,0,0
2020-01-02 05:05:00,672,9,391,733,1068,652,1185,1088,454,696,133,609,1031,470,0,0,809,0,0,0,0,0,0,0,0,0,0,0,0,0,0,0,0,0,0,0,0,0,0,0,0,0,0,0,0,0
2020-01-02 05:10:00,672,9,391,733,1068,652,1184,1088,454,696,133,609,1031,470,0,0,809,0,0,0,0,0,1,0,0,0,0,0,0,0,0,0,0,0,0,0,0,0,0,0,0,0,0,0,0,0
2020-01-02 05:15:00,672,9,391,733,1068,652,1189,1088,454,696,133,609,1031,470,0,0,804,0,0,0,0,0,1,0,0,0,0,0,0,0,0,0,0,0,0,0,0,0,0,0,0,0,0,0,0,0
2020-01-02 05:20:00,672,9,391,733,1068,653,1216,1088,454,696,133,609,1031,470,0,0,777,0,0,0,0,0,0,0,0,0,0,0,0,0,0,0,0,0,0,0,0,0,0,0,0,0,0,0,0,0
2020-01-02 05:25:00,672,9,391,733,1068,653,1215,1088,454,696,133,609,1031,470,0,0,777,0,0,0,0,0,1,0,0,0,0,0,0,0,0,0,0,0,0,0,0,0,0,0,0,0,0,0,0,0
2020-01-02 05:30:00,672,9,391,733,1068,653,1224,1088,454,696,133,609,1031,470,0,0,768,0,0,0,0,0,1,0,0,0,0,0,0,0,0,0,0,0,0,0,0,0,0,0,0,0,0,0,0,0
2020-01-02 05:35:00,672,9,391,733,1068,654,1240,1088,454,696,133,609,1031,470,0,0,752,0,0,0,0,0,0,0,0,0,0,0,0,0,0,0,0,0,0,0,0,0,0,0,0,0,0,0,0,0
2020-01-02 05:40:00,672,9,391,733,1064,654,1247,1088,454,692,133,609,1031,470,0,0,745,0,0,0,0,0,0,0,0,0,0,4,0,0,0,0,0,0,0,0,0,0,0,0,0,0,0,4,0,0
2020-01-02 05:45:00,672,9,391,733,1064,654,1251,1088,454,691,133,609,1031,470,0,0,741,0,0,0,0,0,0,0,0,0,0,5,0,0,0,0,0,0,0,0,0,0,0,0,0,0,0,4,0,0
2020-01-02 05:50:00,672,9,391,737,1064,654,1280,1085,454,686,133,609,1031,470,0,0,712,0,0,0,0,0,0,0,0,0,0,10,0,0,0,0,0,3,0,0,0,0,0,0,0,0,0,0,0,0
2020-01-02 05:55:00,672,9,391,732,1060,654,1285,1084,454,681,133,613,1031,470,0,0,707,0,0,0,0,0,0,0,0,0,0,11,0,0,0,0,0,4,0,0,0,0,0,5,0,0,0,4,0,0
2020-01-02 06:00:00,672,9,391,731,1055,649,1294,1084,454,680,133,611,1039,470,0,0,698,0,0,0,0,0,0,5,0,0,0,11,3,0,0,0,0,1,0,0,0,0,0,1,0,0,0,9,0,0
2020-01-02 06:05:00,680,8,391,734,1055,649,1308,1081,454,671,133,614,1036,467,0,0,684,0,0,0,0,0,0,5,0,0,0,15,5,0,0,0,0,3,0,0,0,1,0,1,0,0,0,5,0,0
2020-01-02 06:10:00,680,8,391,734,1053,640,1313,1071,457,661,134,614,1033,467,0,0,684,0,0,0,4,0,0,9,0,0,0,20,7,0,0,0,0,13,0,0,0,0,0,5,0,0,0,2,0,0
2020-01-02 06:15:00,678,7,390,728,1035,626,1303,1069,453,660,133,606,1039,467,0,0,684,10,0,0,8,6,0,23,0,0,0,20,14,0,1,0,0,12,0,1,0,1,0,6,0,0,0,20,0,0
2020-01-02 06:20:00,684,5,390,728,1032,625,1329,1064,456,649,134,611,1047,467,0,0,662,11,0,0,11,8,4,15,0,0,0,22,13,0,1,0,0,7,0,0,0,2,0,2,0,0,0,21,0,0
2020-01-02 06:25:00,704,5,387,743,1026,606,1320,1048,456,640,134,610,1031,461,0,0,662,27,0,0,17,14,11,20,0,0,0,21,15,3,2,0,0,21,0,2,0,0,0,3,0,0,0,9,0,2
2020-01-02 06:30:00,688,4,380,727,1008,596,1295,1039,459,637,126,599,1032,463,0,0,672,55,0,0,21,21,10,29,4,0,0,23,23,3,7,0,0,25,0,5,3,1,0,19,0,0,0,24,0,2
2020-01-02 06:35:00,710,7,374,724,1001,588,1319,1036,468,621,123,608,1059,459,0,0,661,55,0,0,22,20,6,17,12,0,0,28,17,3,11,0,0,12,0,3,1,0,0,9,0,0,0,25,0,1
2020-01-02 06:40:00,724,6,369,734,1000,571,1301,1017,461,611,121,603,1058,455,0,0,655,86,0,0,29,34,10,19,16,6,0,29,17,10,14,0,0,22,0,2,0,0,0,8,2,0,0,8,0,2
2020-01-02 06:45:00,717,5,358,715,974,547,1284,1004,456,610,116,598,1043,448,0,0,665,119,0,0,34,41,9,28,19,8,0,27,29,12,22,5,0,32,0,4,1,0,12,26,3,0,0,27,0,2
2020-01-02 06:50:00,723,5,354,713,968,549,1293,996,464,595,113,612,1082,443,0,0,660,121,0,0,36,41,9,20,18,2,8,26,26,12,21,9,0,21,0,2,1,0,6,17,2,0,0,32,0,0
2020-01-02 06:55:00,738,5,352,728,964,523,1279,970,452,589,113,603,1080,435,0,0,654,151,0,0,41,52,23,22,19,13,13,22,26,25,17,10,13,34,0,0,0,0,3,7,2,1,10,10,0,1
2020-01-02 07:00:00,727,4,341,698,949,511,1252,951,445,588,106,590,1054,426,0,0,682,179,0,0,44,52,23,31,18,22,19,22,30,25,22,13,26,45,0,6,1,0,19,31,2,2,18,19,4,3
2020-01-02 07:05:00,717,6,341,696,954,524,1260,956,451,584,106,610,1093,430,0,0,692,191,0,0,45,52,11,18,17,11,20,19,27,17,20,11,23,27,0,0,0,0,11,20,1,1,14,20,2,2
2020-01-02 07:10:00,729,6,341,704,958,509,1241,954,442,584,105,588,1074,425,0,0,698,211,0,0,48,59,16,23,24,18,27,18,27,26,20,8,36,26,1,1,0,0,11,9,1,0,17,9,4,2
2020-01-02 07:15:00,706,5,341,687,954,497,1241,949,436,589,104,582,1033,421,0,0,704,230,0,0,53,74,16,28,21,23,30,18,25,30,22,10,44,33,1,1,1,1,26,19,1,1,24,14,3,2
2020-01-02 07:20:00,689,6,345,697,962,509,1253,967,438,590,103,595,1046,422,0,0,717,238,0,0,51,76,6,17,17,12,35,14,21,24,14,10,29,23,1,2,1,0,17,10,0,3,22,13,3,2
2020-01-02 07:25:00,679,7,350,702,971,499,1251,971,436,598,102,593,1038,428,0,0,716,253,0,0,49,76,15,22,15,18,31,13,17,24,8,8,37,18,1,2,0,0,8,10,1,2,21,7,3,0
2020-01-02 07:30:00,666,8,352,687,974,493,1249,973,434,605,101,585,1016,428,0,0,725,262,0,0,45,72,21,24,10,23,37,14,11,23,6,10,42,18,2,0,2,0,27,12,2,2,24,10,5,0
2020-01-02 07:35:00,654,8,359,706,981,510,1272,997,435,614,101,594,1005,428,0,0,720,267,0,0,41,72,12,14,8,17,34,11,4,20,3,14,26,10,1,1,1,2,18,6,1,3,18,11,0,1
2020-01-02 07:40:00,659,9,361,713,989,506,1288,1005,440,612,102,592,994,432,0,0,708,262,0,0,29,61,15,21,10,14,35,17,4,21,3,15,23,8,0,2,0,1,11,6,1,1,18,9,2,1
2020-01-02 07:45:00,654,8,363,713,992,503,1291,1011,438,621,102,590,987,435,0,0,706,262,0,0,24,45,20,24,12,15,29,21,5,20,2,15,26,10,2,1,0,1,13,6,2,0,22,7,1,1
2020-01-02 07:50:00,661,6,366,718,1000,507,1325,1022,442,626,105,597,985,437,0,0,686,263,0,0,18,23,11,19,9,10,27,22,5,19,0,12,25,6,1,0,0,1,13,7,2,0,16,7,0,1
2020-01-02 07:55:00,653,5,373,722,1008,511,1345,1034,446,632,107,606,992,440,0,0,667,261,0,0,9,14,11,24,3,4,23,15,13,17,0,5,23,3,0,0,0,1,7,6,1,0,13,6,0,0
2020-01-02 08:00:00,677,5,377,722,1013,509,1373,1044,447,639,108,605,993,439,0,0,636,239,0,0,6,2,22,19,0,2,17,11,26,12,0,1,19,3,1,0,0,0,9,4,0,1,14,3,2,0
2020-01-02 08:05:00,670,5,378,724,1018,516,1364,1052,454,643,108,603,998,440,0,0,624,248,0,0,6,2,31,9,1,1,9,10,30,7,2,0,18,5,0,1,0,0,3,2,0,1,14,3,0,0
2020-01-02 08:10:00,654,6,368,718,1017,527,1312,1059,461,647,108,593,998,444,0,0,592,318,0,0,7,13,36,5,1,1,4,8,31,4,12,0,20,4,0,0,0,0,5,6,0,0,11,10,0,0
2020-01-02 08:15:00,661,6,329,718,1000,543,1209,1068,450,644,105,587,998,443,0,0,555,406,0,0,11,37,61,4,1,0,2,12,28,2,51,0,19,2,0,3,0,0,2,6,0,0,5,32,0,0
2020-01-02 08:20:00,679,6,291,717,975,549,1092,1048,448,625,100,585,989,443,0,0,510,468,0,0,14,57,137,5,10,0,1,27,19,1,88,0,13,31,0,4,1,0,1,9,0,0,3,53,0,1
2020-01-02 08:25:00,683,6,256,720,938,523,962,957,435,609,94,579,993,440,0,0,487,518,0,0,30,78,231,6,32,0,1,42,17,4,120,0,7,130,1,5,1,1,2,21,0,0,3,67,0,1
2020-01-02 08:30:00,704,5,236,682,893,489,873,838,423,582,90,588,1005,421,0,0,459,561,0,0,39,89,308,5,55,1,0,64,14,7,139,4,4,253,0,6,0,0,5,39,2,1,1,114,0,1
2020-01-02 08:35:00,694,4,219,671,811,436,806,758,417,551,87,613,1008,408,0,0,424,591,0,0,62,104,380,4,86,5,0,75,23,8,154,17,3,317,1,2,1,0,31,37,3,5,0,182,0,2
2020-01-02 08:40:00,628,6,199,666,715,384,747,704,410,532,88,574,906,410,0,0,391,597,12,0,110,114,450,3,138,8,1,94,55,11,151,67,3,361,26,0,0,0,89,39,1,21,1,275,0,13
2020-01-02 08:45:00,534,9,182,607,655,357,701,667,420,510,111,570,751,384,0,0,366,611,50,0,157,102,498,2,166,6,5,100,69,17,156,121,5,400,63,0,3,0,209,21,1,68,8,326,0,12
2020-01-02 08:50:00,453,26,166,539,619,314,690,638,412,489,104,529,626,340,0,0,327,622,78,0,171,109,538,6,203,4,10,121,111,35,159,171,9,430,136,0,18,3,262,13,1,123,11,361,10,13
2020-01-02 08:55:00,392,35,160,444,604,274,674,626,392,476,98,487,544,302,0,0,296,612,111,0,190,107,580,11,239,2,17,135,137,61,150,212,12,446,204,0,22,8,302,9,1,201,13,383,11,20
2020-01-02 09:00:00,330,51,154,388,597,251,666,622,369,473,86,499,511,272,0,0,270,607,123,0,206,102,618,8,250,1,18,134,158,63,122,247,11,455,276,0,23,5,335,8,2,240,18,394,20,17
2020-01-02 09:05:00,292,82,166,407,600,236,648,626,367,473,112,478,465,253,0,0,261,602,117,0,214,95,649,4,261,1,17,134,172,79,121,262,10,458,306,0,15,2,331,4,2,253,12,392,13,8
2020-01-02 09:10:00,264,93,173,401,605,242,629,626,362,479,88,494,435,242,0,0,261,601,103,0,206,80,658,4,262,0,10,121,189,74,120,276,10,462,365,0,26,4,346,5,1,286,6,371,14,6
2020-01-02 09:15:00,252,135,184,387,606,250,621,630,375,483,112,543,438,236,0,0,261,602,80,0,208,60,650,4,255,0,5,91,184,61,120,283,9,445,386,0,13,2,341,10,0,295,5,368,7,3
2020-01-02 09:20:00,246,140,200,368,608,246,617,633,369,486,96,574,459,232,0,0,261,603,50,0,210,41,655,4,230,0,6,79,205,42,84,279,10,446,436,0,22,8,345,5,0,316,7,369,11,2
2020-01-02 09:25:00,282,168,212,394,609,244,616,638,361,487,112,577,447,233,0,0,261,574,20,0,211,20,658,2,223,0,8,67,232,28,71,283,7,446,463,0,13,4,313,1,0,322,10,370,12,1
2020-01-02 09:30:00,268,186,223,394,614,243,617,643,381,487,126,613,477,226,0,0,261,569,0,0,211,4,659,0,210,0,9,38,230,11,33,288,5,446,485,0,16,7,311,1,0,337,12,352,6,1
2020-01-02 09:35:00,248,198,229,409,619,251,617,645,386,492,120,654,478,197,0,0,261,569,0,0,211,2,651,0,184,0,4,9,240,1,8,292,8,445,524,0,21,4,297,5,0,366,8,337,10,0
2020-01-02 09:40:00,242,218,239,376,626,259,617,648,398,495,116,644,508,178,0,0,261,568,0,0,200,1,639,0,176,0,2,1,258,0,0,293,9,399,550,0,14,1,307,2,0,399,8,337,11,0
2020-01-02 09:45:00,252,262,250,406,627,270,617,653,407,496,147,642,469,169,0,0,261,550,0,0,200,0,620,0,166,0,2,0,260,3,0,305,7,396,538,0,5,1,290,2,0,385,13,323,6,0
2020-01-02 09:50:00,235,264,271,398,634,256,617,657,433,496,143,662,461,159,0,0,261,550,0,0,184,0,620,0,144,0,2,0,261,4,0,297,8,390,541,0,20,4,272,1,0,417,11,323,4,0
2020-01-02 09:55:00,227,311,276,437,640,249,617,660,434,497,152,677,470,152,0,0,261,550,0,0,184,0,620,0,117,0,1,0,270,5,0,299,5,365,536,0,12,1,251,0,0,415,14,287,8,0
2020-01-02 10:00:00,223,330,301,424,645,270,617,665,456,498,148,697,462,146,0,0,261,550,0,0,169,0,596,0,80,0,3,0,275,6,0,284,2,352,534,0,15,5,246,4,0,445,17,270,4,0
2020-01-02 10:05:00,232,366,305,434,654,275,617,665,488,498,180,712,461,142,0,0,261,541,0,0,146,0,577,0,67,0,5,0,273,4,0,286,2,341,503,0,9,3,233,1,0,461,13,240,5,0
2020-01-02 10:10:00,244,374,310,459,662,274,617,667,499,498,183,719,494,142,0,0,261,525,0,0,132,1,570,0,59,0,6,0,275,8,0,289,2,295,490,0,16,4,209,2,0,495,12,203,4,0
2020-01-02 10:15:00,254,404,331,461,667,271,633,667,549,501,186,724,496,142,0,0,245,512,0,0,92,1,570,0,49,0,4,0,267,9,0,278,4,271,480,0,14,1,209,2,0,527,16,159,4,0
2020-01-02 10:20:00,254,453,335,480,674,287,665,669,583,503,199,752,503,148,0,0,205,503,0,0,63,1,560,0,18,0,4,0,265,6,0,285,6,242,459,0,12,0,192,3,0,541,12,115,3,0
2020-01-02 10:25:00,248,463,338,495,683,279,696,671,625,504,206,747,524,154,0,0,155,497,0,0,22,1,579,0,13,0,7,0,274,6,0,288,8,196,446,0,11,3,187,5,0,590,9,66,4,0
2020-01-02 10:30:00,252,488,354,511,686,318,722,675,657,505,221,737,534,154,0,0,105,497,0,0,1,0,561,0,12,0,7,0,275,4,0,279,8,153,429,0,12,2,177,8,0,628,8,17,3,0
2020-01-02 10:35:00,254,522,378,496,692,303,748,679,666,507,259,739,547,157,0,0,55,497,0,0,0,0,577,0,26,0,6,0,270,2,0,265,7,105,392,0,8,1,164,3,0,664,6,0,5,0
2020-01-02 10:40:00,259,529,384,471,694,320,774,683,694,511,256,733,550,162,0,0,5,488,0,0,0,0,570,0,37,0,3,0,247,1,0,272,5,56,387,0,19,1,163,2,0,708,12,0,4,0
2020-01-02 10:45:00,261,558,408,456,698,325,760,686,709,512,278,750,560,164,0,0,0,488,0,0,0,0,578,0,20,0,2,0,236,0,0,257,2,6,363,0,14,1,162,2,0,724,17,0,3,0
2020-01-02 10:50:00,268,585,423,446,706,323,756,688,730,513,307,749,528,166,0,0,0,484,0,0,0,0,574,0,16,0,2,0,226,0,0,251,0,0,336,0,11,0,158,0,0,735,16,0,3,0
2020-01-02 10:55:00,269,595,451,447,715,365,755,688,738,514,335,741,504,170,0,0,0,473,0,0,0,0,525,0,18,0,2,0,223,0,0,229,2,0,304,0,17,1,148,0,0,753,10,0,8,0
2020-01-02 11:00:00,266,642,481,454,722,354,755,688,757,514,367,741,498,168,0,0,0,464,0,0,0,0,517,0,27,0,2,0,213,0,0,207,2,0,275,0,13,1,125,0,0,736,10,0,1,0
2020-01-02 11:05:00,252,656,514,463,725,368,755,690,783,515,403,741,499,166,0,0,0,464,0,0,0,0,494,0,28,0,2,0,194,0,0,175,1,0,241,0,12,1,93,0,0,754,11,0,0,0
2020-01-02 11:10:00,250,667,524,472,732,380,755,690,801,516,430,751,499,159,0,0,0,459,0,0,0,0,465,0,26,0,2,0,179,0,0,165,1,0,212,0,15,1,59,0,0,777,8,0,5,0
2020-01-02 11:15:00,247,695,558,486,736,393,755,691,817,516,450,748,500,155,0,0,0,456,0,0,0,0,432,0,37,0,2,0,171,0,0,136,0,0,189,0,13,1,15,0,0,788,9,0,4,0
2020-01-02 11:20:00,243,706,587,470,740,404,755,691,838,517,473,755,503,150,0,0,0,456,0,0,0,0,406,0,35,0,1,0,160,0,0,111,0,0,158,0,15,2,0,0,0,814,10,0,0,0
2020-01-02 11:25:00,243,739,600,453,745,413,755,691,855,518,490,766,503,147,0,0,0,456,0,0,0,0,377,0,35,0,0,0,150,0,0,98,0,0,136,0,10,0,0,0,0,812,6,0,2,0
2020-01-02 11:30:00,245,744,618,442,750,419,755,691,873,518,501,770,503,147,0,0,0,454,0,0,0,0,358,0,35,0,0,0,141,0,0,82,0,0,123,0,2,5,0,0,0,820,4,0,0,0
2020-01-02 11:35:00,244,760,635,441,751,433,755,691,896,518,537,778,503,148,0,0,0,454,0,0,0,0,331,1,30,0,0,0,126,0,0,65,0,0,91,0,1,2,0,0,0,805,3,0,1,0
2020-01-02 11:40:00,245,756,653,441,754,449,755,691,917,518,586,791,503,148,0,0,0,453,0,0,0,0,301,1,26,0,0,0,110,0,0,48,0,0,44,0,0,5,0,0,0,805,0,0,0,0
2020-01-02 11:45:00,245,755,685,441,754,483,756,691,935,518,635,795,503,148,0,0,0,453,0,0,0,0,255,0,26,0,1,0,99,0,0,16,0,0,0,0,0,2,0,0,0,804,0,0,0,0
2020-01-02 11:50:00,245,770,701,441,754,520,755,691,961,518,637,804,503,148,0,0,0,454,0,0,0,0,206,1,23,0,1,0,78,0,0,0,0,0,0,0,0,0,0,0,0,789,0,0,0,0
2020-01-02 11:55:00,257,775,701,441,754,559,755,691,985,518,637,813,503,148,0,0,0,442,0,0,0,0,156,5,18,0,1,0,57,0,0,0,0,0,0,0,0,3,0,0,0,781,0,0,0,0
2020-01-02 12:00:00,258,791,701,441,754,569,756,691,1016,519,640,822,509,148,0,0,0,435,0,0,0,0,132,13,12,0,0,0,28,0,0,0,0,0,0,0,0,3,0,0,0,762,0,0,0,0
2020-01-02 12:05:00,288,793,701,441,754,561,759,691,1034,519,643,825,512,149,0,0,0,399,0,0,0,0,124,21,9,0,0,0,14,0,0,2,0,0,0,0,0,0,1,0,0,760,0,0,0,0
2020-01-02 12:10:00,292,804,701,442,754,546,766,691,1042,519,643,828,528,149,0,0,0,375,0,0,0,0,123,28,4,0,0,0,8,0,0,5,0,0,1,0,0,0,2,0,0,749,0,0,0,0
2020-01-02 12:15:00,304,820,701,443,754,584,772,691,1048,519,644,832,527,160,0,0,0,345,0,0,0,0,79,22,0,0,0,0,2,0,0,14,0,0,1,0,0,0,4,0,0,733,1,0,0,0
2020-01-02 12:20:00,313,820,701,446,754,633,779,691,1050,519,644,832,538,161,0,0,0,315,0,0,0,0,29,7,0,0,0,0,0,0,0,22,0,0,6,0,1,2,4,0,0,731,2,0,0,0
2020-01-02 12:25:00,322,847,703,447,755,662,773,691,1050,519,651,832,541,167,0,0,0,284,0,0,0,0,0,1,0,0,0,0,0,0,0,30,0,0,7,0,1,1,8,0,0,704,4,0,0,0
2020-01-02 12:30:00,331,851,706,452,756,662,765,691,1050,519,656,832,539,179,0,0,0,245,0,0,0,0,0,0,0,0,0,0,0,0,0,40,0,0,10,0,3,1,6,0,0,700,6,0,0,0
2020-01-02 12:35:00,336,853,715,452,759,662,760,691,1050,519,661,832,537,190,0,0,0,202,0,0,0,0,0,0,0,0,0,0,0,0,0,44,1,0,16,0,6,2,4,0,0,699,9,0,0,0
2020-01-02 12:40:00,339,858,723,450,762,662,757,691,1050,519,671,832,542,193,0,0,0,156,0,0,0,0,0,0,0,0,0,0,0,0,0,46,1,0,21,0,8,1,7,0,0,699,12,0,0,0
2020-01-02 12:45:00,340,895,733,452,768,662,756,692,1050,519,681,832,543,196,0,0,0,109,0,0,0,0,0,0,0,0,0,0,0,0,0,45,0,0,23,0,12,0,11,0,0,670,11,0,0,0
2020-01-02 12:50:00,331,908,746,457,774,662,755,692,1050,519,689,832,541,201,0,0,0,72,0,0,0,0,0,0,0,0,0,0,0,0,0,39,2,0,24,0,15,1,11,0,0,668,11,0,0,0
2020-01-02 12:55:00,309,941,756,462,779,662,755,692,1050,519,697,832,546,193,0,0,0,52,0,0,0,0,0,0,0,0,0,0,0,0,0,32,3,0,27,0,17,0,14,0,0,650,12,0,0,0
2020-01-02 13:00:00,283,963,765,469,785,662,755,694,1050,519,709,832,545,181,0,0,0,50,0,0,0,0,0,0,0,0,0,0,0,0,0,27,3,0,24,0,14,3,12,0,0,642,13,0,0,0
2020-01-02 13:05:00,269,993,773,472,791,662,755,695,1050,519,720,832,538,172,0,0,0,50,0,0,0,0,0,0,0,0,0,0,0,0,0,21,3,0,17,0,16,2,10,0,0,624,16,0,0,0
2020-01-02 13:10:00,262,1041,783,478,798,662,755,697,1050,519,732,832,537,162,0,0,0,50,0,0,0,0,0,0,0,0,0,0,0,0,0,12,2,0,12,0,7,3,4,0,0,589,13,0,0,0
2020-01-02 13:15:00,304,1056,788,477,807,662,755,698,1050,519,741,832,536,155,0,0,0,7,0,0,0,0,0,0,0,0,0,0,0,0,0,8,1,0,7,0,6,4,1,0,0,577,9,0,0,0
2020-01-02 13:20:00,288,1093,792,475,811,662,755,699,1050,519,749,832,536,173,0,0,0,0,0,0,0,0,0,0,0,0,0,0,0,0,0,5,0,0,4,0,3,4,0,0,0,542,8,0,0,0
2020-01-02 13:25:00,287,1132,774,435,772,613,695,624,1032,484,747,803,510,154,0,0,7,37,0,0,7,8,23,38,11,7,4,35,18,8,13,6,9,75,13,7,3,1,7,34,0,505,9,44,2,7
2020-01-02 13:30:00,267,1149,768,433,766,603,677,601,1035,475,760,792,535,149,0,0,20,50,0,0,10,10,28,45,14,11,5,44,24,10,15,5,14,98,14,1,0,2,6,8,0,490,6,53,0,7
2020-01-02 13:35:00,261,1176,768,479,771,631,713,608,1056,474,770,810,526,140,0,0,28,51,0,0,13,10,6,7,5,4,5,45,7,6,15,7,10,100,11,0,6,3,3,2,1,459,2,10,0,1
2020-01-02 13:40:00,265,1204,752,432,725,583,654,553,1030,448,765,818,518,119,0,0,46,94,0,0,21,30,24,41,18,8,9,40,17,17,28,8,18,135,7,9,10,1,4,46,1,438,7,53,0,4
2020-01-02 13:45:00,268,1249,747,420,710,555,634,538,1020,437,763,799,574,117,0,0,59,109,0,0,21,33,30,60,26,19,10,43,37,23,20,6,25,128,6,0,10,0,5,17,0,405,9,64,1,3
2020-01-02 13:50:00,311,1293,747,436,711,581,679,547,1032,435,761,810,529,109,0,0,61,82,0,0,25,35,10,24,11,21,11,44,29,16,18,11,20,132,2,0,8,2,13,24,1,368,6,44,0,1
2020-01-02 13:55:00,293,1323,738,425,684,543,615,505,1030,420,752,794,538,103,0,0,75,122,0,0,35,46,36,60,20,26,11,62,25,20,27,8,16,163,3,4,9,2,16,41,3,344,6,52,2,3
2020-01-02 14:00:00,309,1378,737,423,673,520,600,489,1022,412,752,798,556,105,0,0,96,129,0,0,39,43,48,63,33,30,15,41,31,22,17,9,18,164,3,1,4,2,13,42,3,297,11,48,2,2
2020-01-02 14:05:00,304,1429,737,418,671,551,588,485,1028,407,752,804,538,106,0,0,117,144,0,0,42,42,24,67,21,25,20,41,30,16,15,10,20,176,3,1,4,2,12,37,2,249,14,46,2,0
2020-01-02 14:10:00,279,1479,743,437,675,559,611,488,1027,412,757,791,529,109,0,0,131,154,0,0,42,48,12,55,16,23,24,42,29,16,16,9,24,181,3,0,0,2,10,26,3,200,12,22,4,0
2020-01-02 14:15:00,267,1528,746,435,680,554,614,495,1039,416,762,805,528,111,0,0,151,167,0,0,41,46,15,42,19,17,25,21,25,15,7,13,27,180,1,0,0,0,9,24,3,150,11,9,1,1
2020-01-02 14:20:00,261,1577,750,429,684,564,621,508,1047,421,763,810,563,110,0,0,166,181,0,0,37,55,7,26,15,14,28,6,22,12,4,11,20,143,1,0,0,0,9,18,1,101,12,3,0,0
2020-01-02 14:25:00,279,1623,752,426,690,567,624,520,1051,433,764,804,545,114,0,0,175,193,0,0,33,44,1,20,8,23,20,3,18,12,1,13,16,136,0,0,0,0,13,9,0,55,12,1,2,0
2020-01-02 14:30:00,286,1666,758,428,696,573,646,527,1049,440,764,797,548,119,0,0,171,200,0,0,34,39,1,9,3,18,20,1,16,16,0,11,12,111,1,0,0,0,6,7,0,12,11,0,4,0
2020-01-02 14:35:00,274,1666,766,423,702,584,638,536,1048,449,765,794,537,120,0,0,186,208,0,0,36,43,6,7,0,6,18,0,13,17,0,12,11,96,1,0,0,0,8,5,0,12,11,0,2,0
2020-01-02 14:40:00,284,1678,769,422,707,585,642,539,1056,453,766,792,558,124,0,0,195,194,0,0,29,41,9,7,0,2,20,0,10,13,0,13,15,53,1,0,0,0,7,2,0,0,13,0,1,0
2020-01-02 14:45:00,314,1672,774,423,713,588,645,547,1056,460,767,794,570,130,0,0,205,170,0,0,28,33,6,8,0,0,18,0,6,11,0,12,10,8,3,0,0,6,10,0,0,0,13,0,0,0
2020-01-02 14:50:00,322,1669,776,428,720,589,654,554,1058,467,776,795,557,135,0,0,210,161,0,0,26,21,4,7,0,0,15,0,1,13,0,10,5,0,2,0,0,3,10,0,0,0,11,0,1,0
2020-01-02 14:55:00,299,1667,782,431,726,591,656,557,1058,473,781,796,538,138,0,0,225,161,0,0,25,18,4,3,0,0,14,0,0,14,0,9,8,0,2,0,0,2,10,0,0,0,12,0,0,0
2020-01-02 15:00:00,293,1666,784,433,731,593,680,559,1054,478,784,799,526,139,0,0,212,147,0,0,31,13,3,0,0,0,13,0,0,15,0,8,13,0,1,0,1,1,8,0,0,0,15,0,0,0
2020-01-02 15:05:00,288,1667,787,434,738,595,675,565,1052,482,786,802,524,142,0,0,217,131,0,0,33,9,6,0,0,0,13,0,0,13,0,5,11,0,1,0,0,0,8,0,0,0,15,0,1,0
2020-01-02 15:10:00,279,1667,788,435,746,596,679,572,1053,487,787,805,525,142,0,0,219,119,0,0,29,7,5,0,0,0,13,0,0,9,0,5,10,0,2,0,0,0,7,0,0,0,14,0,0,0
2020-01-02 15:15:00,289,1667,792,435,753,601,696,576,1059,491,788,806,531,143,0,0,203,93,0,0,21,3,0,0,0,0,13,0,0,7,0,1,8,0,1,0,1,0,8,0,0,0,14,0,0,0
2020-01-02 15:20:00,291,1668,793,439,760,601,690,582,1064,495,788,807,541,143,0,0,204,72,0,0,10,2,6,0,0,0,12,0,0,9,0,0,7,0,1,0,1,0,3,0,0,0,11,0,0,0
2020-01-02 15:25:00,285,1669,793,436,767,601,692,584,1063,500,789,806,547,146,0,0,200,57,0,0,4,1,8,0,0,0,11,0,0,14,0,2,7,0,0,0,0,0,8,0,0,0,10,0,0,0
2020-01-02 15:30:00,311,1669,793,441,771,607,713,589,1060,504,789,810,546,146,0,0,178,18,0,0,2,0,3,0,0,0,9,0,0,13,0,3,7,0,2,0,0,0,7,0,0,0,9,0,0,0
2020-01-02 15:35:00,301,1669,793,445,777,609,710,591,1057,507,791,816,560,150,0,0,174,0,0,0,1,0,8,0,0,0,8,0,0,9,0,4,8,0,1,0,0,0,5,0,0,0,6,0,0,0
2020-01-02 15:40:00,280,1669,793,446,780,610,729,596,1056,511,791,816,566,151,0,0,151,0,0,0,1,0,11,0,0,0,9,0,0,5,0,4,10,0,1,0,1,0,6,0,0,0,7,0,0,0
2020-01-02 15:45:00,271,1670,795,448,783,617,741,599,1057,513,792,818,559,151,0,0,132,0,0,0,0,0,11,0,0,0,9,0,0,1,0,3,11,0,1,0,0,0,10,0,0,0,8,0,0,0
2020-01-02 15:50:00,266,1670,796,456,787,621,743,606,1057,515,792,816,552,151,0,0,125,0,0,0,0,0,12,0,0,0,10,0,0,0,0,2,13,0,0,0,1,0,3,0,0,0,6,0,0,0
2020-01-02 15:55:00,264,1671,797,455,791,628,750,610,1056,520,792,814,548,151,0,0,115,0,0,0,0,1,8,0,0,0,7,0,0,0,0,1,13,0,0,0,0,0,2,0,0,0,6,0,0,0
2020-01-02 16:00:00,264,1652,789,454,790,633,770,619,1051,522,788,811,544,151,0,0,91,0,0,0,0,4,7,0,0,1,7,0,0,2,4,1,6,0,0,3,1,9,2,1,10,0,6,3,0,4
2020-01-02 16:05:00,267,1612,782,453,790,636,787,623,1038,521,775,799,538,154,0,0,67,0,0,0,2,10,11,0,0,5,4,4,8,12,10,0,4,0,0,16,6,17,0,1,34,0,4,7,1,2
2020-01-02 16:10:00,267,1568,770,464,789,641,804,624,1013,520,770,791,537,169,0,0,38,0,0,0,3,24,20,0,0,8,2,7,14,22,18,0,3,1,0,19,3,21,0,1,53,0,3,7,1,5
2020-01-02 16:15:00,277,1551,766,483,790,651,829,625,1017,521,778,796,536,179,0,0,3,0,0,0,5,23,23,1,0,6,1,8,8,21,23,0,1,2,0,12,1,7,0,8,42,0,2,4,0,0
2020-01-02 16:20:00,289,1548,766,484,791,667,818,626,1015,521,769,807,551,177,0,0,3,0,0,0,6,22,23,2,0,6,1,4,3,13,19,0,0,1,0,16,0,1,0,10,32,0,6,1,2,0
2020-01-02 16:25:00,299,1545,768,489,792,678,816,626,1013,521,758,810,565,181,0,0,7,0,0,0,7,18,16,2,0,11,2,1,2,6,13,1,3,0,0,12,0,1,0,7,18,0,10,0,2,0
2020-01-02 16:30:00,313,1544,770,491,797,694,817,626,1011,522,753,805,576,181,0,0,9,0,0,0,10,6,3,2,0,14,2,0,3,4,5,2,8,0,0,6,0,0,4,11,3,0,8,0,0,0
2020-01-02 16:35:00,304,1543,770,485,802,703,819,629,1010,522,749,799,587,177,0,0,14,0,0,0,15,8,0,2,0,13,2,0,4,3,0,3,11,0,0,4,0,0,4,6,2,0,9,0,1,0
2020-01-02 16:40:00,305,1543,771,482,805,708,822,634,1011,523,748,797,585,172,0,0,16,0,0,0,22,7,0,3,0,8,3,0,2,2,0,6,8,0,1,1,0,0,0,4,1,0,10,0,0,0
2020-01-02 16:45:00,296,1543,772,479,811,709,827,640,1014,524,748,795,588,168,0,0,15,0,0,0,25,7,0,7,0,4,3,0,0,1,0,7,5,0,0,1,0,0,3,1,0,0,7,0,0,0
2020-01-02 16:50:00,291,1543,773,480,815,710,830,642,1016,524,748,796,583,167,0,0,15,0,0,0,27,6,1,6,0,2,3,0,0,1,0,9,5,0,1,0,0,0,1,2,0,0,3,0,0,0
2020-01-02 16:55:00,289,1540,773,480,818,711,840,645,1020,526,748,795,583,166,0,0,9,0,0,0,23,6,2,2,0,0,2,0,0,2,1,8,5,0,0,1,0,1,1,0,2,0,1,0,0,0
2020-01-02 17:00:00,288,1484,763,476,814,712,845,647,1005,526,733,782,579,167,0,0,8,0,0,0,15,14,1,1,0,5,1,1,9,15,9,6,5,0,0,14,2,30,0,3,28,0,3,4,0,5
2020-01-02 17:05:00,291,1356,721,469,793,713,848,647,944,521,693,750,570,181,0,0,6,0,0,0,9,41,1,0,0,13,6,6,29,54,38,6,4,3,0,54,16,49,6,6,107,0,5,26,3,15
2020-01-02 17:10:00,305,1239,671,465,777,718,848,643,903,516,636,726,558,206,0,0,7,0,0,0,5,63,3,0,0,22,8,12,41,84,76,4,4,9,0,78,21,81,4,13,188,1,3,40,4,18
2020-01-02 17:15:00,321,1167,659,511,773,726,847,645,895,510,589,696,568,192,0,0,11,0,0,0,7,76,3,1,0,28,10,17,36,115,87,4,2,6,0,113,8,104,2,5,232,1,1,25,3,4
2020-01-02 17:20:00,336,1135,655,504,772,738,850,647,883,514,601,722,572,199,0,0,11,0,0,0,12,83,1,4,1,18,5,13,21,106,92,4,1,0,0,108,5,81,1,20,266,0,8,8,0,3
2020-01-02 17:25:00,340,1123,656,491,773,746,850,647,871,517,628,711,597,219,0,0,15,0,0,0,16,98,2,9,2,17,4,7,18,109,85,4,2,0,0,94,0,36,1,18,282,1,9,1,1,0
2020-01-02 17:30:00,354,1114,658,482,780,740,856,648,867,519,623,709,602,237,0,0,17,0,0,0,22,109,2,15,2,22,3,1,10,110,85,5,2,0,0,90,0,9,3,10,290,1,3,0,0,0
2020-01-02 17:35:00,397,1111,658,479,782,750,864,649,865,519,604,722,633,234,0,0,20,0,0,0,23,88,2,14,1,15,5,0,7,91,56,6,7,0,0,93,0,0,1,5,294,0,2,0,3,0
2020-01-02 17:40:00,401,1108,662,489,783,752,876,650,865,521,586,729,629,227,0,0,27,0,0,0,24,91,2,12,0,14,9,0,5,72,53,6,13,0,0,98,0,1,4,5,281,0,2,0,3,0
2020-01-02 17:45:00,393,1107,667,496,784,754,886,656,863,522,578,743,659,240,0,0,34,0,0,0,27,91,0,13,0,20,10,0,5,45,18,4,14,0,1,82,0,0,8,2,275,0,3,0,0,0
2020-01-02 17:50:00,415,1106,669,498,785,756,898,663,866,524,574,759,652,259,0,0,37,0,0,0,28,76,0,12,0,26,13,0,3,14,4,5,16,0,2,50,0,0,6,4,276,0,4,0,0,0
2020-01-02 17:55:00,414,1099,665,520,786,764,911,669,866,530,569,743,652,275,0,0,40,0,0,0,34,73,0,10,0,28,15,0,0,15,3,8,15,1,0,18,1,3,4,3,258,0,5,1,0,2
2020-01-02 18:00:00,445,1014,645,535,780,772,926,674,839,530,534,724,643,258,0,0,43,0,0,0,35,71,1,10,0,32,18,2,4,22,20,8,10,5,0,38,6,30,5,6,286,0,14,9,2,4
2020-01-02 18:05:00,436,774,548,499,751,778,939,674,724,526,461,680,636,283,0,0,46,0,0,0,43,90,4,14,0,44,24,11,18,101,86,8,11,10,1,84,19,77,10,30,455,0,23,40,9,33
2020-01-02 18:10:00,438,521,454,496,729,791,948,671,669,528,345,621,654,265,0,0,50,0,0,0,45,97,8,14,0,56,26,17,33,179,162,6,11,13,1,177,24,160,12,25,633,1,18,65,7,30
2020-01-02 18:15:00,437,381,395,548,719,801,966,674,624,529,299,602,669,265,0,0,49,0,0,0,43,92,5,16,1,56,31,19,27,239,213,6,10,11,2,218,14,190,5,27,706,2,11,60,6,32
2020-01-02 18:20:00,431,290,372,549,716,804,981,677,623,539,255,582,685,258,0,0,49,0,0,0,39,90,1,14,1,72,27,11,12,289,230,8,17,5,1,255,9,215,10,36,749,2,15,64,4,13
2020-01-02 18:25:00,426,241,366,527,716,814,1001,683,614,549,277,572,690,281,0,0,49,0,0,0,24,88,1,7,1,68,19,5,9,324,237,15,23,1,0,246,5,185,5,40,798,1,25,59,7,1
2020-01-02 18:30:00,429,218,373,559,725,832,1016,694,592,559,259,570,702,303,0,0,44,0,0,0,17,84,1,7,2,51,9,1,6,352,236,20,20,0,0,245,2,176,2,27,808,0,27,25,6,1
2020-01-02 18:35:00,444,204,383,546,740,856,1023,706,587,566,273,567,709,305,0,0,43,0,0,0,8,80,5,14,2,20,2,0,2,367,236,21,15,0,1,241,0,149,3,32,821,0,18,6,5,0
2020-01-02 18:40:00,457,196,391,529,752,851,1034,714,583,568,288,591,729,305,0,0,41,0,0,0,0,64,7,27,1,12,1,0,1,350,236,22,21,0,0,244,0,114,2,28,829,0,8,1,3,0
2020-01-02 18:45:00,482,193,401,517,758,849,1053,721,577,568,300,584,745,337,0,0,39,0,0,0,0,35,4,28,0,8,9,0,0,354,236,19,22,0,1,226,0,75,3,18,832,1,3,0,2,0
2020-01-02 18:50:00,507,191,409,555,760,850,1080,735,573,568,316,579,768,344,0,0,39,0,0,0,0,15,1,20,0,4,11,0,0,357,225,17,18,0,1,226,0,29,1,6,789,1,4,0,1,0
2020-01-02 18:55:00,518,188,415,533,761,844,1101,743,573,569,304,576,773,343,0,0,34,0,0,0,0,3,2,17,0,5,11,0,0,357,224,13,22,0,1,244,0,3,6,16,787,0,14,0,0,0
2020-01-02 19:00:00,509,164,409,523,761,846,1115,751,567,577,269,589,787,357,0,0,41,0,0,0,0,0,5,9,0,8,5,0,0,341,224,13,21,2,0,253,0,11,7,11,800,0,16,3,1,5
2020-01-02 19:05:00,504,114,375,518,762,849,1129,761,543,576,234,582,784,365,0,0,46,0,0,0,0,0,6,2,0,31,6,3,8,336,256,16,23,4,1,267,0,34,7,7,816,0,10,13,5,7
2020-01-02 19:10:00,502,68,347,517,756,857,1136,768,506,574,223,542,780,347,0,0,48,0,0,0,0,0,7,2,0,54,12,6,12,377,280,17,29,4,0,308,0,37,6,7,819,0,15,21,3,13
2020-01-02 19:15:00,493,44,329,558,754,884,1142,781,500,574,193,527,782,351,0,0,52,0,0,0,0,0,6,2,0,45,12,8,9,394,297,20,25,3,0,336,0,40,5,2,792,0,15,18,2,5
2020-01-02 19:20:00,493,29,326,550,761,896,1156,796,486,576,198,519,795,364,0,0,47,0,0,0,0,0,4,7,1,44,10,6,7,407,281,17,22,1,0,338,0,20,3,13,793,0,16,10,4,4
2020-01-02 19:25:00,505,21,332,543,764,904,1163,806,478,583,182,559,808,363,0,0,44,0,0,0,0,0,5,12,3,35,4,3,2,375,275,14,16,0,0,353,0,10,2,12,793,0,18,5,6,2
2020-01-02 19:30:00,511,18,343,540,774,916,1175,818,476,585,170,557,803,352,0,0,45,0,0,0,0,0,6,16,3,32,8,1,0,361,275,12,12,0,0,371,0,3,5,8,787,0,13,3,1,0
2020-01-02 19:35:00,514,17,348,544,780,919,1187,822,472,586,158,548,794,360,0,0,47,0,0,0,0,0,5,24,1,37,10,0,0,355,275,10,15,0,1,369,0,1,3,6,779,0,11,2,0,0
2020-01-02 19:40:00,516,17,349,539,786,924,1206,830,469,587,152,552,806,389,0,0,44,0,0,0,0,0,4,27,0,36,10,0,1,338,259,11,12,0,0,340,0,0,1,5,777,0,11,1,1,0
2020-01-02 19:45:00,533,17,354,540,791,939,1232,837,469,593,148,546,815,382,0,0,37,0,0,0,0,0,3,21,0,21,12,0,1,330,239,8,9,0,0,336,0,0,3,1,771,0,12,0,0,0
2020-01-02 19:50:00,549,17,357,541,797,945,1253,842,470,596,146,564,810,405,0,0,33,0,0,0,0,0,2,18,0,13,12,0,0,303,225,5,11,0,0,306,0,0,1,1,767,0,11,0,0,0
2020-01-02 19:55:00,560,16,359,538,803,944,1270,846,470,597,143,577,802,411,0,0,36,0,0,0,0,0,1,19,0,21,15,0,0,271,222,3,10,0,0,286,0,1,3,1,767,0,8,0,0,0
2020-01-02 20:00:00,570,15,355,538,808,945,1288,853,467,605,143,588,826,424,0,0,39,0,0,0,0,0,0,15,0,30,12,0,1,242,196,1,4,0,1,257,0,1,2,1,767,0,5,0,0,1
2020-01-02 20:05:00,586,12,346,536,810,956,1307,855,464,607,139,593,834,434,0,0,39,0,0,0,0,0,1,10,0,35,15,1,1,215,176,0,4,1,0,235,0,3,9,2,767,0,4,1,0,2
2020-01-02 20:10:00,607,11,335,544,811,963,1315,855,460,611,135,603,845,447,0,0,47,0,0,0,0,0,4,12,0,35,22,1,1,185,146,1,10,2,0,207,0,1,7,1,765,0,4,2,0,5
2020-01-02 20:15:00,626,9,329,546,813,980,1329,858,459,616,133,580,838,461,0,0,47,0,0,0,0,0,5,12,0,31,25,1,2,188,135,2,14,1,0,172,0,2,10,0,765,0,8,1,1,1
2020-01-02 20:20:00,645,8,326,551,814,989,1345,865,457,621,130,584,836,483,0,0,47,0,0,0,0,0,5,12,1,22,25,1,1,177,123,2,15,0,1,129,0,1,6,1,765,0,11,1,0,0
2020-01-02 20:25:00,661,8,323,551,820,996,1356,872,455,632,130,587,834,497,0,0,51,0,0,0,0,0,7,17,2,13,20,1,0,165,115,3,13,0,1,85,0,0,6,1,765,0,10,1,0,2
2020-01-02 20:30:00,673,7,323,552,825,997,1372,880,454,640,130,599,831,501,0,0,56,0,0,0,0,0,7,17,2,9,18,1,0,147,116,4,9,0,1,49,0,1,2,1,765,0,10,0,1,0
2020-01-02 20:35:00,674,7,325,551,830,1005,1380,885,453,646,132,636,828,512,0,0,71,0,0,0,0,0,8,10,1,10,16,0,0,102,116,6,10,0,0,11,0,0,2,0,764,0,9,0,0,0
2020-01-02 20:40:00,685,7,324,550,835,1010,1388,889,452,652,131,656,858,491,0,0,83,0,0,0,0,0,6,3,0,27,14,0,1,59,87,8,10,0,0,1,0,0,2,0,764,0,7,0,0,0
2020-01-02 20:45:00,690,7,325,552,839,1022,1402,895,452,658,131,653,880,473,0,0,82,0,0,0,0,0,1,1,0,42,17,0,2,30,55,7,10,0,0,0,0,0,7,1,763,0,3,0,0,0
2020-01-02 20:50:00,686,7,327,558,842,1041,1405,899,453,662,131,645,883,468,0,0,91,0,0,0,1,0,0,2,0,43,21,0,1,9,31,7,16,0,0,0,0,0,7,0,763,0,1,0,0,0
2020-01-02 20:55:00,685,7,330,565,842,1057,1413,905,454,666,131,630,870,466,0,0,92,0,0,0,1,0,0,8,0,41,20,0,0,1,22,4,19,0,1,0,0,0,6,0,759,0,5,0,0,0
2020-01-02 21:00:00,681,7,332,589,843,1055,1426,915,454,675,132,616,872,465,0,0,89,0,0,0,1,0,2,16,0,43,16,0,0,0,3,3,13,0,0,0,0,0,7,2,736,0,7,0,0,0
2020-01-02 21:05:00,681,7,332,604,847,1066,1427,924,454,683,132,610,858,465,0,0,97,0,0,0,1,0,7,19,0,26,11,0,0,0,1,4,7,0,0,0,0,0,6,10,714,0,7,0,0,0
2020-01-02 21:10:00,676,7,334,627,850,1080,1451,928,455,686,132,609,861,468,0,0,83,0,0,0,1,0,7,19,0,5,8,0,0,0,0,2,7,0,0,0,0,0,3,8,677,1,15,0,0,0
2020-01-02 21:15:00,674,7,334,652,854,1079,1477,931,454,691,132,609,861,469,0,0,67,0,0,0,1,0,3,20,0,1,3,0,0,1,0,3,7,0,0,0,0,0,3,14,635,1,17,0,0,0
2020-01-02 21:20:00,672,8,335,672,865,1079,1497,935,454,694,132,609,869,470,0,0,54,0,0,0,1,0,5,13,0,0,0,0,0,1,0,3,8,0,0,0,0,0,0,24,588,0,12,0,0,0
2020-01-02 21:25:00,672,8,336,683,871,1080,1516,938,454,694,132,610,887,470,0,0,42,0,0,0,1,0,7,3,0,0,0,0,0,0,0,5,8,0,0,0,0,0,0,21,539,0,23,0,0,0
2020-01-02 21:30:00,672,8,336,686,877,1084,1536,943,455,694,132,609,900,470,0,0,23,0,0,0,0,0,5,0,0,0,1,0,0,0,0,7,9,0,0,0,0,0,0,29,491,0,33,0,0,0
2020-01-02 21:35:00,672,8,337,696,894,1087,1549,946,454,694,132,609,919,470,0,0,5,0,0,0,0,0,7,0,0,0,1,0,0,1,0,12,10,0,0,0,0,0,0,19,454,0,24,0,0,0
2020-01-02 21:40:00,672,8,338,698,910,1089,1549,952,454,694,132,609,922,470,0,0,1,0,0,0,0,0,9,0,0,0,1,0,0,1,0,15,16,0,0,0,0,0,0,29,420,0,11,0,0,0
2020-01-02 21:45:00,672,8,341,707,918,1094,1549,956,454,695,132,610,936,470,0,0,0,0,0,0,0,0,5,0,0,0,0,0,0,0,0,16,23,0,0,0,0,0,0,23,379,0,12,0,0,0
2020-01-02 21:50:00,672,8,343,717,921,1098,1549,968,454,695,132,609,945,470,0,0,0,0,0,0,0,0,1,0,0,0,1,0,0,0,0,16,21,0,0,0,0,0,0,16,334,0,30,0,0,0
2020-01-02 21:55:00,672,8,349,730,930,1099,1549,979,454,695,132,609,951,470,0,0,0,0,0,0,0,0,0,0,0,0,1,0,0,0,0,15,15,0,0,0,0,0,0,27,285,0,30,0,0,0
2020-01-02 22:00:00,672,8,353,739,951,1099,1549,989,454,695,132,609,968,470,0,0,0,0,0,0,0,0,0,0,0,0,1,0,0,0,0,15,11,0,0,0,0,0,0,26,237,0,22,0,0,0
2020-01-02 22:05:00,672,8,357,745,960,1099,1549,994,454,696,132,609,978,470,0,0,0,0,0,0,0,0,0,0,0,0,0,0,0,0,0,14,16,0,0,0,0,0,0,32,187,0,28,0,0,0
2020-01-02 22:10:00,672,8,359,756,973,1099,1549,1000,454,696,132,609,993,470,0,0,0,0,0,0,0,0,0,0,0,0,0,0,0,0,0,13,21,0,0,0,0,0,0,29,137,0,30,0,0,0
2020-01-02 22:15:00,672,8,364,770,988,1099,1549,1010,454,696,132,609,1003,470,0,0,0,0,0,0,0,0,0,0,0,0,0,0,0,0,0,9,23,0,0,0,0,0,0,26,87,0,31,0,0,0
2020-01-02 22:20:00,672,8,368,784,1003,1099,1549,1021,454,696,132,609,1015,470,0,0,0,0,0,0,0,0,0,0,0,0,0,0,0,0,0,10,21,0,0,0,0,0,0,19,37,0,33,0,0,0
2020-01-02 22:25:00,672,8,371,785,1019,1099,1549,1033,454,696,132,609,1021,470,0,0,0,0,0,0,0,0,0,0,0,0,0,0,0,0,0,10,19,0,0,0,0,0,0,18,0,0,35,0,0,0
2020-01-02 22:30:00,672,8,372,755,1036,1099,1549,1042,454,696,132,609,1025,470,0,0,0,0,0,0,0,0,0,0,0,0,0,0,0,0,0,12,21,0,0,0,0,0,0,21,0,0,27,0,0,0
2020-01-02 22:35:00,672,8,373,741,1053,1099,1549,1052,454,696,132,609,1036,470,0,0,0,0,0,0,0,0,0,0,0,0,0,0,0,0,0,14,18,0,0,0,0,0,0,11,0,0,13,0,0,0
2020-01-02 22:40:00,672,8,378,735,1063,1099,1549,1063,454,696,132,609,1035,470,0,0,0,0,0,0,0,0,0,0,0,0,0,0,0,0,0,11,17,0,0,0,0,0,0,4,0,0,5,0,0,0
