,Bishan,CCK,Tampines,Woodlands,Tiong Bahru,Tuas,CBD,Punggol,Paya Lebar,Toa Payoh,Buona,Serangoon,Jurong,Town,Bishan->Serangoon,Serangoon->Bishan,Bishan->Woodlands,Woodlands->Bishan,Bishan->Toa Payoh,Toa Payoh->Bishan,Bishan->Buona,Buona->Bishan,Woodlands->CCK,CCK->Woodlands,CCK->Jurong,Jurong->CCK,Jurong->Tuas,Tuas->Jurong,Jurong->Buona,Buona->Jurong,Tiong Bahru->Serangoon,Serangoon->Tiong Bahru,Serangoon->Punggol,Punggol->Serangoon,Toa Payoh->Town,Town->Toa Payoh,Town->CBD,CBD->Town,Serangoon->Paya Lebar,Paya Lebar->Serangoon,CBD->Paya Lebar,Paya Lebar->CBD,Paya Lebar->Tampines,Tampines->Paya Lebar,Buona->Tiong Bahru,Tiong Bahru->Buona,Tiong Bahru->CBD,CBD->Tiong Bahru
2020-01-01 05:05:00,694,1097,1074,1555,387,701,9,1064,736,466,444,1028,608,137,0,0,0,0,0,0,0,0,0,0,0,0,0,0,0,0,0,0,0,0,0,0,0,0,0,0,0,0,0,0,0,0,0,0
2020-01-01 05:10:00,694,1097,1074,1555,387,701,9,1064,736,466,444,1028,608,137,0,0,0,0,0,0,0,0,0,0,0,0,0,0,0,0,0,0,0,0,0,0,0,0,0,0,0,0,0,0,0,0,0,0
2020-01-01 05:15:00,694,1097,1074,1555,387,701,9,1064,736,466,444,1028,608,137,0,0,0,0,0,0,0,0,0,0,0,0,0,0,0,0,0,0,0,0,0,0,0,0,0,0,0,0,0,0,0,0,0,0
2020-01-01 05:20:00,694,1097,1074,1555,387,701,9,1064,736,466,444,1028,608,137,0,0,0,0,0,0,0,0,0,0,0,0,0,0,0,0,0,0,0,0,0,0,0,0,0,0,0,0,0,0,0,0,0,0
2020-01-01 05:25:00,694,1097,1074,1555,387,701,9,1064,736,466,444,1028,608,137,0,0,0,0,0,0,0,0,0,0,0,0,0,0,0,0,0,0,0,0,0,0,0,0,0,0,0,0,0,0,0,0,0,0
2020-01-01 05:30:00,694,1097,1074,1555,387,701,9,1064,736,466,444,1028,608,137,0,0,0,0,0,0,0,0,0,0,0,0,0,0,0,0,0,0,0,0,0,0,0,0,0,0,0,0,0,0,0,0,0,0
2020-01-01 05:35:00,694,1097,1074,1555,387,701,9,1064,736,466,444,1028,608,137,0,0,0,0,0,0,0,0,0,0,0,0,0,0,0,0,0,0,0,0,0,0,0,0,0,0,0,0,0,0,0,0,0,0
2020-01-01 05:40:00,694,1097,1074,1555,387,701,9,1064,736,466,444,1028,608,137,0,0,0,0,0,0,0,0,0,0,0,0,0,0,0,0,0,0,0,0,0,0,0,0,0,0,0,0,0,0,0,0,0,0
2020-01-01 05:45:00,694,1097,1074,1555,387,701,9,1064,736,466,444,1028,608,137,0,0,0,0,0,0,0,0,0,0,0,0,0,0,0,0,0,0,0,0,0,0,0,0,0,0,0,0,0,0,0,0,0,0
2020-01-01 05:50:00,694,1097,1070,1555,387,693,9,1061,736,466,444,1028,608,137,0,0,0,0,0,0,0,0,0,0,0,0,0,8,0,0,0,0,0,3,0,0,0,0,0,0,0,0,0,4,0,0,0,0
2020-01-01 05:55:00,694,1097,1070,1555,387,693,9,1061,736,466,444,1028,608,137,0,0,0,0,0,0,0,0,0,0,0,0,0,8,0,0,0,0,0,3,0,0,0,0,0,0,0,0,0,4,0,0,0,0
2020-01-01 06:00:00,694,1092,1065,1555,387,693,9,1061,740,466,444,1031,608,137,0,0,0,0,0,0,0,0,0,5,0,0,0,8,0,0,0,0,0,0,0,0,0,0,0,0,0,0,0,5,0,0,0,0
2020-01-01 06:05:00,700,1092,1062,1555,387,673,9,1058,735,463,444,1028,616,137,0,0,0,0,0,0,0,0,0,5,0,0,0,20,0,0,0,0,0,3,0,0,0,0,0,0,0,5,0,8,0,0,0,0
2020-01-01 06:10:00,698,1082,1060,1560,387,670,9,1046,739,463,444,1027,609,136,0,0,0,0,0,0,3,0,0,10,0,0,0,23,7,0,0,0,0,15,0,0,1,0,0,0,0,6,0,5,0,0,0,0
2020-01-01 06:15:00,696,1069,1044,1551,386,668,15,1046,737,463,444,1030,607,136,0,0,0,9,0,0,5,0,0,22,1,0,0,25,9,0,1,0,0,12,0,0,0,0,0,4,0,2,0,18,0,0,0,0
2020-01-01 06:20:00,701,1069,1040,1553,389,648,13,1041,733,462,451,1041,626,136,0,0,0,11,0,0,6,0,6,12,1,0,0,25,3,0,1,0,0,5,0,0,0,0,0,2,0,5,0,20,0,0,0,0
2020-01-01 06:25:00,720,1050,1035,1538,388,646,11,1018,744,459,440,1023,606,136,0,0,0,29,0,0,10,5,15,19,0,0,0,24,25,2,1,0,0,28,0,0,0,0,0,1,0,8,0,9,6,4,0,0
2020-01-01 06:30:00,705,1041,1015,1510,384,646,13,1012,729,459,445,1024,600,130,0,0,14,57,0,0,13,8,9,29,5,0,0,22,32,2,8,0,0,29,0,2,4,0,0,18,0,5,0,25,0,5,0,0
2020-01-01 06:35:00,718,1040,1006,1521,382,619,21,1009,725,455,471,1059,616,127,0,0,20,52,0,0,14,8,4,12,13,0,0,29,14,4,7,0,0,9,0,2,1,0,0,4,0,6,0,29,1,2,0,0
2020-01-01 06:40:00,744,1014,999,1489,379,616,17,978,739,449,450,1042,595,126,0,0,26,84,0,0,18,25,12,17,19,7,0,30,27,13,8,0,0,34,0,0,1,0,0,2,3,9,0,16,6,6,0,0
2020-01-01 06:45:00,747,995,973,1451,369,616,20,965,721,442,450,1024,593,120,0,0,56,106,0,0,21,27,8,29,20,8,0,30,34,14,21,4,0,44,1,3,3,0,8,25,5,6,0,33,4,4,0,0
2020-01-01 06:50:00,752,998,972,1464,364,592,29,958,721,437,465,1092,627,118,0,0,58,84,0,0,22,28,10,14,21,1,8,27,18,13,14,5,0,20,0,2,1,0,5,12,6,8,0,27,4,3,0,0
2020-01-01 06:55:00,764,963,957,1415,366,590,24,915,730,427,444,1082,597,117,0,0,63,120,0,0,24,47,39,23,25,16,15,26,29,24,14,6,19,50,0,0,1,0,3,7,10,14,9,16,5,4,0,0
2020-01-01 07:00:00,778,957,938,1380,348,590,24,905,695,421,433,1047,588,111,0,0,98,121,0,0,33,40,35,34,18,22,19,26,43,21,25,7,31,53,0,3,3,1,25,32,12,13,15,34,10,11,0,0
2020-01-01 07:05:00,775,986,946,1415,357,579,30,915,716,426,456,1124,616,112,0,0,94,87,0,0,31,39,18,14,18,9,22,21,30,15,13,7,24,19,1,0,0,0,11,14,10,10,12,20,3,5,0,0
2020-01-01 07:10:00,781,960,947,1379,353,586,27,903,717,424,439,1080,583,112,0,0,95,115,0,0,29,50,41,26,28,24,24,19,26,31,13,9,52,33,1,0,1,2,8,5,9,15,26,6,12,9,0,0
2020-01-01 07:15:00,791,961,940,1362,359,590,25,898,690,423,432,1031,580,110,0,0,131,97,0,0,32,42,38,31,21,25,26,19,31,33,16,11,66,41,3,2,3,0,26,25,9,14,31,18,9,8,0,0
2020-01-01 07:20:00,770,1001,959,1414,351,585,43,933,705,429,445,1088,607,109,0,0,115,67,0,0,23,36,16,9,15,7,35,16,21,25,4,14,40,22,2,3,1,0,16,6,10,7,23,14,7,7,0,0
2020-01-01 07:25:00,747,987,965,1395,359,594,34,954,713,437,443,1080,587,109,0,0,102,79,0,0,22,35,42,20,17,24,37,16,11,31,3,13,49,10,1,1,1,0,6,8,19,7,25,6,7,4,0,0
2020-01-01 07:30:00,762,989,970,1391,365,600,27,958,695,433,431,1033,588,105,0,0,112,56,0,0,22,28,46,26,9,28,42,16,9,31,3,12,63,15,2,1,4,3,35,14,19,8,26,12,5,6,0,0
2020-01-01 07:35:00,740,1042,982,1447,371,619,27,989,733,439,434,1047,612,109,0,0,82,36,0,0,15,21,19,10,1,11,34,1,5,25,0,14,43,14,0,1,0,1,20,5,11,5,22,8,1,4,0,0
2020-01-01 07:40:00,700,1022,990,1452,368,628,25,1011,735,447,432,1040,596,107,0,0,70,31,0,0,12,17,35,27,14,15,37,3,7,23,0,11,51,10,1,2,1,1,11,7,12,3,31,6,3,6,0,0
2020-01-01 07:45:00,706,1025,991,1460,368,628,19,1022,725,452,435,1018,594,109,0,0,60,13,0,0,9,12,35,30,17,15,35,14,6,19,0,9,62,10,2,0,0,1,14,8,13,2,41,13,1,7,0,0
2020-01-01 07:50:00,707,1054,1009,1502,372,628,13,1055,736,456,445,1019,612,112,0,0,36,2,0,0,4,4,17,15,3,7,28,25,1,14,0,8,40,7,2,0,0,1,7,2,10,0,32,12,1,2,0,0
2020-01-01 07:55:00,703,1050,1025,1517,378,637,10,1081,746,453,442,1018,619,115,0,0,21,0,0,0,4,0,17,25,0,6,16,28,1,12,0,3,21,3,2,0,0,1,8,1,4,1,22,7,1,2,0,0
2020-01-01 08:00:00,700,1052,1026,1534,380,633,7,1082,749,454,444,1015,627,117,0,0,8,1,0,0,3,0,12,26,0,3,10,30,7,8,0,2,10,13,0,0,1,1,5,1,2,7,15,15,0,0,0,0
2020-01-01 08:05:00,698,1036,998,1533,381,595,8,1058,747,454,445,1006,630,118,0,0,5,20,0,0,11,0,5,25,12,0,5,61,21,3,0,1,6,44,0,0,0,1,0,0,2,13,9,49,0,0,0,0
2020-01-01 08:10:00,692,991,966,1437,382,541,13,1019,755,453,450,1016,614,119,0,0,2,126,0,0,21,0,4,25,51,0,3,112,38,1,1,0,3,73,0,0,0,0,0,0,0,12,4,75,1,0,0,0
2020-01-01 08:15:00,705,902,938,1222,386,464,16,996,779,449,459,1032,631,118,0,0,0,337,0,0,26,0,24,19,120,0,0,179,32,1,1,0,0,68,0,0,1,0,0,0,0,18,1,69,6,1,0,0
2020-01-01 08:20:00,761,783,871,968,392,377,18,905,761,434,467,1017,681,115,0,0,0,533,0,0,42,4,88,18,194,0,0,223,41,1,1,0,0,117,0,0,3,0,0,0,0,68,1,99,13,4,0,0
2020-01-01 08:25:00,795,670,765,759,401,313,32,749,741,423,457,977,726,109,0,0,0,680,0,0,95,8,119,11,245,0,1,231,124,5,2,0,0,247,0,0,6,0,0,5,0,101,1,174,23,5,0,0
2020-01-01 08:30:00,782,621,646,602,414,265,93,579,753,403,481,1029,778,100,0,0,0,792,0,0,159,11,106,8,242,1,1,199,232,15,3,1,0,326,0,1,8,0,3,5,3,97,0,226,10,5,0,0
2020-01-01 08:35:00,795,554,504,482,426,229,121,469,776,373,539,1052,747,96,0,0,4,872,0,0,232,19,96,8,253,3,1,148,367,23,8,16,0,280,5,0,4,0,53,2,13,135,0,262,24,9,0,0
2020-01-01 08:40:00,802,491,380,409,438,203,133,400,793,393,605,807,654,97,0,0,8,805,0,0,340,25,82,2,290,4,1,111,472,24,14,49,1,322,36,0,4,0,158,6,22,237,0,266,79,37,0,0
2020-01-01 08:45:00,602,435,294,360,487,179,181,360,832,398,540,744,598,117,0,0,12,835,0,0,406,30,61,2,275,7,8,87,690,33,15,103,2,221,88,0,16,1,135,4,27,344,8,278,133,52,0,0
2020-01-01 08:50:00,464,394,239,325,565,161,327,328,800,348,489,632,535,180,0,0,18,853,0,0,433,32,38,4,250,7,20,69,891,94,14,153,8,142,120,0,26,8,136,1,32,455,28,227,101,53,0,0
2020-01-01 08:55:00,455,347,220,312,573,151,313,313,765,313,426,506,469,241,0,0,17,787,0,0,486,28,25,4,240,2,35,53,1004,182,9,171,16,89,114,0,67,63,118,12,32,720,49,134,69,70,0,0
2020-01-01 09:00:00,410,314,222,308,517,149,393,310,667,304,415,452,511,324,0,0,17,729,0,0,440,19,16,9,172,1,49,38,1149,190,3,165,16,26,109,0,94,73,89,9,27,964,64,78,79,79,0,0
2020-01-01 09:05:00,354,282,241,309,508,157,520,314,577,285,517,367,604,407,0,0,14,693,0,0,466,10,12,10,103,1,53,24,1115,169,1,133,12,15,107,0,99,74,72,5,27,1134,70,28,47,64,0,0
2020-01-01 09:10:00,312,266,271,319,496,171,617,318,469,256,530,319,645,501,0,0,8,656,0,0,412,7,7,7,58,0,49,15,1180,140,0,94,10,8,105,0,87,58,41,9,25,1302,68,15,105,44,0,0
2020-01-01 09:15:00,385,253,303,324,545,191,836,322,391,228,663,304,718,592,0,0,7,510,0,0,361,6,4,4,38,0,33,7,1082,101,0,68,10,4,92,0,72,49,22,7,14,1282,62,8,70,32,0,0
2020-01-01 09:20:00,378,245,334,331,569,207,909,326,332,255,718,293,755,682,0,0,3,404,0,0,239,7,2,1,27,0,22,3,1069,85,0,52,6,2,76,0,51,55,14,3,5,1351,53,5,115,16,0,0
2020-01-01 09:25:00,408,239,363,332,622,218,1127,330,297,265,869,292,808,768,0,0,2,253,0,0,132,8,1,1,17,0,13,2,950,59,0,42,1,2,92,0,45,30,10,3,4,1251,41,2,81,20,0,0
2020-01-01 09:30:00,466,237,386,333,650,223,1305,331,278,275,928,306,848,851,0,0,2,62,0,0,55,6,0,0,10,0,8,1,866,48,0,38,1,1,96,0,39,40,9,1,5,1149,30,1,105,10,0,0
2020-01-01 09:35:00,367,235,403,335,691,228,1375,331,271,294,950,324,877,938,0,0,1,3,0,0,17,3,0,0,5,0,3,1,784,40,0,34,1,0,102,0,49,35,18,1,2,1152,21,1,96,12,0,0
2020-01-01 09:40:00,265,234,416,335,712,231,1623,332,281,255,1001,333,905,1024,0,0,1,0,0,0,11,2,0,0,3,0,0,0,657,24,0,29,2,0,111,0,51,22,19,0,0,1008,17,0,85,11,0,0
2020-01-01 09:45:00,210,233,424,335,728,231,1837,332,287,201,1096,329,921,1094,0,0,1,0,0,0,3,1,0,0,2,0,2,0,486,10,0,19,5,0,91,0,63,27,18,1,0,890,19,0,93,11,0,0
2020-01-01 09:50:00,182,233,433,335,760,231,2057,334,295,158,1262,320,929,1145,0,0,1,0,0,0,2,1,0,0,1,0,2,0,239,3,0,12,4,0,64,0,67,24,15,0,0,771,20,0,93,7,0,0
2020-01-01 09:55:00,167,233,443,336,791,231,2312,337,307,122,1414,319,932,1177,0,0,0,0,0,0,0,1,0,0,0,0,2,0,9,2,0,10,3,0,43,0,56,15,6,0,0,627,13,0,86,6,0,0
2020-01-01 10:00:00,165,233,453,336,817,233,2648,338,309,100,1380,315,933,1194,0,0,0,0,0,0,0,1,0,0,0,0,0,0,1,1,0,4,2,0,25,0,41,20,4,0,0,388,7,0,47,5,0,0
2020-01-01 10:05:00,162,233,456,336,818,233,2987,340,312,89,1368,313,934,1215,0,0,0,0,0,0,0,1,0,0,0,0,0,0,0,0,0,2,0,0,14,0,24,14,2,0,0,118,5,0,18,6,0,0
2020-01-01 10:10:00,162,233,460,336,800,233,3144,340,314,81,1368,313,934,1224,0,0,0,0,0,0,0,1,0,0,0,0,0,0,0,0,0,1,0,0,8,0,19,15,0,0,0,2,1,0,6,5,0,0
2020-01-01 10:15:00,162,233,461,336,781,233,3182,340,313,77,1371,313,934,1239,0,0,0,0,0,0,0,1,0,0,0,0,0,0,0,0,0,0,0,0,4,0,8,7,0,0,0,0,1,0,2,2,0,0
2020-01-01 10:20:00,163,233,461,336,769,233,3201,340,312,75,1373,313,934,1246,0,0,0,0,0,0,0,0,0,0,0,0,0,0,0,0,0,0,0,0,2,0,4,2,0,0,0,0,2,0,0,1,0,0
2020-01-01 10:25:00,163,233,462,336,764,233,3209,340,312,74,1374,313,934,1249,0,0,0,0,0,0,0,0,0,0,0,0,0,0,0,0,0,0,0,0,1,0,1,1,0,0,0,0,1,0,0,0,0,0
2020-01-01 10:30:00,163,233,463,336,761,233,3213,340,312,73,1374,313,934,1250,0,0,0,0,0,0,0,0,0,0,0,0,0,0,0,0,0,0,0,0,1,0,1,0,0,0,0,0,0,0,0,0,0,0
2020-01-01 10:35:00,163,233,463,336,761,233,3214,340,312,73,1374,313,934,1250,0,0,0,0,0,0,0,0,0,0,0,0,0,0,0,0,0,0,0,0,0,0,1,0,0,0,0,0,0,0,0,0,0,0
2020-01-01 10:40:00,163,233,463,336,761,233,3215,340,312,73,1374,313,934,1250,0,0,0,0,0,0,0,0,0,0,0,0,0,0,0,0,0,0,0,0,0,0,0,0,0,0,0,0,0,0,0,0,0,0
2020-01-01 10:45:00,163,233,463,336,761,233,3215,340,312,73,1374,313,934,1250,0,0,0,0,0,0,0,0,0,0,0,0,0,0,0,0,0,0,0,0,0,0,0,0,0,0,0,0,0,0,0,0,0,0
2020-01-01 10:50:00,163,233,463,336,761,233,3215,340,312,73,1374,313,934,1250,0,0,0,0,0,0,0,0,0,0,0,0,0,0,0,0,0,0,0,0,0,0,0,0,0,0,0,0,0,0,0,0,0,0
2020-01-01 10:55:00,163,233,463,336,761,233,3215,340,312,73,1374,313,934,1250,0,0,0,0,0,0,0,0,0,0,0,0,0,0,0,0,0,0,0,0,0,0,0,0,0,0,0,0,0,0,0,0,0,0
2020-01-01 11:00:00,163,233,463,336,761,233,3215,340,312,73,1374,313,934,1250,0,0,0,0,0,0,0,0,0,0,0,0,0,0,0,0,0,0,0,0,0,0,0,0,0,0,0,0,0,0,0,0,0,0
2020-01-01 11:05:00,163,233,463,336,761,233,3215,340,312,73,1374,313,934,1250,0,0,0,0,0,0,0,0,0,0,0,0,0,0,0,0,0,0,0,0,0,0,0,0,0,0,0,0,0,0,0,0,0,0
2020-01-01 11:10:00,163,233,463,336,761,233,3215,340,312,73,1374,313,934,1250,0,0,0,0,0,0,0,0,0,0,0,0,0,0,0,0,0,0,0,0,0,0,0,0,0,0,0,0,0,0,0,0,0,0
2020-01-01 11:15:00,163,233,463,336,761,233,3215,340,312,73,1374,313,934,1250,0,0,0,0,0,0,0,0,0,0,0,0,0,0,0,0,0,0,0,0,0,0,0,0,0,0,0,0,0,0,0,0,0,0
2020-01-01 11:20:00,163,233,463,336,761,233,3215,340,312,73,1374,313,934,1250,0,0,0,0,0,0,0,0,0,0,0,0,0,0,0,0,0,0,0,0,0,0,0,0,0,0,0,0,0,0,0,0,0,0
2020-01-01 11:25:00,163,233,463,336,761,233,3215,340,312,73,1374,313,934,1250,0,0,0,0,0,0,0,0,0,0,0,0,0,0,0,0,0,0,0,0,0,0,0,0,0,0,0,0,0,0,0,0,0,0
2020-01-01 11:30:00,163,233,463,336,761,233,3215,340,312,73,1374,313,934,1250,0,0,0,0,0,0,0,0,0,0,0,0,0,0,0,0,0,0,0,0,0,0,0,0,0,0,0,0,0,0,0,0,0,0
2020-01-01 11:35:00,163,233,463,336,761,233,3215,340,312,73,1374,313,934,1250,0,0,0,0,0,0,0,0,0,0,0,0,0,0,0,0,0,0,0,0,0,0,0,0,0,0,0,0,0,0,0,0,0,0
2020-01-01 11:40:00,163,233,463,336,761,233,3215,340,312,73,1374,313,934,1250,0,0,0,0,0,0,0,0,0,0,0,0,0,0,0,0,0,0,0,0,0,0,0,0,0,0,0,0,0,0,0,0,0,0
2020-01-01 11:45:00,163,233,463,336,761,233,3215,340,312,73,1374,313,934,1250,0,0,0,0,0,0,0,0,0,0,0,0,0,0,0,0,0,0,0,0,0,0,0,0,0,0,0,0,0,0,0,0,0,0
2020-01-01 11:50:00,163,233,463,336,761,233,3215,340,312,73,1374,313,934,1250,0,0,0,0,0,0,0,0,0,0,0,0,0,0,0,0,0,0,0,0,0,0,0,0,0,0,0,0,0,0,0,0,0,0
2020-01-01 11:55:00,163,233,463,336,761,233,3215,340,312,73,1374,313,934,1250,0,0,0,0,0,0,0,0,0,0,0,0,0,0,0,0,0,0,0,0,0,0,0,0,0,0,0,0,0,0,0,0,0,0
2020-01-01 12:00:00,163,233,463,336,761,233,3215,340,312,73,1374,313,934,1250,0,0,0,0,0,0,0,0,0,0,0,0,0,0,0,0,0,0,0,0,0,0,0,0,0,0,0,0,0,0,0,0,0,0
2020-01-01 12:05:00,163,233,463,336,761,233,3215,340,312,73,1374,313,934,1250,0,0,0,0,0,0,0,0,0,0,0,0,0,0,0,0,0,0,0,0,0,0,0,0,0,0,0,0,0,0,0,0,0,0
2020-01-01 12:10:00,163,233,463,336,761,233,3215,340,312,73,1374,313,934,1250,0,0,0,0,0,0,0,0,0,0,0,0,0,0,0,0,0,0,0,0,0,0,0,0,0,0,0,0,0,0,0,0,0,0
2020-01-01 12:15:00,163,233,463,336,761,233,3215,340,312,73,1374,313,934,1250,0,0,0,0,0,0,0,0,0,0,0,0,0,0,0,0,0,0,0,0,0,0,0,0,0,0,0,0,0,0,0,0,0,0
2020-01-01 12:20:00,163,233,463,336,761,233,3215,340,312,73,1374,313,934,1250,0,0,0,0,0,0,0,0,0,0,0,0,0,0,0,0,0,0,0,0,0,0,0,0,0,0,0,0,0,0,0,0,0,0
2020-01-01 12:25:00,163,233,463,336,761,233,3215,340,312,73,1374,313,934,1250,0,0,0,0,0,0,0,0,0,0,0,0,0,0,0,0,0,0,0,0,0,0,0,0,0,0,0,0,0,0,0,0,0,0
2020-01-01 12:30:00,163,233,463,336,761,233,3215,340,312,73,1374,313,934,1250,0,0,0,0,0,0,0,0,0,0,0,0,0,0,0,0,0,0,0,0,0,0,0,0,0,0,0,0,0,0,0,0,0,0
2020-01-01 12:35:00,163,233,463,336,761,233,3215,340,312,73,1374,313,934,1250,0,0,0,0,0,0,0,0,0,0,0,0,0,0,0,0,0,0,0,0,0,0,0,0,0,0,0,0,0,0,0,0,0,0
2020-01-01 12:40:00,163,233,463,336,761,233,3215,340,312,73,1374,313,934,1250,0,0,0,0,0,0,0,0,0,0,0,0,0,0,0,0,0,0,0,0,0,0,0,0,0,0,0,0,0,0,0,0,0,0
2020-01-01 12:45:00,163,233,463,336,761,233,3215,340,312,73,1374,313,934,1250,0,0,0,0,0,0,0,0,0,0,0,0,0,0,0,0,0,0,0,0,0,0,0,0,0,0,0,0,0,0,0,0,0,0
2020-01-01 12:50:00,163,233,463,336,761,233,3215,340,312,73,1374,313,934,1250,0,0,0,0,0,0,0,0,0,0,0,0,0,0,0,0,0,0,0,0,0,0,0,0,0,0,0,0,0,0,0,0,0,0
2020-01-01 12:55:00,163,233,463,336,761,233,3215,340,312,73,1374,313,934,1250,0,0,0,0,0,0,0,0,0,0,0,0,0,0,0,0,0,0,0,0,0,0,0,0,0,0,0,0,0,0,0,0,0,0
2020-01-01 13:00:00,163,233,463,336,761,233,3215,340,312,73,1374,313,934,1250,0,0,0,0,0,0,0,0,0,0,0,0,0,0,0,0,0,0,0,0,0,0,0,0,0,0,0,0,0,0,0,0,0,0
2020-01-01 13:05:00,163,233,463,336,761,233,3215,340,312,73,1374,313,934,1250,0,0,0,0,0,0,0,0,0,0,0,0,0,0,0,0,0,0,0,0,0,0,0,0,0,0,0,0,0,0,0,0,0,0
2020-01-01 13:10:00,163,233,463,336,761,233,3215,340,312,73,1374,313,934,1250,0,0,0,0,0,0,0,0,0,0,0,0,0,0,0,0,0,0,0,0,0,0,0,0,0,0,0,0,0,0,0,0,0,0
2020-01-01 13:15:00,163,233,463,336,761,233,3215,340,312,73,1374,313,934,1250,0,0,0,0,0,0,0,0,0,0,0,0,0,0,0,0,0,0,0,0,0,0,0,0,0,0,0,0,0,0,0,0,0,0
2020-01-01 13:20:00,163,233,463,336,761,233,3215,340,312,73,1374,313,934,1250,0,0,0,0,0,0,0,0,0,0,0,0,0,0,0,0,0,0,0,0,0,0,0,0,0,0,0,0,0,0,0,0,0,0
2020-01-01 13:25:00,178,179,426,266,740,199,3219,267,279,53,1356,288,907,1243,0,0,7,48,0,0,6,3,22,41,13,8,4,34,15,9,8,2,7,73,0,5,2,0,8,23,0,6,4,37,6,9,0,0
2020-01-01 13:30:00,162,161,415,245,740,188,3220,244,271,52,1360,303,896,1241,0,0,21,63,0,0,11,4,28,55,17,12,5,45,21,10,9,3,13,96,0,1,1,0,4,9,2,11,6,48,3,4,0,0
2020-01-01 13:35:00,159,191,417,283,738,187,3227,249,309,51,1374,372,917,1241,0,0,27,65,0,0,14,4,7,14,4,4,5,46,7,6,10,3,11,25,1,0,0,0,3,0,5,5,5,13,0,1,0,0
2020-01-01 13:40:00,193,136,375,221,723,164,3231,195,278,36,1348,332,920,1236,0,0,40,119,0,0,21,19,23,46,19,9,9,39,20,17,18,5,17,62,0,4,2,1,10,26,5,16,8,46,6,5,0,0
2020-01-01 13:45:00,232,112,361,192,726,156,3226,177,264,33,1345,326,904,1234,0,0,61,100,0,0,25,20,29,63,27,23,11,37,34,19,16,7,21,83,2,3,0,1,8,21,4,22,7,61,4,3,0,0
2020-01-01 13:50:00,215,136,360,235,724,151,3240,183,302,41,1360,389,915,1236,0,0,67,98,0,0,29,21,11,20,12,19,14,41,28,15,16,7,18,29,0,0,1,1,8,7,5,9,8,23,2,4,0,0
2020-01-01 13:55:00,218,104,335,184,719,136,3240,141,273,35,1350,348,910,1232,0,0,88,146,0,0,37,30,28,37,23,24,14,37,33,22,19,10,21,57,2,2,3,0,22,35,9,16,14,33,9,4,0,0
2020-01-01 14:00:00,267,80,327,156,727,128,3236,125,266,31,1348,347,890,1232,0,0,108,122,0,0,40,23,38,57,29,30,16,39,45,22,15,10,20,76,3,1,1,1,20,23,11,23,13,41,10,3,0,0
2020-01-01 14:05:00,252,102,327,191,732,125,3243,123,291,36,1358,401,899,1235,0,0,103,110,0,0,43,24,24,36,18,24,19,40,35,19,9,11,24,39,3,0,1,4,10,14,9,13,16,22,7,8,0,0
2020-01-01 14:10:00,238,107,328,199,736,130,3245,125,284,45,1376,385,909,1241,0,0,108,118,0,0,41,30,24,24,17,23,19,20,23,19,9,16,37,20,1,0,1,2,16,16,9,11,23,12,8,5,0,0
2020-01-01 14:15:00,269,112,337,217,743,133,3237,137,284,52,1373,369,908,1243,0,0,110,83,0,0,36,30,21,21,17,20,24,11,24,20,5,17,41,10,1,1,0,4,11,13,11,13,22,6,8,6,0,0
2020-01-01 14:20:00,261,126,348,236,747,138,3239,156,280,55,1376,370,901,1248,0,0,99,65,0,0,35,29,20,15,13,18,28,6,23,23,1,17,34,6,3,0,0,1,16,8,12,9,22,3,8,5,0,0
2020-01-01 14:25:00,237,134,358,254,755,146,3237,175,286,57,1382,364,900,1252,0,0,96,53,0,0,30,29,23,11,8,18,25,3,21,23,1,13,29,3,2,0,0,3,16,6,10,6,22,1,6,5,0,0
2020-01-01 14:30:00,232,150,370,273,763,156,3234,189,290,62,1384,351,901,1256,0,0,84,35,0,0,29,25,18,10,4,17,22,1,12,25,0,9,31,1,0,1,0,2,14,5,9,2,24,0,5,4,0,0
2020-01-01 14:35:00,221,164,380,294,762,166,3231,204,293,66,1382,348,901,1257,0,0,68,22,0,0,27,20,20,8,3,9,21,0,8,26,0,6,26,0,1,0,1,3,12,1,10,1,27,0,4,7,0,0
2020-01-01 14:40:00,209,172,394,307,764,171,3225,220,296,70,1383,344,902,1261,0,0,54,11,0,0,19,18,24,10,3,4,25,0,7,21,0,5,26,0,2,0,0,1,4,1,12,2,25,0,5,3,0,0
2020-01-01 14:45:00,195,183,407,323,767,178,3223,230,296,73,1383,338,907,1264,0,0,40,6,0,0,13,13,20,9,1,3,24,0,5,20,0,4,27,0,1,0,0,0,8,0,10,1,21,0,4,3,0,0
2020-01-01 14:50:00,184,196,419,336,769,187,3223,246,304,74,1380,336,907,1265,0,0,32,3,0,0,7,10,14,4,0,1,24,0,3,22,0,2,21,0,0,0,0,2,4,0,4,0,16,0,3,2,0,0
2020-01-01 14:55:00,177,205,428,347,771,196,3222,257,301,74,1380,337,913,1267,0,0,20,1,0,0,4,8,11,1,0,0,21,0,0,17,0,2,16,0,0,0,0,0,3,0,2,0,17,0,0,2,0,0
2020-01-01 15:00:00,176,211,435,352,767,202,3223,267,300,78,1375,330,916,1267,0,0,13,0,0,0,3,3,9,0,0,0,22,0,0,14,0,1,11,0,0,0,0,0,4,0,4,0,15,0,1,1,0,0
2020-01-01 15:05:00,169,216,445,355,767,211,3220,273,302,79,1374,333,915,1267,0,0,7,0,0,0,1,4,7,0,0,0,21,0,0,10,0,1,7,0,0,0,0,0,1,0,6,0,8,0,0,1,0,0
2020-01-01 15:10:00,167,220,450,356,765,217,3219,278,303,80,1372,332,917,1267,0,0,2,0,0,0,1,3,7,0,0,0,20,0,0,6,0,1,5,0,0,0,0,0,0,0,5,0,6,0,0,1,0,0
2020-01-01 15:15:00,168,223,453,355,766,224,3218,280,303,80,1374,331,915,1267,0,0,1,0,0,0,0,1,6,0,0,0,18,0,0,3,0,0,4,0,0,0,0,0,1,0,3,0,6,0,0,0,0,0
2020-01-01 15:20:00,167,227,456,355,766,232,3218,283,304,80,1374,330,915,1267,0,0,0,0,0,0,0,1,3,0,0,0,13,0,0,0,0,0,3,0,0,0,0,0,0,0,1,0,5,0,0,0,0,0
2020-01-01 15:25:00,168,229,459,354,766,237,3218,284,304,80,1374,329,913,1267,0,0,0,0,0,0,0,0,2,0,0,0,10,0,0,0,0,0,3,0,0,0,0,0,0,0,0,0,3,0,0,0,0,0
2020-01-01 15:30:00,167,230,461,354,766,242,3218,286,303,80,1374,330,913,1267,0,0,0,0,0,0,0,0,1,0,0,0,5,0,0,0,0,0,1,0,0,0,0,0,0,0,0,0,2,0,0,0,0,0
2020-01-01 15:35:00,167,231,462,354,766,245,3218,287,303,80,1374,329,913,1267,0,0,0,0,0,0,0,0,0,0,0,0,2,0,0,0,0,0,1,0,0,0,0,0,0,0,0,0,1,0,0,0,0,0
2020-01-01 15:40:00,167,231,463,354,766,247,3218,287,303,80,1374,329,913,1267,0,0,0,0,0,0,0,0,0,0,0,0,0,0,0,0,0,0,1,0,0,0,0,0,0,0,0,0,0,0,0,0,0,0
2020-01-01 15:45:00,167,231,463,354,766,247,3218,288,303,80,1374,329,913,1267,0,0,0,0,0,0,0,0,0,0,0,0,0,0,0,0,0,0,0,0,0,0,0,0,0,0,0,0,0,0,0,0,0,0
2020-01-01 15:50:00,167,231,463,354,766,247,3218,288,303,80,1374,329,913,1267,0,0,0,0,0,0,0,0,0,0,0,0,0,0,0,0,0,0,0,0,0,0,0,0,0,0,0,0,0,0,0,0,0,0
2020-01-01 15:55:00,167,231,463,354,766,247,3218,288,303,80,1373,329,913,1267,0,0,0,0,0,0,0,0,0,0,0,0,0,0,0,0,0,0,0,0,0,0,0,0,0,0,0,0,0,0,1,0,0,0
2020-01-01 16:00:00,168,231,460,353,767,247,3201,288,301,80,1365,328,910,1262,0,0,0,0,0,0,0,4,1,0,0,1,1,0,1,3,1,0,0,0,0,2,3,5,0,2,7,0,0,3,1,4,0,0
2020-01-01 16:05:00,170,231,455,353,778,244,3147,288,299,82,1347,326,894,1240,0,0,0,0,0,0,2,12,1,0,0,5,2,3,12,13,4,0,0,0,0,13,14,11,0,1,35,0,1,8,4,5,0,0
2020-01-01 16:10:00,170,233,452,352,776,240,3103,286,308,94,1325,325,882,1228,0,0,1,1,0,0,4,23,0,0,0,8,2,7,22,22,9,0,0,2,0,15,8,18,0,1,51,0,1,8,5,18,0,0
2020-01-01 16:15:00,178,236,453,352,772,240,3084,286,335,102,1344,324,885,1236,0,0,2,1,0,0,4,23,0,1,0,6,2,8,15,21,12,0,0,2,0,9,1,7,0,5,35,0,1,3,1,14,0,0
2020-01-01 16:20:00,190,239,453,352,763,241,3076,286,347,100,1354,331,893,1231,0,0,5,1,0,0,5,21,0,2,0,6,3,5,5,18,11,0,0,0,0,12,0,1,0,9,18,0,6,0,4,12,0,0
2020-01-01 16:25:00,200,239,454,353,759,241,3071,286,338,103,1354,341,897,1222,0,0,11,1,0,0,3,17,0,3,0,11,4,1,2,19,8,0,3,0,0,10,0,0,0,14,12,1,11,0,4,7,0,0
2020-01-01 16:30:00,212,242,459,355,756,242,3069,286,331,103,1347,362,897,1217,0,0,14,0,0,0,2,10,0,3,0,14,3,0,4,22,3,0,6,0,0,5,0,1,0,6,9,2,12,0,1,5,0,0
2020-01-01 16:35:00,206,248,465,358,752,244,3069,289,328,100,1339,369,898,1216,0,0,19,0,0,0,2,12,0,2,0,13,3,0,4,23,0,0,13,0,0,2,0,0,0,3,7,1,12,0,1,2,0,0
2020-01-01 16:40:00,202,254,471,361,753,245,3066,292,325,98,1338,368,902,1215,0,0,25,0,0,0,1,10,1,2,0,14,2,0,1,16,0,0,15,0,0,1,0,0,0,1,6,0,11,0,2,2,0,0
2020-01-01 16:45:00,202,258,477,368,753,245,3065,302,327,94,1336,365,904,1214,0,0,27,0,0,0,1,8,1,3,0,15,4,0,0,7,0,0,9,0,0,1,0,0,1,1,4,0,6,0,1,1,0,0
2020-01-01 16:50:00,197,265,482,372,753,247,3063,307,329,94,1335,366,902,1214,0,0,30,0,0,0,0,5,1,4,0,10,6,0,0,3,0,0,7,0,0,0,0,0,0,0,4,0,2,0,1,1,0,0
2020-01-01 16:55:00,194,269,483,380,754,247,3061,311,330,94,1333,366,898,1214,0,0,26,0,0,0,0,3,1,5,0,8,7,0,0,4,0,0,5,0,0,0,0,1,1,0,3,0,2,0,0,0,0,0
2020-01-01 17:00:00,192,273,479,390,764,249,2991,314,329,94,1305,363,882,1195,0,0,19,1,0,0,0,12,0,3,0,9,7,0,11,16,6,0,5,0,0,13,7,21,0,2,27,1,2,5,6,7,0,0
2020-01-01 17:05:00,194,278,460,400,779,249,2783,313,316,107,1210,353,831,1131,0,0,13,1,0,0,0,49,1,0,0,17,8,4,47,53,22,2,7,3,0,48,37,74,4,7,110,2,7,25,23,32,0,0
2020-01-01 17:10:00,207,282,438,403,770,239,2588,310,335,148,1160,345,796,1098,0,0,8,4,0,0,2,73,2,0,0,28,11,15,65,86,51,2,5,9,0,51,56,75,5,9,193,7,7,43,22,52,0,0
2020-01-01 17:15:00,231,295,437,402,751,238,2542,313,428,174,1183,346,806,1094,0,0,12,5,0,0,5,89,3,1,0,29,9,18,45,79,61,3,2,7,0,59,20,28,1,10,163,6,7,30,16,52,0,0
2020-01-01 17:20:00,268,304,436,403,735,243,2515,314,507,196,1211,365,830,1061,0,0,21,4,0,0,6,92,3,7,1,32,8,14,20,63,56,3,1,1,0,58,3,11,1,30,86,4,26,9,11,41,0,0
2020-01-01 17:25:00,332,312,442,406,719,247,2486,315,488,212,1208,413,844,1031,0,0,29,4,0,0,8,65,1,14,1,41,9,3,6,67,40,1,4,0,0,41,0,4,0,51,57,10,44,2,11,32,0,0
2020-01-01 17:30:00,366,320,462,413,706,247,2468,315,458,207,1192,487,842,1008,0,0,51,1,0,0,9,52,1,17,2,49,15,0,6,74,11,1,23,0,0,27,0,0,0,35,48,7,52,0,5,23,0,0
2020-01-01 17:35:00,382,333,486,426,694,251,2460,319,440,196,1177,508,846,995,0,0,76,0,0,0,6,41,2,19,2,47,19,0,8,69,1,0,51,0,0,13,0,1,0,18,36,2,52,0,6,18,0,0
2020-01-01 17:40:00,378,349,514,444,688,256,2447,338,432,183,1169,508,859,990,0,0,100,0,0,0,5,32,3,21,0,40,20,0,5,57,0,0,58,0,0,6,0,2,0,8,24,2,46,0,3,13,0,0
2020-01-01 17:45:00,366,356,538,461,681,262,2440,370,426,173,1160,502,862,989,0,0,124,0,0,0,4,24,5,26,0,29,31,0,3,48,0,0,45,0,0,3,0,0,0,1,20,1,40,0,1,9,0,0
2020-01-01 17:50:00,349,368,560,495,676,270,2435,396,425,168,1154,498,860,989,0,0,133,0,0,0,1,13,4,24,0,28,31,0,3,40,0,0,27,0,1,0,0,1,0,0,15,0,30,0,1,5,0,0
2020-01-01 17:55:00,334,375,577,540,670,276,2422,414,424,166,1143,500,859,986,0,0,116,0,0,0,1,10,2,15,0,27,39,0,2,32,2,0,14,1,0,4,1,4,0,1,15,0,21,1,1,5,0,0
2020-01-01 18:00:00,325,393,575,582,695,289,2290,419,418,169,1101,491,825,937,0,0,92,1,0,0,3,23,2,7,0,24,31,4,28,35,11,0,13,4,0,33,20,39,3,4,61,0,17,15,12,9,0,0
2020-01-01 18:05:00,319,403,539,616,746,279,1849,417,404,203,905,477,706,815,0,0,68,5,0,0,5,91,3,1,0,47,39,22,113,110,53,2,15,11,0,82,79,129,5,15,243,5,15,59,45,60,0,0
2020-01-01 18:10:00,329,418,503,639,763,279,1417,416,439,270,783,477,585,726,0,0,42,11,0,0,9,159,7,1,0,68,40,36,176,176,104,3,14,16,0,118,100,152,6,21,409,13,14,89,54,118,0,0
2020-01-01 18:15:00,375,448,477,651,745,280,1201,421,570,341,823,487,587,694,0,0,37,12,0,0,15,207,6,4,1,61,46,40,142,170,133,3,10,11,0,127,57,85,5,33,403,17,24,77,30,144,0,0
2020-01-01 18:20:00,443,479,471,660,678,293,1071,426,567,393,894,527,607,615,0,0,41,13,0,0,20,235,2,13,1,67,44,25,80,173,135,5,10,4,0,139,25,46,4,71,454,15,44,46,32,132,0,0
2020-01-01 18:25:00,560,491,483,673,631,305,992,429,566,436,909,640,616,555,0,0,62,9,0,0,21,203,1,23,1,96,47,14,46,191,97,3,23,2,0,101,5,12,6,66,465,15,47,18,30,110,0,0
2020-01-01 18:30:00,656,520,510,688,584,320,940,434,638,439,890,743,635,493,0,0,100,3,0,0,19,161,2,26,2,104,50,6,28,207,47,3,61,2,0,70,4,4,0,49,379,22,41,5,29,86,0,0
2020-01-01 18:35:00,708,551,530,708,549,334,918,451,679,426,860,788,663,458,0,0,148,2,0,0,15,137,4,35,2,103,54,3,17,202,16,4,101,1,0,39,0,4,1,71,274,18,56,0,17,53,0,0
2020-01-01 18:40:00,724,577,551,734,526,352,906,495,678,398,812,824,685,443,0,0,207,0,0,0,10,108,4,48,1,103,67,0,13,187,5,2,122,0,0,19,0,5,3,70,190,7,79,0,13,32,0,0
2020-01-01 18:45:00,718,607,586,784,510,370,885,552,699,379,767,848,705,441,0,0,247,0,0,0,6,76,5,51,0,95,76,0,8,162,1,2,126,0,0,7,0,1,2,43,101,4,99,0,12,25,0,0
2020-01-01 18:50:00,685,638,630,853,499,388,866,617,674,366,740,853,727,438,0,0,264,0,0,0,4,56,5,46,0,88,86,0,3,116,0,1,115,0,0,4,0,3,3,25,56,4,123,0,5,19,0,0
2020-01-01 18:55:00,646,669,684,933,488,418,847,678,642,362,723,850,729,438,0,0,262,0,0,0,2,34,4,38,0,80,84,1,1,79,0,0,99,0,0,2,1,2,1,16,46,2,120,1,5,13,0,0
2020-01-01 19:00:00,614,707,746,1023,485,443,799,730,626,364,695,853,705,421,0,0,214,2,0,0,0,26,5,24,0,77,83,3,6,59,2,0,76,2,0,8,11,15,3,4,49,0,88,7,9,16,0,0
2020-01-01 19:05:00,594,742,781,1100,494,466,640,772,625,370,634,843,643,357,0,0,158,4,0,0,0,41,12,11,0,78,76,8,40,62,20,1,57,5,0,32,47,59,2,10,102,1,53,23,20,17,0,0
2020-01-01 19:10:00,587,783,802,1152,514,492,479,800,628,400,552,836,589,334,0,0,115,6,0,0,1,70,15,6,0,70,67,10,65,84,38,5,42,6,0,37,45,56,4,5,171,7,37,32,19,39,0,0
2020-01-01 19:15:00,596,828,807,1193,509,514,372,825,698,421,552,836,577,306,0,0,76,7,0,0,2,86,13,4,0,49,53,12,50,87,47,6,23,4,0,55,29,44,4,11,164,8,34,27,16,55,0,0
2020-01-01 19:20:00,616,860,822,1236,495,534,313,840,756,451,564,852,586,279,0,0,39,5,0,0,3,95,11,7,1,40,42,8,32,73,50,7,11,2,0,54,17,19,0,30,117,6,36,17,22,52,0,0
2020-01-01 19:25:00,659,875,831,1247,488,554,269,847,763,472,564,895,588,244,0,0,34,3,0,0,3,90,10,13,2,47,33,5,16,75,33,7,13,1,0,50,4,10,1,42,85,13,45,10,14,45,0,0
2020-01-01 19:30:00,705,894,852,1259,480,566,239,851,744,485,557,949,594,219,0,0,41,1,0,0,2,73,9,15,2,45,30,1,8,79,16,3,28,0,0,34,1,1,0,42,65,12,51,6,7,34,0,0
2020-01-01 19:35:00,718,917,875,1273,456,576,231,860,729,483,542,985,603,199,0,0,63,0,0,0,1,60,3,14,1,43,29,0,6,78,8,2,49,0,0,21,0,2,1,27,48,7,54,1,8,27,0,0
2020-01-01 19:40:00,722,931,903,1286,450,587,212,879,716,475,531,1002,614,193,0,0,82,0,0,0,1,50,2,17,0,44,25,0,2,72,3,1,56,0,0,8,0,0,2,18,38,5,50,0,4,19,0,0
2020-01-01 19:45:00,722,943,929,1300,441,596,204,909,710,461,517,1005,624,189,0,0,101,0,0,0,2,34,5,20,0,39,27,0,1,62,2,0,51,0,0,4,0,1,1,12,30,1,40,0,4,13,0,0
2020-01-01 19:50:00,716,957,953,1326,437,605,193,935,709,453,503,1000,630,188,0,0,116,0,0,0,2,17,4,20,0,32,31,0,0,53,1,0,48,0,0,2,0,1,0,5,22,1,30,0,1,9,0,0
2020-01-01 19:55:00,697,969,969,1362,433,612,186,960,708,451,496,1003,631,188,0,0,107,0,0,0,2,11,3,18,0,34,32,0,0,39,0,0,37,0,0,1,0,0,0,1,17,1,26,0,1,5,0,0
2020-01-01 20:00:00,687,981,983,1396,425,623,176,983,709,449,485,1001,630,184,0,0,92,0,0,0,1,7,5,12,0,35,27,0,4,28,1,0,24,0,0,0,4,3,0,1,17,1,19,0,1,6,0,0
2020-01-01 20:05:00,680,1001,992,1429,429,633,132,996,707,446,474,1000,610,172,0,0,70,1,0,0,0,10,6,5,0,33,20,3,15,25,5,0,17,1,0,9,6,11,0,2,34,1,14,3,2,6,0,0
2020-01-01 20:10:00,677,1019,998,1463,419,639,94,1005,710,457,462,995,598,164,0,0,43,2,0,0,0,14,4,2,0,26,21,5,19,23,12,0,12,2,0,5,14,14,0,1,48,0,13,4,4,12,0,0
2020-01-01 20:15:00,680,1039,1005,1480,419,644,69,1012,732,459,468,993,593,162,0,0,24,2,0,0,2,18,4,1,0,14,20,6,14,22,15,0,8,1,0,9,7,8,0,2,43,0,9,1,2,13,0,0
2020-01-01 20:20:00,680,1047,1010,1491,412,649,51,1017,743,464,470,995,598,155,0,0,15,2,0,0,3,20,5,1,1,8,19,4,8,19,16,0,6,0,0,12,3,7,1,6,30,0,11,1,6,14,0,0
2020-01-01 20:25:00,690,1053,1013,1497,410,657,37,1020,743,470,471,1003,599,151,0,0,11,1,0,0,3,18,3,3,1,7,14,3,5,20,13,0,3,0,0,10,1,3,1,7,20,1,20,1,5,12,0,0
2020-01-01 20:30:00,698,1055,1021,1502,405,662,30,1023,740,470,466,1015,598,144,0,0,12,0,0,0,3,17,2,4,1,11,13,2,4,22,6,0,4,0,0,9,1,2,1,8,16,2,19,0,3,9,0,0
2020-01-01 20:35:00,700,1059,1033,1503,400,667,24,1023,737,472,464,1025,600,140,0,0,16,0,0,0,1,18,2,2,2,13,9,1,4,21,4,0,11,0,0,5,1,2,0,4,13,2,15,0,0,7,0,0
2020-01-01 20:40:00,703,1065,1040,1508,396,671,22,1027,734,470,458,1019,605,137,0,0,22,0,0,0,0,15,1,2,1,10,8,0,4,22,2,0,17,0,0,4,1,1,1,4,9,1,14,0,2,4,0,0
2020-01-01 20:45:00,700,1069,1048,1510,393,675,19,1034,735,468,455,1024,606,136,0,0,26,0,0,0,0,14,1,5,0,9,8,0,2,20,1,0,15,0,0,2,0,1,0,1,8,0,11,0,0,4,0,0
2020-01-01 20:50:00,702,1071,1054,1518,391,676,16,1044,735,466,452,1024,610,137,0,0,23,0,0,0,0,9,1,5,0,8,11,0,2,15,1,0,10,0,0,0,0,0,0,0,9,0,8,0,1,1,0,0
2020-01-01 20:55:00,702,1076,1059,1524,391,679,12,1049,737,464,448,1025,611,136,0,0,24,0,0,0,0,6,1,3,0,6,12,0,1,10,0,0,8,0,0,1,0,1,0,0,6,0,6,0,0,2,0,0
2020-01-01 21:00:00,697,1079,1062,1535,389,683,10,1054,739,465,447,1027,612,137,0,0,17,0,0,0,0,5,1,1,0,6,11,0,0,7,0,0,5,0,0,0,0,0,0,0,3,0,5,0,0,3,0,0
2020-01-01 21:05:00,698,1083,1065,1542,389,687,10,1057,738,465,448,1027,610,137,0,0,10,0,0,0,0,4,1,0,0,6,9,0,0,5,0,0,3,0,0,0,0,0,0,0,1,0,5,0,0,0,0,0
2020-01-01 21:10:00,694,1085,1067,1545,388,691,9,1059,737,466,445,1027,611,137,0,0,9,0,0,0,0,4,1,1,0,3,8,0,0,4,0,0,2,0,0,0,0,0,0,0,1,0,5,0,0,1,0,0
2020-01-01 21:15:00,696,1089,1070,1550,387,694,9,1060,736,466,445,1027,609,137,0,0,4,0,0,0,0,1,0,1,0,2,6,0,0,4,0,0,2,0,0,0,0,0,0,0,1,0,3,0,0,1,0,0
2020-01-01 21:20:00,695,1089,1072,1553,387,696,9,1061,736,466,445,1028,610,137,0,0,2,0,0,0,0,1,0,0,0,4,4,0,0,2,0,0,1,0,0,0,0,0,0,0,0,0,2,0,0,0,0,0
2020-01-01 21:25:00,695,1091,1073,1553,387,699,9,1062,736,466,444,1029,608,137,0,0,2,0,0,0,0,0,0,0,0,5,1,0,0,2,0,0,0,0,0,0,0,0,0,0,0,0,1,0,0,0,0,0
2020-01-01 21:30:00,694,1093,1074,1555,387,700,9,1062,736,466,444,1029,608,137,0,0,0,0,0,0,0,0,0,0,0,4,0,0,0,1,0,0,1,0,0,0,0,0,0,0,0,0,0,0,0,0,0,0
2020-01-01 21:35:00,694,1096,1074,1555,387,700,9,1062,736,466,444,1028,609,137,0,0,0,0,0,0,0,0,0,0,0,1,0,0,0,0,0,0,2,0,0,0,0,0,0,0,0,0,0,0,0,0,0,0
2020-01-01 21:40:00,694,1097,1074,1555,387,700,9,1063,736,466,444,1028,608,137,0,0,0,0,0,0,0,0,0,0,0,0,1,0,0,0,0,0,1,0,0,0,0,0,0,0,0,0,0,0,0,0,0,0
2020-01-01 21:45:00,694,1097,1074,1555,387,700,9,1064,736,466,444,1028,608,137,0,0,0,0,0,0,0,0,0,0,0,0,1,0,0,0,0,0,0,0,0,0,0,0,0,0,0,0,0,0,0,0,0,0
2020-01-01 21:50:00,694,1097,1074,1555,387,700,9,1064,736,466,444,1028,608,137,0,0,0,0,0,0,0,0,0,0,0,0,1,0,0,0,0,0,0,0,0,0,0,0,0,0,0,0,0,0,0,0,0,0
2020-01-01 21:55:00,694,1097,1074,1555,387,701,9,1064,736,466,444,1028,608,137,0,0,0,0,0,0,0,0,0,0,0,0,0,0,0,0,0,0,0,0,0,0,0,0,0,0,0,0,0,0,0,0,0,0
2020-01-01 22:00:00,694,1097,1074,1555,387,701,9,1064,736,466,444,1028,608,137,0,0,0,0,0,0,0,0,0,0,0,0,0,0,0,0,0,0,0,0,0,0,0,0,0,0,0,0,0,0,0,0,0,0
2020-01-01 22:05:00,694,1097,1074,1555,387,701,9,1064,736,466,444,1028,608,137,0,0,0,0,0,0,0,0,0,0,0,0,0,0,0,0,0,0,0,0,0,0,0,0,0,0,0,0,0,0,0,0,0,0
2020-01-01 22:10:00,694,1097,1074,1555,387,701,9,1064,736,466,444,1028,608,137,0,0,0,0,0,0,0,0,0,0,0,0,0,0,0,0,0,0,0,0,0,0,0,0,0,0,0,0,0,0,0,0,0,0
2020-01-01 22:15:00,694,1097,1074,1555,387,701,9,1064,736,466,444,1028,608,137,0,0,0,0,0,0,0,0,0,0,0,0,0,0,0,0,0,0,0,0,0,0,0,0,0,0,0,0,0,0,0,0,0,0
2020-01-01 22:20:00,694,1097,1074,1555,387,701,9,1064,736,466,444,1028,608,137,0,0,0,0,0,0,0,0,0,0,0,0,0,0,0,0,0,0,0,0,0,0,0,0,0,0,0,0,0,0,0,0,0,0
2020-01-01 22:25:00,694,1097,1074,1555,387,701,9,1064,736,466,444,1028,608,137,0,0,0,0,0,0,0,0,0,0,0,0,0,0,0,0,0,0,0,0,0,0,0,0,0,0,0,0,0,0,0,0,0,0
2020-01-01 22:30:00,694,1097,1074,1555,387,701,9,1064,736,466,444,1028,608,137,0,0,0,0,0,0,0,0,0,0,0,0,0,0,0,0,0,0,0,0,0,0,0,0,0,0,0,0,0,0,0,0,0,0
2020-01-01 22:35:00,694,1097,1074,1555,387,701,9,1064,736,466,444,1028,608,137,0,0,0,0,0,0,0,0,0,0,0,0,0,0,0,0,0,0,0,0,0,0,0,0,0,0,0,0,0,0,0,0,0,0
2020-01-01 22:40:00,694,1097,1074,1555,387,701,9,1064,736,466,444,1028,608,137,0,0,0,0,0,0,0,0,0,0,0,0,0,0,0,0,0,0,0,0,0,0,0,0,0,0,0,0,0,0,0,0,0,0
2020-01-01 22:45:00,694,1097,1074,1555,387,701,9,1064,736,466,444,1028,608,137,0,0,0,0,0,0,0,0,0,0,0,0,0,0,0,0,0,0,0,0,0,0,0,0,0,0,0,0,0,0,0,0,0,0
2020-01-01 22:50:00,694,1097,1074,1555,387,701,9,1064,736,466,444,1028,608,137,0,0,0,0,0,0,0,0,0,0,0,0,0,0,0,0,0,0,0,0,0,0,0,0,0,0,0,0,0,0,0,0,0,0
2020-01-01 22:55:00,694,1097,1074,1555,387,701,9,1064,736,466,444,1028,608,137,0,0,0,0,0,0,0,0,0,0,0,0,0,0,0,0,0,0,0,0,0,0,0,0,0,0,0,0,0,0,0,0,0,0
2020-01-01 23:00:00,694,1097,1074,1555,387,701,9,1064,736,466,444,1028,608,137,0,0,0,0,0,0,0,0,0,0,0,0,0,0,0,0,0,0,0,0,0,0,0,0,0,0,0,0,0,0,0,0,0,0
2020-01-01 23:05:00,694,1097,1074,1555,387,701,9,1064,736,466,444,1028,608,137,0,0,0,0,0,0,0,0,0,0,0,0,0,0,0,0,0,0,0,0,0,0,0,0,0,0,0,0,0,0,0,0,0,0
2020-01-01 23:10:00,694,1097,1074,1555,387,701,9,1064,736,466,444,1028,608,137,0,0,0,0,0,0,0,0,0,0,0,0,0,0,0,0,0,0,0,0,0,0,0,0,0,0,0,0,0,0,0,0,0,0
2020-01-01 23:15:00,694,1097,1074,1555,387,701,9,1064,736,466,444,1028,608,137,0,0,0,0,0,0,0,0,0,0,0,0,0,0,0,0,0,0,0,0,0,0,0,0,0,0,0,0,0,0,0,0,0,0
2020-01-01 23:20:00,694,1097,1074,1555,387,701,9,1064,736,466,444,1028,608,137,0,0,0,0,0,0,0,0,0,0,0,0,0,0,0,0,0,0,0,0,0,0,0,0,0,0,0,0,0,0,0,0,0,0
2020-01-01 23:25:00,694,1097,1074,1555,387,701,9,1064,736,466,444,1028,608,137,0,0,0,0,0,0,0,0,0,0,0,0,0,0,0,0,0,0,0,0,0,0,0,0,0,0,0,0,0,0,0,0,0,0
2020-01-01 23:30:00,694,1097,1074,1555,387,701,9,1064,736,466,444,1028,608,137,0,0,0,0,0,0,0,0,0,0,0,0,0,0,0,0,0,0,0,0,0,0,0,0,0,0,0,0,0,0,0,0,0,0
2020-01-01 23:35:00,694,1097,1074,1555,387,701,9,1064,736,466,444,1028,608,137,0,0,0,0,0,0,0,0,0,0,0,0,0,0,0,0,0,0,0,0,0,0,0,0,0,0,0,0,0,0,0,0,0,0
2020-01-01 23:40:00,694,1097,1074,1555,387,701,9,1064,736,466,444,1028,608,137,0,0,0,0,0,0,0,0,0,0,0,0,0,0,0,0,0,0,0,0,0,0,0,0,0,0,0,0,0,0,0,0,0,0
2020-01-01 23:45:00,694,1097,1074,1555,387,701,9,1064,736,466,444,1028,608,137,0,0,0,0,0,0,0,0,0,0,0,0,0,0,0,0,0,0,0,0,0,0,0,0,0,0,0,0,0,0,0,0,0,0
2020-01-01 23:50:00,694,1097,1074,1555,387,701,9,1064,736,466,444,1028,608,137,0,0,0,0,0,0,0,0,0,0,0,0,0,0,0,0,0,0,0,0,0,0,0,0,0,0,0,0,0,0,0,0,0,0
2020-01-01 23:55:00,694,1097,1074,1555,387,701,9,1064,736,466,444,1028,608,137,0,0,0,0,0,0,0,0,0,0,0,0,0,0,0,0,0,0,0,0,0,0,0,0,0,0,0,0,0,0,0,0,0,0
2020-01-02 00:00:00,694,1097,1074,1555,387,701,9,1064,736,466,444,1028,608,137,0,0,0,0,0,0,0,0,0,0,0,0,0,0,0,0,0,0,0,0,0,0,0,0,0,0,0,0,0,0,0,0,0,0
2020-01-02 00:05:00,694,1097,1074,1555,387,701,9,1064,736,466,444,1028,608,137,0,0,0,0,0,0,0,0,0,0,0,0,0,0,0,0,0,0,0,0,0,0,0,0,0,0,0,0,0,0,0,0,0,0
2020-01-02 00:10:00,694,1097,1074,1555,387,701,9,1064,736,466,444,1028,608,137,0,0,0,0,0,0,0,0,0,0,0,0,0,0,0,0,0,0,0,0,0,0,0,0,0,0,0,0,0,0,0,0,0,0
2020-01-02 00:15:00,694,1097,1074,1555,387,701,9,1064,736,466,444,1028,608,137,0,0,0,0,0,0,0,0,0,0,0,0,0,0,0,0,0,0,0,0,0,0,0,0,0,0,0,0,0,0,0,0,0,0
2020-01-02 00:20:00,694,1097,1074,1555,387,701,9,1064,736,466,444,1028,608,137,0,0,0,0,0,0,0,0,0,0,0,0,0,0,0,0,0,0,0,0,0,0,0,0,0,0,0,0,0,0,0,0,0,0
2020-01-02 00:25:00,694,1097,1074,1555,387,701,9,1064,736,466,444,1028,608,137,0,0,0,0,0,0,0,0,0,0,0,0,0,0,0,0,0,0,0,0,0,0,0,0,0,0,0,0,0,0,0,0,0,0
2020-01-02 00:30:00,694,1097,1074,1555,387,701,9,1064,736,466,444,1028,608,137,0,0,0,0,0,0,0,0,0,0,0,0,0,0,0,0,0,0,0,0,0,0,0,0,0,0,0,0,0,0,0,0,0,0
2020-01-02 00:35:00,694,1097,1074,1555,387,701,9,1064,736,466,444,1028,608,137,0,0,0,0,0,0,0,0,0,0,0,0,0,0,0,0,0,0,0,0,0,0,0,0,0,0,0,0,0,0,0,0,0,0
2020-01-02 00:40:00,694,1097,1074,1555,387,701,9,1064,736,466,444,1028,608,137,0,0,0,0,0,0,0,0,0,0,0,0,0,0,0,0,0,0,0,0,0,0,0,0,0,0,0,0,0,0,0,0,0,0
2020-01-02 00:45:00,694,1097,1074,1555,387,701,9,1064,736,466,444,1028,608,137,0,0,0,0,0,0,0,0,0,0,0,0,0,0,0,0,0,0,0,0,0,0,0,0,0,0,0,0,0,0,0,0,0,0
2020-01-02 00:50:00,694,1097,1074,1555,387,701,9,1064,736,466,444,1028,608,137,0,0,0,0,0,0,0,0,0,0,0,0,0,0,0,0,0,0,0,0,0,0,0,0,0,0,0,0,0,0,0,0,0,0
2020-01-02 00:55:00,694,1097,1074,1555,387,701,9,1064,736,466,444,1028,608,137,0,0,0,0,0,0,0,0,0,0,0,0,0,0,0,0,0,0,0,0,0,0,0,0,0,0,0,0,0,0,0,0,0,0
2020-01-02 01:00:00,694,1097,1074,1555,387,701,9,1064,736,466,444,1028,608,137,0,0,0,0,0,0,0,0,0,0,0,0,0,0,0,0,0,0,0,0,0,0,0,0,0,0,0,0,0,0,0,0,0,0
2020-01-02 01:05:00,694,1097,1074,1555,387,701,9,1064,736,466,444,1028,608,137,0,0,0,0,0,0,0,0,0,0,0,0,0,0,0,0,0,0,0,0,0,0,0,0,0,0,0,0,0,0,0,0,0,0
2020-01-02 01:10:00,694,1097,1074,1555,387,701,9,1064,736,466,444,1028,608,137,0,0,0,0,0,0,0,0,0,0,0,0,0,0,0,0,0,0,0,0,0,0,0,0,0,0,0,0,0,0,0,0,0,0
2020-01-02 01:15:00,694,1097,1074,1555,387,701,9,1064,736,466,444,1028,608,137,0,0,0,0,0,0,0,0,0,0,0,0,0,0,0,0,0,0,0,0,0,0,0,0,0,0,0,0,0,0,0,0,0,0
2020-01-02 01:20:00,694,1097,1074,1555,387,701,9,1064,736,466,444,1028,608,137,0,0,0,0,0,0,0,0,0,0,0,0,0,0,0,0,0,0,0,0,0,0,0,0,0,0,0,0,0,0,0,0,0,0
2020-01-02 01:25:00,694,1097,1074,1555,387,701,9,1064,736,466,444,1028,608,137,0,0,0,0,0,0,0,0,0,0,0,0,0,0,0,0,0,0,0,0,0,0,0,0,0,0,0,0,0,0,0,0,0,0
2020-01-02 01:30:00,694,1097,1074,1555,387,701,9,1064,736,466,444,1028,608,137,0,0,0,0,0,0,0,0,0,0,0,0,0,0,0,0,0,0,0,0,0,0,0,0,0,0,0,0,0,0,0,0,0,0
2020-01-02 01:35:00,694,1097,1074,1555,387,701,9,1064,736,466,444,1028,608,137,0,0,0,0,0,0,0,0,0,0,0,0,0,0,0,0,0,0,0,0,0,0,0,0,0,0,0,0,0,0,0,0,0,0
2020-01-02 01:40:00,694,1097,1074,1555,387,701,9,1064,736,466,444,1028,608,137,0,0,0,0,0,0,0,0,0,0,0,0,0,0,0,0,0,0,0,0,0,0,0,0,0,0,0,0,0,0,0,0,0,0
2020-01-02 01:45:00,694,1097,1074,1555,387,701,9,1064,736,466,444,1028,608,137,0,0,0,0,0,0,0,0,0,0,0,0,0,0,0,0,0,0,0,0,0,0,0,0,0,0,0,0,0,0,0,0,0,0
2020-01-02 01:50:00,694,1097,1074,1555,387,701,9,1064,736,466,444,1028,608,137,0,0,0,0,0,0,0,0,0,0,0,0,0,0,0,0,0,0,0,0,0,0,0,0,0,0,0,0,0,0,0,0,0,0
2020-01-02 01:55:00,694,1097,1074,1555,387,701,9,1064,736,466,444,1028,608,137,0,0,0,0,0,0,0,0,0,0,0,0,0,0,0,0,0,0,0,0,0,0,0,0,0,0,0,0,0,0,0,0,0,0
2020-01-02 02:00:00,694,1097,1074,1555,387,701,9,1064,736,466,444,1028,608,137,0,0,0,0,0,0,0,0,0,0,0,0,0,0,0,0,0,0,0,0,0,0,0,0,0,0,0,0,0,0,0,0,0,0
2020-01-02 02:05:00,694,1097,1074,1555,387,701,9,1064,736,466,444,1028,608,137,0,0,0,0,0,0,0,0,0,0,0,0,0,0,0,0,0,0,0,0,0,0,0,0,0,0,0,0,0,0,0,0,0,0
2020-01-02 02:10:00,694,1097,1074,1555,387,701,9,1064,736,466,444,1028,608,137,0,0,0,0,0,0,0,0,0,0,0,0,0,0,0,0,0,0,0,0,0,0,0,0,0,0,0,0,0,0,0,0,0,0
2020-01-02 02:15:00,694,1097,1074,1555,387,701,9,1064,736,466,444,1028,608,137,0,0,0,0,0,0,0,0,0,0,0,0,0,0,0,0,0,0,0,0,0,0,0,0,0,0,0,0,0,0,0,0,0,0
2020-01-02 02:20:00,694,1097,1074,1555,387,701,9,1064,736,466,444,1028,608,137,0,0,0,0,0,0,0,0,0,0,0,0,0,0,0,0,0,0,0,0,0,0,0,0,0,0,0,0,0,0,0,0,0,0
2020-01-02 02:25:00,694,1097,1074,1555,387,701,9,1064,736,466,444,1028,608,137,0,0,0,0,0,0,0,0,0,0,0,0,0,0,0,0,0,0,0,0,0,0,0,0,0,0,0,0,0,0,0,0,0,0
2020-01-02 02:30:00,694,1097,1074,1555,387,701,9,1064,736,466,444,1028,608,137,0,0,0,0,0,0,0,0,0,0,0,0,0,0,0,0,0,0,0,0,0,0,0,0,0,0,0,0,0,0,0,0,0,0
2020-01-02 02:35:00,694,1097,1074,1555,387,701,9,1064,736,466,444,1028,608,137,0,0,0,0,0,0,0,0,0,0,0,0,0,0,0,0,0,0,0,0,0,0,0,0,0,0,0,0,0,0,0,0,0,0
2020-01-02 02:40:00,694,1097,1074,1555,387,701,9,1064,736,466,444,1028,608,137,0,0,0,0,0,0,0,0,0,0,0,0,0,0,0,0,0,0,0,0,0,0,0,0,0,0,0,0,0,0,0,0,0,0
2020-01-02 02:45:00,694,1097,1074,1555,387,701,9,1064,736,466,444,1028,608,137,0,0,0,0,0,0,0,0,0,0,0,0,0,0,0,0,0,0,0,0,0,0,0,0,0,0,0,0,0,0,0,0,0,0
2020-01-02 02:50:00,694,1097,1074,1555,387,701,9,1064,736,466,444,1028,608,137,0,0,0,0,0,0,0,0,0,0,0,0,0,0,0,0,0,0,0,0,0,0,0,0,0,0,0,0,0,0,0,0,0,0
2020-01-02 02:55:00,694,1097,1074,1555,387,701,9,1064,736,466,444,1028,608,137,0,0,0,0,0,0,0,0,0,0,0,0,0,0,0,0,0,0,0,0,0,0,0,0,0,0,0,0,0,0,0,0,0,0
2020-01-02 03:00:00,694,1097,1074,1555,387,701,9,1064,736,466,444,1028,608,137,0,0,0,0,0,0,0,0,0,0,0,0,0,0,0,0,0,0,0,0,0,0,0,0,0,0,0,0,0,0,0,0,0,0
2020-01-02 03:05:00,694,1097,1074,1555,387,701,9,1064,736,466,444,1028,608,137,0,0,0,0,0,0,0,0,0,0,0,0,0,0,0,0,0,0,0,0,0,0,0,0,0,0,0,0,0,0,0,0,0,0
2020-01-02 03:10:00,694,1097,1074,1555,387,701,9,1064,736,466,444,1028,608,137,0,0,0,0,0,0,0,0,0,0,0,0,0,0,0,0,0,0,0,0,0,0,0,0,0,0,0,0,0,0,0,0,0,0
2020-01-02 03:15:00,694,1097,1074,1555,387,701,9,1064,736,466,444,1028,608,137,0,0,0,0,0,0,0,0,0,0,0,0,0,0,0,0,0,0,0,0,0,0,0,0,0,0,0,0,0,0,0,0,0,0
2020-01-02 03:20:00,694,1097,1074,1555,387,701,9,1064,736,466,444,1028,608,137,0,0,0,0,0,0,0,0,0,0,0,0,0,0,0,0,0,0,0,0,0,0,0,0,0,0,0,0,0,0,0,0,0,0
2020-01-02 03:25:00,694,1097,1074,1555,387,701,9,1064,736,466,444,1028,608,137,0,0,0,0,0,0,0,0,0,0,0,0,0,0,0,0,0,0,0,0,0,0,0,0,0,0,0,0,0,0,0,0,0,0
2020-01-02 03:30:00,694,1097,1074,1555,387,701,9,1064,736,466,444,1028,608,137,0,0,0,0,0,0,0,0,0,0,0,0,0,0,0,0,0,0,0,0,0,0,0,0,0,0,0,0,0,0,0,0,0,0
2020-01-02 03:35:00,694,1097,1074,1555,387,701,9,1064,736,466,444,1028,608,137,0,0,0,0,0,0,0,0,0,0,0,0,0,0,0,0,0,0,0,0,0,0,0,0,0,0,0,0,0,0,0,0,0,0
2020-01-02 03:40:00,694,1097,1074,1555,387,701,9,1064,736,466,444,1028,608,137,0,0,0,0,0,0,0,0,0,0,0,0,0,0,0,0,0,0,0,0,0,0,0,0,0,0,0,0,0,0,0,0,0,0
2020-01-02 03:45:00,694,1097,1074,1555,387,701,9,1064,736,466,444,1028,608,137,0,0,0,0,0,0,0,0,0,0,0,0,0,0,0,0,0,0,0,0,0,0,0,0,0,0,0,0,0,0,0,0,0,0
2020-01-02 03:50:00,694,1097,1074,1555,387,701,9,1064,736,466,444,1028,608,137,0,0,0,0,0,0,0,0,0,0,0,0,0,0,0,0,0,0,0,0,0,0,0,0,0,0,0,0,0,0,0,0,0,0
2020-01-02 03:55:00,694,1097,1074,1555,387,701,9,1064,736,466,444,1028,608,137,0,0,0,0,0,0,0,0,0,0,0,0,0,0,0,0,0,0,0,0,0,0,0,0,0,0,0,0,0,0,0,0,0,0
2020-01-02 04:00:00,694,1097,1074,1555,387,701,9,1064,736,466,444,1028,608,137,0,0,0,0,0,0,0,0,0,0,0,0,0,0,0,0,0,0,0,0,0,0,0,0,0,0,0,0,0,0,0,0,0,0
2020-01-02 04:05:00,694,1097,1074,1555,387,701,9,1064,736,466,444,1028,608,137,0,0,0,0,0,0,0,0,0,0,0,0,0,0,0,0,0,0,0,0,0,0,0,0,0,0,0,0,0,0,0,0,0,0
2020-01-02 04:10:00,694,1097,1074,1555,387,701,9,1064,736,466,444,1028,608,137,0,0,0,0,0,0,0,0,0,0,0,0,0,0,0,0,0,0,0,0,0,0,0,0,0,0,0,0,0,0,0,0,0,0
2020-01-02 04:15:00,694,1097,1074,1555,387,701,9,1064,736,466,444,1028,608,137,0,0,0,0,0,0,0,0,0,0,0,0,0,0,0,0,0,0,0,0,0,0,0,0,0,0,0,0,0,0,0,0,0,0
2020-01-02 04:20:00,694,1097,1074,1555,387,701,9,1064,736,466,444,1028,608,137,0,0,0,0,0,0,0,0,0,0,0,0,0,0,0,0,0,0,0,0,0,0,0,0,0,0,0,0,0,0,0,0,0,0
2020-01-02 04:25:00,694,1097,1074,1555,387,701,9,1064,736,466,444,1028,608,137,0,0,0,0,0,0,0,0,0,0,0,0,0,0,0,0,0,0,0,0,0,0,0,0,0,0,0,0,0,0,0,0,0,0
2020-01-02 04:30:00,694,1097,1074,1555,387,701,9,1064,736,466,444,1028,608,137,0,0,0,0,0,0,0,0,0,0,0,0,0,0,0,0,0,0,0,0,0,0,0,0,0,0,0,0,0,0,0,0,0,0
2020-01-02 04:35:00,694,1097,1074,1555,387,701,9,1064,736,466,444,1028,608,137,0,0,0,0,0,0,0,0,0,0,0,0,0,0,0,0,0,0,0,0,0,0,0,0,0,0,0,0,0,0,0,0,0,0
2020-01-02 04:40:00,694,1097,1074,1555,387,701,9,1064,736,466,444,1028,608,137,0,0,0,0,0,0,0,0,0,0,0,0,0,0,0,0,0,0,0,0,0,0,0,0,0,0,0,0,0,0,0,0,0,0
2020-01-02 04:45:00,694,1097,1074,1555,387,701,9,1064,736,466,444,1028,608,137,0,0,0,0,0,0,0,0,0,0,0,0,0,0,0,0,0,0,0,0,0,0,0,0,0,0,0,0,0,0,0,0,0,0
2020-01-02 04:50:00,694,1097,1074,1555,387,701,9,1064,736,466,444,1028,608,137,0,0,0,0,0,0,0,0,0,0,0,0,0,0,0,0,0,0,0,0,0,0,0,0,0,0,0,0,0,0,0,0,0,0
2020-01-02 04:55:00,694,1097,1074,1555,387,701,9,1064,736,466,444,1028,608,137,0,0,0,0,0,0,0,0,0,0,0,0,0,0,0,0,0,0,0,0,0,0,0,0,0,0,0,0,0,0,0,0,0,0
2020-01-02 05:00:00,694,1097,1074,1555,387,701,9,1064,736,466,444,1028,608,137,0,0,0,0,0,0,0,0,0,0,0,0,0,0,0,0,0,0,0,0,0,0,0,0,0,0,0,0,0,0,0,0,0,0
2020-01-02 05:05:00,694,1097,1074,1555,387,701,9,1064,736,466,444,1028,608,137,0,0,0,0,0,0,0,0,0,0,0,0,0,0,0,0,0,0,0,0,0,0,0,0,0,0,0,0,0,0,0,0,0,0
2020-01-02 05:10:00,694,1097,1074,1555,387,701,9,1064,736,466,444,1028,608,137,0,0,0,0,0,0,0,0,0,0,0,0,0,0,0,0,0,0,0,0,0,0,0,0,0,0,0,0,0,0,0,0,0,0
2020-01-02 05:15:00,694,1097,1074,1555,387,701,9,1064,736,466,444,1028,608,137,0,0,0,0,0,0,0,0,0,0,0,0,0,0,0,0,0,0,0,0,0,0,0,0,0,0,0,0,0,0,0,0,0,0
2020-01-02 05:20:00,694,1097,1074,1555,387,701,9,1064,736,466,444,1028,608,137,0,0,0,0,0,0,0,0,0,0,0,0,0,0,0,0,0,0,0,0,0,0,0,0,0,0,0,0,0,0,0,0,0,0
2020-01-02 05:25:00,694,1097,1074,1555,387,701,9,1064,736,466,444,1028,608,137,0,0,0,0,0,0,0,0,0,0,0,0,0,0,0,0,0,0,0,0,0,0,0,0,0,0,0,0,0,0,0,0,0,0
2020-01-02 05:30:00,694,1097,1074,1555,387,701,9,1064,736,466,444,1028,608,137,0,0,0,0,0,0,0,0,0,0,0,0,0,0,0,0,0,0,0,0,0,0,0,0,0,0,0,0,0,0,0,0,0,0
2020-01-02 05:35:00,694,1097,1074,1555,387,701,9,1064,736,466,444,1028,608,137,0,0,0,0,0,0,0,0,0,0,0,0,0,0,0,0,0,0,0,0,0,0,0,0,0,0,0,0,0,0,0,0,0,0
2020-01-02 05:40:00,694,1097,1074,1555,387,701,9,1064,736,466,444,1028,608,137,0,0,0,0,0,0,0,0,0,0,0,0,0,0,0,0,0,0,0,0,0,0,0,0,0,0,0,0,0,0,0,0,0,0
2020-01-02 05:45:00,694,1097,1074,1555,387,701,9,1064,736,466,444,1028,608,137,0,0,0,0,0,0,0,0,0,0,0,0,0,0,0,0,0,0,0,0,0,0,0,0,0,0,0,0,0,0,0,0,0,0
2020-01-02 05:50:00,694,1097,1070,1555,387,695,9,1061,736,466,444,1028,608,137,0,0,0,0,0,0,0,0,0,0,0,0,0,6,0,0,0,0,0,3,0,0,0,0,0,0,0,0,0,4,0,0,0,0
2020-01-02 05:55:00,694,1097,1070,1555,387,693,9,1061,736,466,444,1028,608,137,0,0,0,0,0,0,0,0,0,0,0,0,0,8,0,0,0,0,0,3,0,0,0,0,0,0,0,0,0,4,0,0,0,0
2020-01-02 06:00:00,694,1092,1065,1555,387,693,9,1061,740,466,444,1031,608,137,0,0,0,0,0,0,0,0,0,5,0,0,0,8,0,0,0,0,0,0,0,0,0,0,0,0,0,0,0,5,0,0,0,0
2020-01-02 06:05:00,700,1092,1062,1555,387,677,9,1058,735,463,444,1028,614,137,0,0,0,0,0,0,0,0,0,5,0,0,0,18,0,0,0,0,0,3,0,0,0,0,0,0,0,5,0,8,0,0,0,0
2020-01-02 06:10:00,698,1083,1060,1560,387,669,9,1047,739,463,444,1027,610,136,0,0,0,0,0,0,3,0,0,9,0,0,0,24,6,0,0,0,0,14,0,0,1,0,0,0,0,6,0,5,0,0,0,0
2020-01-02 06:15:00,696,1069,1048,1550,386,669,15,1046,737,463,444,1030,607,136,0,0,0,10,0,0,5,0,0,22,1,0,0,24,9,0,1,0,0,12,0,0,0,0,0,4,0,2,0,14,0,0,0,0
2020-01-02 06:20:00,700,1069,1041,1553,389,652,13,1043,733,462,450,1041,622,136,0,0,0,11,0,0,6,0,5,13,1,0,0,25,4,0,1,0,0,4,0,0,0,0,0,2,0,5,0,19,0,0,0,0
2020-01-02 06:25:00,717,1053,1036,1541,388,647,11,1021,741,460,442,1026,611,136,0,0,0,27,0,0,9,4,14,16,0,0,0,22,21,2,1,0,0,25,0,0,0,0,0,1,0,7,0,12,5,4,0,0
2020-01-02 06:30:00,708,1042,1021,1517,383,646,13,1013,731,459,446,1022,598,129,0,0,13,50,0,0,11,6,10,27,5,0,0,23,33,2,8,0,0,30,0,2,5,0,0,16,0,4,0,20,2,5,0,0
2020-01-02 06:35:00,718,1039,1011,1519,383,627,21,1010,726,456,467,1055,613,127,0,0,22,51,0,0,11,7,4,14,14,0,0,25,17,3,7,0,0,11,0,2,0,0,0,5,0,6,0,25,2,2,0,0
2020-01-02 06:40:00,740,1018,1001,1494,380,619,16,985,735,450,456,1044,598,126,0,0,28,78,0,0,15,20,11,15,19,6,0,28,23,12,9,0,0,28,0,0,1,0,0,4,4,7,0,20,5,5,0,0
2020-01-02 06:45:00,747,1002,980,1460,372,616,20,969,721,442,448,1028,594,119,0,0,55,98,0,0,16,27,9,22,19,8,0,30,34,15,19,3,0,41,1,3,4,0,9,22,6,4,0,31,3,3,0,0
2020-01-02 06:50:00,748,1004,975,1464,364,601,27,959,726,437,460,1082,618,118,0,0,57,90,0,0,21,30,7,15,16,2,9,26,20,13,13,4,0,26,0,2,0,0,6,11,6,9,0,26,3,5,0,0
2020-01-02 06:55:00,757,974,959,1428,363,593,22,932,730,430,448,1077,602,117,0,0,60,107,0,0,26,46,33,25,20,15,15,26,23,20,14,5,20,37,0,0,1,0,4,8,10,16,8,21,4,4,0,0
2020-01-02 07:00:00,770,961,946,1398,349,591,23,911,703,423,435,1054,587,112,0,0,92,107,0,0,29,43,40,29,23,21,20,25,39,19,21,11,32,48,0,2,3,1,14,25,12,15,17,29,11,9,0,0
2020-01-02 07:05:00,778,986,948,1416,356,587,29,921,713,425,445,1092,603,112,0,0,95,92,0,0,32,39,21,17,19,10,21,23,32,16,15,10,21,31,0,1,0,0,15,15,9,9,17,19,4,6,0,0
2020-01-02 07:10:00,773,974,950,1392,359,589,26,914,713,426,447,1090,594,111,0,0,97,102,0,0,27,46,31,24,24,18,20,19,25,28,14,12,40,29,1,0,1,2,7,10,6,12,23,13,5,6,0,0
2020-01-02 07:15:00,785,966,949,1374,355,591,22,907,693,424,436,1052,581,111,0,0,115,95,0,0,30,39,40,28,23,23,25,20,29,31,15,14,57,35,4,2,1,0,21,18,8,12,30,16,12,11,0,0
2020-01-02 07:20:00,773,989,961,1406,360,593,33,930,700,430,443,1075,601,110,0,0,103,78,0,0,27,36,28,18,16,13,31,15,21,27,6,9,41,24,1,2,3,0,21,10,11,8,24,12,5,6,0,0
2020-01-02 07:25:00,759,994,971,1407,362,594,33,947,710,434,441,1078,592,108,0,0,95,73,0,0,24,34,36,21,14,18,37,15,15,30,2,10,44,17,1,2,1,0,8,9,13,11,19,8,9,4,0,0
2020-01-02 07:30:00,755,996,973,1403,369,602,29,955,699,434,430,1053,590,105,0,0,100,59,0,0,24,28,41,26,8,26,37,14,14,29,3,12,57,16,2,1,3,2,23,14,14,7,23,12,7,5,0,0
2020-01-02 07:35:00,741,1029,980,1434,374,616,30,978,716,438,437,1050,599,108,0,0,91,46,0,0,17,22,22,14,5,15,37,8,7,23,1,13,47,13,0,0,1,1,23,6,13,4,22,10,3,6,0,0
2020-01-02 07:40:00,715,1036,990,1451,373,624,25,1001,730,444,437,1040,592,107,0,0,78,37,0,0,14,15,24,18,9,15,36,7,6,24,1,14,47,11,0,2,0,0,16,6,14,4,25,6,2,4,0,0
2020-01-02 07:45:00,705,1028,989,1463,372,625,20,1013,733,451,433,1029,590,106,0,0,65,23,0,0,10,12,29,25,13,16,37,14,6,24,1,11,53,12,0,1,0,1,15,7,15,2,30,13,2,6,0,0
2020-01-02 07:50:00,703,1046,1000,1485,374,628,15,1036,738,453,440,1024,602,106,0,0,45,13,0,0,7,7,25,20,9,9,26,25,2,16,0,6,45,12,3,0,1,2,9,6,11,1,29,15,1,5,0,0
2020-01-02 07:55:00,706,1040,1011,1507,377,632,13,1060,751,450,443,1021,612,111,0,0,27,5,0,0,4,4,23,28,5,8,21,28,2,12,0,2,36,6,2,0,0,1,7,1,7,1,26,8,0,2,0,0
2020-01-02 08:00:00,700,1050,1014,1522,379,630,9,1068,748,453,441,1013,621,113,0,0,16,4,0,0,4,4,16,27,3,3,12,32,8,11,0,0,24,13,1,0,1,3,6,3,3,7,21,15,1,1,0,0
2020-01-02 08:05:00,699,1037,989,1530,381,599,8,1056,747,455,443,1004,628,117,0,0,7,19,0,0,12,2,9,22,12,1,7,55,20,6,0,0,12,40,0,0,0,0,4,0,2,13,16,48,0,0,0,0
2020-01-02 08:10:00,695,990,970,1439,382,546,12,1032,755,453,450,1013,616,117,0,0,5,115,0,0,20,1,7,27,52,1,3,107,36,1,1,0,4,60,1,0,0,0,0,0,2,11,10,65,1,0,0,0
2020-01-02 08:15:00,707,915,942,1236,386,471,15,1002,779,449,457,1026,632,117,0,0,2,313,0,0,28,0,26,23,109,0,1,171,32,1,1,0,0,66,0,0,1,0,0,0,0,18,4,63,6,1,0,0
2020-01-02 08:20:00,748,801,881,999,392,391,16,925,759,438,466,1015,674,114,0,0,0,500,0,0,40,2,86,19,178,0,1,215,44,1,1,0,0,111,0,0,3,0,0,0,0,62,1,99,14,4,0,0
2020-01-02 08:25:00,773,690,776,781,401,332,31,765,746,426,462,997,718,107,0,0,0,652,0,0,87,3,123,15,236,0,1,217,117,6,2,0,0,237,1,0,7,0,0,5,1,90,1,170,19,5,0,0
2020-01-02 08:30:00,775,650,673,627,411,282,85,597,757,409,483,1030,775,104,0,0,0,776,0,0,138,8,98,11,226,0,1,190,212,15,3,0,0,328,0,0,4,0,4,6,4,90,0,209,14,5,0,0
2020-01-02 08:35:00,795,584,523,503,428,238,106,482,782,391,534,1074,766,97,0,0,1,841,0,0,205,16,87,6,228,3,1,154,343,21,8,13,0,283,4,0,7,0,44,3,11,130,0,254,25,9,0,0
2020-01-02 08:40:00,785,502,381,415,440,210,128,406,793,408,591,842,653,97,0,0,7,809,0,0,303,26,93,0,281,7,2,123,459,23,13,52,1,324,40,1,3,0,147,6,19,214,2,292,72,30,0,0
2020-01-02 08:45:00,608,457,296,356,483,186,177,366,848,400,528,740,602,126,0,0,11,841,0,0,380,33,73,2,265,7,9,97,671,34,15,99,4,238,84,0,11,0,152,1,28,315,9,286,117,45,0,0
2020-01-02 08:50:00,498,414,244,323,547,164,293,332,834,358,506,626,565,177,0,0,15,860,0,0,415,34,41,4,234,4,26,75,822,86,14,147,7,151,117,0,33,11,127,4,35,441,27,235,104,50,0,0
2020-01-02 08:55:00,558,360,217,310,563,152,287,316,751,321,410,505,468,242,0,0,21,712,0,0,486,29,23,7,244,2,43,60,977,159,9,160,11,94,119,0,63,57,116,8,31,735,49,165,90,70,0,0
2020-01-02 09:00:00,438,314,220,307,538,151,427,310,677,333,443,458,502,321,0,0,19,690,0,0,460,23,12,9,192,1,51,44,1079,169,4,154,15,29,111,0,97,57,80,16,28,913,63,91,78,76,0,0
2020-01-02 09:05:00,345,285,242,311,521,164,533,311,581,311,455,383,608,395,0,0,15,680,0,0,472,17,5,5,108,0,47,26,1119,161,1,124,13,16,126,0,94,79,77,4,27,1116,75,24,67,57,0,0
2020-01-02 09:10:00,271,261,270,316,516,180,651,316,481,260,572,339,648,516,0,0,11,680,0,0,405,12,5,6,61,0,39,15,1115,142,0,88,9,9,116,0,84,68,42,10,19,1259,70,13,77,48,0,0
2020-01-02 09:15:00,405,249,308,323,520,194,815,319,395,212,624,309,711,625,0,0,5,492,0,0,398,10,4,5,36,1,32,8,1042,110,0,73,8,5,92,0,75,51,33,6,13,1302,57,9,92,32,0,0
2020-01-02 09:20:00,383,244,336,331,569,206,896,323,338,251,638,301,748,704,0,0,2,392,0,0,272,5,2,1,21,1,22,5,1082,90,0,47,9,2,69,0,64,41,18,3,9,1378,52,4,115,26,0,0
2020-01-02 09:25:00,405,240,364,331,620,217,1145,326,299,262,846,297,803,768,0,0,2,251,0,0,140,3,1,1,13,0,14,2,956,70,0,38,6,1,89,0,46,26,18,2,3,1273,43,1,58,20,0,0
2020-01-02 09:30:00,456,237,387,332,617,225,1321,331,285,270,891,307,833,843,0,0,2,69,0,0,62,2,0,0,10,0,7,1,896,65,0,37,2,1,94,0,40,38,7,0,1,1187,33,1,98,12,0,0
2020-01-02 09:35:00,359,235,406,333,658,228,1424,332,268,277,982,334,869,928,0,0,2,11,0,0,23,1,0,1,5,0,4,0,768,45,0,36,3,0,99,0,47,36,10,0,1,1157,24,1,80,13,0,0
2020-01-02 09:40:00,267,234,420,334,671,231,1627,333,270,241,1031,340,897,1009,0,0,1,0,0,0,13,1,0,1,2,0,2,0,633,27,0,37,4,0,102,0,54,23,22,0,0,1045,17,0,101,10,0,0
2020-01-02 09:45:00,212,233,430,335,722,232,1838,335,283,197,1095,329,914,1081,0,0,1,0,0,0,4,1,0,0,2,0,1,0,491,13,0,33,4,0,84,0,53,28,20,0,0,913,13,0,95,8,0,0
2020-01-02 09:50:00,182,233,437,335,754,232,2037,337,297,153,1266,325,926,1132,0,0,1,0,0,0,1,2,0,0,1,0,1,0,245,2,0,24,2,0,62,0,61,27,14,0,0,807,12,0,85,7,0,0
2020-01-02 09:55:00,168,233,443,336,779,233,2284,339,306,125,1398,316,929,1165,0,0,0,0,0,0,0,2,0,0,0,0,0,0,30,1,0,15,1,0,40,0,56,19,9,0,2,664,11,0,90,6,0,0
2020-01-02 10:00:00,164,233,449,336,815,233,2596,339,309,104,1370,314,929,1186,0,0,0,0,0,0,0,1,0,0,0,0,0,0,0,2,0,8,1,0,26,0,38,16,1,0,3,446,11,0,63,7,0,0
2020-01-02 10:05:00,162,233,454,336,823,233,2924,340,310,89,1356,314,930,1200,0,0,0,0,0,0,0,1,0,0,0,0,0,0,0,2,0,5,0,0,16,0,28,24,0,0,2,184,8,0,20,6,0,0
2020-01-02 10:10:00,163,233,460,336,808,233,3146,340,311,81,1357,313,931,1222,0,0,0,0,0,0,0,0,0,0,0,0,0,0,0,1,0,3,0,0,8,0,18,16,1,0,1,6,2,0,5,5,0,0
2020-01-02 10:15:00,163,233,462,336,780,233,3184,340,313,77,1360,313,932,1237,0,0,0,0,0,0,0,0,0,0,0,0,0,0,0,1,0,2,0,0,4,0,9,10,0,0,0,0,0,0,1,10,0,0
2020-01-02 10:20:00,163,233,462,336,766,233,3200,340,312,75,1370,313,932,1245,0,0,0,0,0,0,0,0,0,0,0,0,0,0,0,1,0,1,0,0,2,0,6,5,0,0,0,0,1,0,0,4,0,0
2020-01-02 10:25:00,163,233,462,336,762,233,3211,340,312,74,1373,313,933,1249,0,0,0,0,0,0,0,0,0,0,0,0,0,0,0,1,0,0,0,0,1,0,3,0,0,0,0,0,1,0,0,0,0,0
2020-01-02 10:30:00,163,233,463,336,761,233,3213,340,312,73,1373,313,933,1249,0,0,0,0,0,0,0,0,0,0,0,0,0,0,0,1,0,0,0,0,1,0,1,1,0,0,0,0,0,0,0,1,0,0
2020-01-02 10:35:00,163,233,463,336,761,233,3214,340,312,73,1374,313,934,1251,0,0,0,0,0,0,0,0,0,0,0,0,0,0,0,0,0,0,0,0,0,0,0,0,0,0,0,0,0,0,0,0,0,0
2020-01-02 10:40:00,163,233,463,336,761,233,3214,340,312,73,1374,313,934,1250,0,0,0,0,0,0,0,0,0,0,0,0,0,0,0,0,0,0,0,0,0,0,1,0,0,0,0,0,0,0,0,0,0,0
2020-01-02 10:45:00,163,233,463,336,761,233,3215,340,312,73,1374,313,934,1250,0,0,0,0,0,0,0,0,0,0,0,0,0,0,0,0,0,0,0,0,0,0,0,0,0,0,0,0,0,0,0,0,0,0
2020-01-02 10:50:00,163,233,463,336,761,233,3215,340,312,73,1374,313,934,1250,0,0,0,0,0,0,0,0,0,0,0,0,0,0,0,0,0,0,0,0,0,0,0,0,0,0,0,0,0,0,0,0,0,0
2020-01-02 10:55:00,163,233,463,336,761,233,3215,340,312,73,1374,313,934,1250,0,0,0,0,0,0,0,0,0,0,0,0,0,0,0,0,0,0,0,0,0,0,0,0,0,0,0,0,0,0,0,0,0,0
2020-01-02 11:00:00,163,233,463,336,761,233,3215,340,312,73,1374,313,934,1250,0,0,0,0,0,0,0,0,0,0,0,0,0,0,0,0,0,0,0,0,0,0,0,0,0,0,0,0,0,0,0,0,0,0
2020-01-02 11:05:00,163,233,463,336,761,233,3215,340,312,73,1374,313,934,1250,0,0,0,0,0,0,0,0,0,0,0,0,0,0,0,0,0,0,0,0,0,0,0,0,0,0,0,0,0,0,0,0,0,0
2020-01-02 11:10:00,163,233,463,336,761,233,3215,340,312,73,1374,313,934,1250,0,0,0,0,0,0,0,0,0,0,0,0,0,0,0,0,0,0,0,0,0,0,0,0,0,0,0,0,0,0,0,0,0,0
2020-01-02 11:15:00,163,233,463,336,761,233,3215,340,312,73,1374,313,934,1250,0,0,0,0,0,0,0,0,0,0,0,0,0,0,0,0,0,0,0,0,0,0,0,0,0,0,0,0,0,0,0,0,0,0
2020-01-02 11:20:00,163,233,463,336,761,233,3215,340,312,73,1374,313,934,1250,0,0,0,0,0,0,0,0,0,0,0,0,0,0,0,0,0,0,0,0,0,0,0,0,0,0,0,0,0,0,0,0,0,0
2020-01-02 11:25:00,163,233,463,336,761,233,3215,340,312,73,1374,313,934,1250,0,0,0,0,0,0,0,0,0,0,0,0,0,0,0,0,0,0,0,0,0,0,0,0,0,0,0,0,0,0,0,0,0,0
2020-01-02 11:30:00,163,233,463,336,761,233,3215,340,312,73,1374,313,934,1250,0,0,0,0,0,0,0,0,0,0,0,0,0,0,0,0,0,0,0,0,0,0,0,0,0,0,0,0,0,0,0,0,0,0
2020-01-02 11:35:00,163,233,463,336,761,233,3215,340,312,73,1374,313,934,1250,0,0,0,0,0,0,0,0,0,0,0,0,0,0,0,0,0,0,0,0,0,0,0,0,0,0,0,0,0,0,0,0,0,0
2020-01-02 11:40:00,163,233,463,336,761,233,3215,340,312,73,1374,313,934,1250,0,0,0,0,0,0,0,0,0,0,0,0,0,0,0,0,0,0,0,0,0,0,0,0,0,0,0,0,0,0,0,0,0,0
2020-01-02 11:45:00,163,233,463,336,761,233,3215,340,312,73,1374,313,934,1250,0,0,0,0,0,0,0,0,0,0,0,0,0,0,0,0,0,0,0,0,0,0,0,0,0,0,0,0,0,0,0,0,0,0
2020-01-02 11:50:00,163,233,463,336,761,233,3215,340,312,73,1374,313,934,1250,0,0,0,0,0,0,0,0,0,0,0,0,0,0,0,0,0,0,0,0,0,0,0,0,0,0,0,0,0,0,0,0,0,0
2020-01-02 11:55:00,163,233,463,336,761,233,3215,340,312,73,1374,313,934,1250,0,0,0,0,0,0,0,0,0,0,0,0,0,0,0,0,0,0,0,0,0,0,0,0,0,0,0,0,0,0,0,0,0,0
2020-01-02 12:00:00,163,233,463,336,761,233,3215,340,312,73,1374,313,934,1250,0,0,0,0,0,0,0,0,0,0,0,0,0,0,0,0,0,0,0,0,0,0,0,0,0,0,0,0,0,0,0,0,0,0
2020-01-02 12:05:00,163,233,463,336,761,233,3215,340,312,73,1374,313,934,1250,0,0,0,0,0,0,0,0,0,0,0,0,0,0,0,0,0,0,0,0,0,0,0,0,0,0,0,0,0,0,0,0,0,0
2020-01-02 12:10:00,163,233,463,336,761,233,3215,340,312,73,1374,313,934,1250,0,0,0,0,0,0,0,0,0,0,0,0,0,0,0,0,0,0,0,0,0,0,0,0,0,0,0,0,0,0,0,0,0,0
2020-01-02 12:15:00,163,233,463,336,761,233,3215,340,312,73,1374,313,934,1250,0,0,0,0,0,0,0,0,0,0,0,0,0,0,0,0,0,0,0,0,0,0,0,0,0,0,0,0,0,0,0,0,0,0
2020-01-02 12:20:00,163,233,463,336,761,233,3215,340,312,73,1374,313,934,1250,0,0,0,0,0,0,0,0,0,0,0,0,0,0,0,0,0,0,0,0,0,0,0,0,0,0,0,0,0,0,0,0,0,0
2020-01-02 12:25:00,163,233,463,336,761,233,3215,340,312,73,1374,313,934,1250,0,0,0,0,0,0,0,0,0,0,0,0,0,0,0,0,0,0,0,0,0,0,0,0,0,0,0,0,0,0,0,0,0,0
2020-01-02 12:30:00,163,233,463,336,761,233,3215,340,312,73,1374,313,934,1250,0,0,0,0,0,0,0,0,0,0,0,0,0,0,0,0,0,0,0,0,0,0,0,0,0,0,0,0,0,0,0,0,0,0
2020-01-02 12:35:00,163,233,463,336,761,233,3215,340,312,73,1374,313,934,1250,0,0,0,0,0,0,0,0,0,0,0,0,0,0,0,0,0,0,0,0,0,0,0,0,0,0,0,0,0,0,0,0,0,0
2020-01-02 12:40:00,163,233,463,336,761,233,3215,340,312,73,1374,313,934,1250,0,0,0,0,0,0,0,0,0,0,0,0,0,0,0,0,0,0,0,0,0,0,0,0,0,0,0,0,0,0,0,0,0,0
2020-01-02 12:45:00,163,233,463,336,761,233,3215,340,312,73,1374,313,934,1250,0,0,0,0,0,0,0,0,0,0,0,0,0,0,0,0,0,0,0,0,0,0,0,0,0,0,0,0,0,0,0,0,0,0
2020-01-02 12:50:00,163,233,463,336,761,233,3215,340,312,73,1374,313,934,1250,0,0,0,0,0,0,0,0,0,0,0,0,0,0,0,0,0,0,0,0,0,0,0,0,0,0,0,0,0,0,0,0,0,0
2020-01-02 12:55:00,163,233,463,336,761,233,3215,340,312,73,1374,313,934,1250,0,0,0,0,0,0,0,0,0,0,0,0,0,0,0,0,0,0,0,0,0,0,0,0,0,0,0,0,0,0,0,0,0,0
2020-01-02 13:00:00,163,233,463,336,761,233,3215,340,312,73,1374,313,934,1250,0,0,0,0,0,0,0,0,0,0,0,0,0,0,0,0,0,0,0,0,0,0,0,0,0,0,0,0,0,0,0,0,0,0
2020-01-02 13:05:00,163,233,463,336,761,233,3215,340,312,73,1374,313,934,1250,0,0,0,0,0,0,0,0,0,0,0,0,0,0,0,0,0,0,0,0,0,0,0,0,0,0,0,0,0,0,0,0,0,0
2020-01-02 13:10:00,163,233,463,336,761,233,3215,340,312,73,1374,313,934,1250,0,0,0,0,0,0,0,0,0,0,0,0,0,0,0,0,0,0,0,0,0,0,0,0,0,0,0,0,0,0,0,0,0,0
2020-01-02 13:15:00,163,233,463,336,761,233,3215,340,312,73,1374,313,934,1250,0,0,0,0,0,0,0,0,0,0,0,0,0,0,0,0,0,0,0,0,0,0,0,0,0,0,0,0,0,0,0,0,0,0
2020-01-02 13:20:00,163,233,463,336,761,233,3215,340,312,73,1374,313,934,1250,0,0,0,0,0,0,0,0,0,0,0,0,0,0,0,0,0,0,0,0,0,0,0,0,0,0,0,0,0,0,0,0,0,0
2020-01-02 13:25:00,178,178,423,268,742,196,3218,268,277,51,1357,289,905,1243,0,0,8,48,0,0,6,4,20,43,12,10,4,37,15,6,5,2,9,72,0,4,3,0,6,24,0,7,4,40,7,11,0,0
2020-01-02 13:30:00,162,163,413,246,741,187,3221,244,270,52,1363,304,896,1241,0,0,17,62,0,0,14,4,28,55,15,12,5,46,21,10,8,2,13,96,0,2,0,0,7,8,2,10,6,50,1,3,0,0
2020-01-02 13:35:00,158,191,417,285,737,187,3229,251,314,51,1375,370,913,1241,0,0,27,65,0,0,16,4,9,12,5,2,5,46,7,9,10,3,9,26,1,0,0,0,2,0,4,4,4,10,1,0,0,0
2020-01-02 13:40:00,191,140,374,222,723,162,3229,195,277,35,1350,332,925,1236,0,0,45,120,0,0,21,16,21,46,17,6,10,38,18,19,17,4,17,62,0,4,2,1,9,26,5,20,8,45,5,7,0,0
2020-01-02 13:45:00,231,114,358,193,724,153,3227,173,262,34,1347,326,902,1233,0,0,60,102,0,0,25,20,27,61,27,20,12,39,39,19,17,8,20,87,0,3,1,1,9,20,5,23,8,63,4,3,0,0
2020-01-02 13:50:00,214,131,359,231,723,151,3244,183,305,39,1361,387,910,1234,0,0,71,100,0,0,28,23,12,20,16,21,13,41,35,15,17,8,19,29,2,0,0,1,7,7,4,7,6,23,1,2,0,0
2020-01-02 13:55:00,218,101,335,181,720,138,3238,140,279,31,1354,356,912,1232,0,0,85,146,0,0,34,32,31,38,22,26,9,34,33,23,18,14,23,53,2,2,3,0,21,36,8,13,11,31,11,6,0,0
2020-01-02 14:00:00,263,79,325,159,727,129,3233,125,268,34,1352,340,895,1232,0,0,100,121,0,0,40,24,41,55,30,34,13,36,39,23,14,18,24,77,2,1,1,2,19,21,10,22,13,40,12,7,0,0
2020-01-02 14:05:00,255,106,324,189,734,124,3241,124,288,42,1364,392,895,1235,0,0,101,107,0,0,41,24,25,34,18,28,20,40,31,20,10,14,26,39,2,0,1,3,11,17,8,16,16,22,7,6,0,0
2020-01-02 14:10:00,242,114,327,200,732,126,3246,129,279,46,1371,385,906,1238,0,0,107,116,0,0,39,32,20,24,16,23,26,21,24,23,9,15,36,20,3,1,1,4,16,15,11,14,23,11,5,4,0,0
2020-01-02 14:15:00,271,119,335,210,741,131,3242,140,281,46,1368,371,903,1245,0,0,110,82,0,0,40,28,21,23,17,20,30,11,22,24,6,11,36,10,5,0,0,2,17,12,14,15,22,5,11,3,0,0
2020-01-02 14:20:00,258,125,347,234,756,138,3242,160,287,49,1371,370,902,1252,0,0,101,61,0,0,41,31,23,18,14,21,27,6,24,19,3,7,34,5,0,0,0,2,10,8,13,8,19,3,8,3,0,0
2020-01-02 14:25:00,236,139,355,252,761,149,3239,173,287,57,1374,361,899,1254,0,0,94,52,0,0,38,28,22,11,10,17,27,3,21,19,2,6,35,3,1,0,0,2,17,5,11,5,22,2,5,6,0,0
2020-01-02 14:30:00,233,154,365,273,763,160,3234,193,294,62,1384,350,897,1257,0,0,83,35,0,0,33,20,18,10,5,10,24,1,14,22,0,8,29,1,1,0,0,2,13,4,10,2,25,1,5,5,0,0
2020-01-02 14:35:00,214,162,377,288,763,165,3230,208,296,66,1384,349,898,1259,0,0,69,23,0,0,27,19,21,13,3,6,28,0,10,21,0,8,25,0,1,1,0,2,10,2,11,0,28,0,7,6,0,0
2020-01-02 14:40:00,203,172,390,307,767,176,3226,222,296,72,1388,346,900,1262,0,0,52,15,0,0,15,15,23,9,1,4,23,0,6,24,0,8,23,0,1,0,0,1,6,1,9,0,29,0,4,4,0,0
2020-01-02 14:45:00,195,186,405,321,767,184,3223,233,298,74,1384,342,902,1263,0,0,40,8,0,0,8,14,20,3,0,3,23,0,3,26,0,7,20,0,0,0,1,1,9,1,6,0,23,0,3,4,0,0
2020-01-02 14:50:00,183,197,419,331,768,193,3222,245,303,76,1381,337,909,1264,0,0,31,4,0,0,4,12,17,2,0,1,20,0,1,24,0,4,20,0,1,0,0,0,4,1,7,0,15,0,1,3,0,0
2020-01-02 14:55:00,179,207,428,341,767,199,3222,253,303,77,1378,337,913,1265,0,0,20,1,0,0,1,9,11,2,0,0,22,0,1,19,0,1,18,0,0,0,0,2,3,0,5,0,13,0,1,2,0,0
2020-01-02 15:00:00,175,213,434,345,766,207,3223,265,304,78,1373,336,916,1267,0,0,14,0,0,0,1,7,8,2,0,1,22,0,0,14,0,1,10,0,0,0,0,0,2,0,3,0,13,0,0,0,0,0
2020-01-02 15:05:00,172,217,441,351,765,213,3220,271,301,80,1373,334,915,1267,0,0,10,0,0,0,0,3,4,1,0,1,24,0,0,8,0,1,8,0,0,0,0,0,2,0,5,0,12,0,0,1,0,0
2020-01-02 15:10:00,169,222,447,357,765,221,3219,275,301,80,1374,333,916,1267,0,0,5,0,0,0,0,2,1,0,0,0,22,0,0,1,0,1,6,0,0,0,0,0,2,0,4,0,10,0,0,0,0,0
2020-01-02 15:15:00,167,222,453,355,765,229,3218,279,304,80,1374,333,914,1267,0,0,3,0,0,0,0,1,5,0,0,0,17,0,0,0,0,1,5,0,0,0,0,0,0,0,2,0,6,0,0,0,0,0
2020-01-02 15:20:00,168,223,457,353,766,237,3218,281,302,80,1374,331,913,1267,0,0,2,0,0,0,0,0,7,0,0,0,10,0,0,0,0,0,5,0,0,0,0,0,0,0,1,0,5,0,0,0,0,0
2020-01-02 15:25:00,167,227,459,354,766,243,3218,284,303,80,1374,330,913,1267,0,0,1,0,0,0,0,0,3,0,0,0,4,0,0,0,0,0,3,0,0,0,0,0,1,0,0,0,3,0,0,0,0,0
2020-01-02 15:30:00,167,230,462,355,766,246,3218,286,303,80,1374,329,913,1267,0,0,0,0,0,0,0,0,0,0,0,0,1,0,0,0,0,0,2,0,0,0,0,0,0,0,0,0,1,0,0,0,0,0
2020-01-02 15:35:00,167,230,462,354,766,247,3218,287,303,80,1374,329,913,1267,0,0,0,0,0,0,0,0,1,0,0,0,0,0,0,0,0,0,1,0,0,0,0,0,0,0,0,0,1,0,0,0,0,0
2020-01-02 15:40:00,167,230,463,354,766,247,3218,288,303,80,1374,329,913,1267,0,0,0,0,0,0,0,0,1,0,0,0,0,0,0,0,0,0,0,0,0,0,0,0,0,0,0,0,0,0,0,0,0,0
2020-01-02 15:45:00,167,231,463,354,766,247,3218,288,303,80,1374,329,913,1267,0,0,0,0,0,0,0,0,0,0,0,0,0,0,0,0,0,0,0,0,0,0,0,0,0,0,0,0,0,0,0,0,0,0
2020-01-02 15:50:00,167,231,463,354,766,247,3218,288,303,80,1374,329,913,1267,0,0,0,0,0,0,0,0,0,0,0,0,0,0,0,0,0,0,0,0,0,0,0,0,0,0,0,0,0,0,0,0,0,0
2020-01-02 15:55:00,167,231,463,354,766,247,3218,288,303,80,1373,329,913,1267,0,0,0,0,0,0,0,0,0,0,0,0,0,0,0,0,0,0,0,0,0,0,0,0,0,0,0,0,0,0,1,0,0,0
2020-01-02 16:00:00,168,231,460,353,767,247,3201,288,301,80,1365,328,910,1262,0,0,0,0,0,0,0,4,1,0,0,1,1,0,1,3,1,0,0,0,0,2,3,5,0,2,7,0,0,3,1,4,0,0
2020-01-02 16:05:00,170,231,455,353,778,243,3152,288,299,82,1348,326,896,1239,0,0,0,0,0,0,2,12,1,0,0,4,2,4,11,12,4,0,0,0,0,14,14,11,0,1,30,0,1,8,4,5,0,0
2020-01-02 16:10:00,171,233,452,352,773,239,3109,286,308,95,1327,325,883,1228,0,0,1,1,0,0,3,21,0,0,0,8,2,8,21,22,9,0,0,2,0,14,8,18,0,1,48,0,1,8,5,18,0,0
2020-01-02 16:15:00,178,235,453,352,770,240,3086,286,330,102,1344,324,884,1237,0,0,2,1,0,0,4,23,0,1,0,8,1,8,16,21,12,0,0,2,0,8,1,6,0,5,40,0,1,3,1,15,0,0
2020-01-02 16:20:00,189,239,453,352,763,241,3077,286,343,99,1354,333,895,1230,0,0,4,1,0,0,5,21,0,2,0,7,1,4,6,19,11,0,0,0,0,13,0,1,0,10,21,1,5,0,3,11,0,0
2020-01-02 16:25:00,198,240,454,353,757,241,3071,286,339,104,1353,345,898,1222,0,0,9,1,0,0,3,17,0,3,0,10,3,0,2,21,8,0,3,0,0,9,0,1,0,12,13,2,10,0,5,7,0,0
2020-01-02 16:30:00,205,243,458,355,756,241,3069,286,331,105,1345,362,898,1218,0,0,13,0,0,0,3,11,0,3,0,13,4,0,4,22,3,0,8,0,0,5,0,1,0,9,10,1,11,0,2,5,0,0
2020-01-02 16:35:00,207,248,464,358,755,242,3068,289,330,99,1341,373,898,1216,0,0,18,0,0,0,2,11,0,2,0,16,4,0,3,21,0,0,11,0,0,3,0,0,0,2,6,0,11,0,0,2,0,0
2020-01-02 16:40:00,199,253,469,360,756,244,3066,294,328,98,1339,366,901,1215,0,0,28,0,0,0,1,10,1,3,0,15,4,0,1,15,0,0,16,0,0,1,0,0,1,1,4,0,10,0,1,0,0,0
2020-01-02 16:45:00,198,259,475,366,754,245,3064,300,329,96,1333,364,903,1214,0,0,31,0,0,0,1,9,1,5,0,12,4,0,1,9,0,0,13,0,0,1,0,0,0,0,3,0,7,0,0,3,0,0
2020-01-02 16:50:00,195,264,479,372,752,246,3064,310,328,95,1336,364,902,1214,0,0,30,0,0,0,0,6,1,5,0,10,6,0,0,3,0,0,7,0,0,0,0,0,0,0,3,0,5,0,2,1,0,0
2020-01-02 16:55:00,193,270,482,381,754,248,3060,313,328,94,1333,366,899,1214,0,0,26,0,0,0,0,4,1,2,0,7,7,0,0,4,0,0,4,0,0,0,0,1,1,0,3,0,4,0,0,1,0,0
2020-01-02 17:00:00,193,274,479,393,763,249,2991,317,327,94,1304,362,881,1196,0,0,16,1,0,0,0,14,1,1,0,9,7,0,11,16,7,0,3,0,0,12,7,24,0,2,25,1,2,5,7,6,0,0
2020-01-02 17:05:00,195,277,458,399,779,247,2817,313,316,106,1221,352,837,1142,0,0,11,1,0,0,0,42,3,1,0,17,9,5,43,49,21,2,7,4,0,41,37,61,4,7,93,2,5,28,21,27,0,0
2020-01-02 17:10:00,206,284,441,401,767,241,2640,311,334,142,1165,342,794,1099,0,0,10,3,0,0,2,68,3,0,0,25,9,14,70,79,49,2,5,9,0,51,53,75,5,8,160,6,6,40,26,55,0,0
2020-01-02 17:15:00,226,296,438,401,755,239,2566,314,414,170,1193,346,807,1090,0,0,14,5,0,0,4,81,1,1,0,26,9,17,49,70,59,3,1,6,0,63,21,38,2,11,153,7,6,25,18,55,0,0
2020-01-02 17:20:00,265,305,435,402,736,243,2527,315,473,197,1223,366,828,1068,0,0,18,4,0,0,8,89,1,6,1,30,8,13,15,66,54,3,2,1,0,56,4,10,0,34,110,4,19,12,6,43,0,0
2020-01-02 17:25:00,321,310,440,406,715,246,2492,315,474,210,1210,413,831,1031,0,0,30,4,0,0,8,77,1,11,2,44,10,4,7,79,41,1,7,0,0,46,1,2,0,37,85,6,43,4,7,29,0,0
2020-01-02 17:30:00,358,320,454,413,698,247,2469,317,465,210,1187,479,842,1007,0,0,48,2,0,0,7,61,1,15,1,48,14,1,7,79,13,1,19,0,0,26,0,1,0,33,63,4,56,0,10,24,0,0
2020-01-02 17:35:00,372,337,483,423,693,251,2455,322,453,195,1174,503,854,994,0,0,75,0,0,0,6,52,3,17,1,42,17,0,8,71,3,0,41,0,0,14,0,1,0,21,41,3,53,0,5,17,0,0
2020-01-02 17:40:00,385,345,510,436,686,256,2446,336,440,181,1168,503,861,989,0,0,100,0,0,0,4,35,4,23,1,38,23,0,6,59,1,0,51,0,0,6,0,0,0,15,27,5,47,0,3,10,0,0
2020-01-02 17:45:00,377,356,536,457,677,261,2441,363,433,169,1156,500,865,986,0,0,123,0,0,0,4,18,4,26,0,37,29,0,2,48,0,0,49,0,1,3,0,2,0,3,20,3,40,0,2,9,0,0
2020-01-02 17:50:00,356,366,557,492,673,268,2434,387,427,166,1149,501,867,988,0,0,130,0,0,0,3,11,3,21,0,31,34,0,0,38,0,0,36,0,0,1,0,1,0,0,16,1,36,0,0,7,0,0
2020-01-02 17:55:00,335,381,575,535,670,279,2422,411,427,163,1141,505,863,984,0,0,116,0,0,0,2,8,2,16,0,25,34,0,2,29,2,0,17,1,0,4,1,4,0,1,13,0,25,1,2,4,0,0
2020-01-02 18:00:00,326,391,579,574,697,286,2284,419,422,167,1100,496,826,934,0,0,94,2,0,0,2,23,1,9,0,30,32,4,29,31,13,0,13,4,0,35,19,40,3,3,60,0,17,14,12,9,0,0
2020-01-02 18:05:00,320,403,546,611,732,279,1892,418,404,203,917,479,717,814,0,0,66,5,0,0,6,85,4,5,0,49,35,23,102,101,57,2,15,10,0,79,81,124,4,14,213,4,19,54,47,61,0,0
2020-01-02 18:10:00,333,419,506,634,771,275,1470,416,441,267,802,478,589,727,0,0,43,10,0,0,11,154,7,3,0,62,41,38,174,171,102,3,13,16,0,113,98,145,7,19,367,14,15,90,43,113,0,0
2020-01-02 18:15:00,372,452,485,651,739,276,1244,419,591,335,830,485,582,688,0,0,35,12,0,0,16,195,5,4,0,54,44,42,157,168,129,4,10,14,0,129,55,91,6,36,347,17,19,80,38,144,0,0
2020-01-02 18:20:00,436,474,476,658,686,289,1102,423,526,390,909,534,604,623,0,0,44,12,0,0,19,219,3,13,1,68,42,25,86,173,131,5,13,6,0,129,27,40,4,82,458,16,43,45,32,134,0,0
2020-01-02 18:25:00,554,485,485,671,630,304,1012,428,570,425,914,654,618,551,0,0,60,9,0,0,19,205,1,24,2,97,40,12,41,203,93,4,27,1,0,105,7,18,4,47,452,20,49,19,31,109,0,0
2020-01-02 18:30:00,659,519,513,685,591,316,948,436,624,429,888,724,644,496,0,0,103,4,0,0,16,171,1,24,2,101,47,4,22,216,49,3,64,0,0,70,3,11,1,59,388,19,38,6,24,82,0,0
2020-01-02 18:35:00,695,551,533,707,555,329,923,455,665,415,844,782,675,467,0,0,154,2,0,0,14,152,4,30,2,99,56,2,18,206,20,2,98,0,0,40,0,1,4,65,291,13,52,1,21,57,0,0
2020-01-02 18:40:00,711,569,551,733,531,344,901,500,697,399,805,811,691,446,0,0,204,0,0,0,9,121,5,51,1,101,71,0,13,191,7,1,116,0,0,22,0,2,1,64,189,7,79,0,18,38,0,0
2020-01-02 18:45:00,723,597,585,778,521,363,880,553,697,384,775,826,704,439,0,0,242,0,0,0,6,80,3,57,0,103,76,0,8,163,1,1,126,0,0,9,0,3,1,56,106,5,98,0,7,24,0,0
2020-01-02 18:50:00,698,625,630,853,500,385,866,616,652,368,746,853,730,436,0,0,256,0,0,0,5,49,5,50,0,89,89,0,5,112,0,1,115,0,0,6,0,7,3,27,74,5,121,0,5,18,0,0
2020-01-02 18:55:00,655,664,682,937,487,414,851,679,653,363,728,854,720,439,0,0,249,0,0,0,2,32,8,39,0,72,98,1,1,81,0,1,99,0,0,3,1,2,1,11,42,2,114,1,3,11,0,0
2020-01-02 19:00:00,612,697,744,1024,487,436,799,729,628,361,695,852,697,418,0,0,214,2,0,0,2,30,7,22,0,84,89,3,7,61,3,1,82,2,0,10,13,14,3,5,50,1,85,7,10,14,0,0
2020-01-02 19:05:00,596,735,773,1094,501,467,627,772,625,371,626,838,637,361,0,0,166,3,0,0,2,42,11,9,0,86,73,7,44,69,21,1,60,6,0,30,41,65,1,11,106,2,57,23,21,20,0,0
2020-01-02 19:10:00,588,785,795,1151,518,501,476,806,632,397,556,845,588,339,0,0,118,6,0,0,2,66,13,3,0,64,56,11,66,87,36,3,35,5,0,41,46,56,2,6,165,3,37,34,22,40,0,0
2020-01-02 19:15:00,599,828,802,1195,511,514,380,829,702,423,560,846,580,307,0,0,76,7,0,0,2,83,10,4,0,47,55,11,46,80,48,4,17,3,0,57,31,35,5,11,156,5,33,28,15,55,0,0
2020-01-02 19:20:00,621,853,816,1235,501,531,308,838,752,458,565,849,586,272,0,0,41,5,0,0,3,97,10,8,1,44,45,9,28,75,51,7,13,3,0,54,16,23,3,29,121,11,35,16,17,50,0,0
2020-01-02 19:25:00,655,873,827,1249,484,553,267,845,762,477,559,897,587,243,0,0,38,4,0,0,2,91,10,10,2,46,33,4,17,80,33,7,15,1,0,47,5,9,1,45,91,12,46,8,19,46,0,0
2020-01-02 19:30:00,706,894,846,1259,483,567,240,851,748,481,551,949,596,220,0,0,45,1,0,0,1,77,10,12,1,45,27,2,10,82,19,5,27,0,0,30,2,3,0,44,64,7,49,5,7,34,0,0
2020-01-02 19:35:00,724,912,871,1268,459,576,227,860,731,478,542,990,605,203,0,0,63,0,0,0,2,61,7,16,1,45,28,0,5,78,7,4,47,0,0,20,0,0,0,34,45,8,45,2,6,30,0,0
2020-01-02 19:40:00,733,930,895,1282,447,586,213,878,714,471,534,1010,614,193,0,0,84,0,0,0,1,43,4,18,1,49,25,0,1,69,1,1,59,0,0,10,0,2,0,13,38,6,50,0,6,19,0,0
2020-01-02 19:45:00,721,944,916,1304,441,594,204,907,705,461,517,1011,619,189,0,0,103,0,0,0,1,32,2,20,0,41,34,0,0,63,1,0,57,0,0,6,0,2,0,6,31,2,52,0,3,11,0,0
2020-01-02 19:50:00,715,963,945,1329,437,604,195,937,708,453,501,1004,622,190,0,0,115,0,0,0,2,16,1,20,0,34,34,0,1,54,0,0,47,0,0,1,0,0,1,3,23,2,33,0,2,8,0,0
2020-01-02 19:55:00,697,968,968,1362,431,611,188,964,711,451,494,1001,629,189,0,0,111,0,0,0,1,10,3,19,0,31,38,0,1,39,0,0,34,0,0,0,1,1,0,1,17,1,21,0,0,7,0,0
2020-01-02 20:00:00,683,985,978,1398,422,628,178,984,709,449,485,1001,629,184,0,0,92,0,0,0,1,9,5,13,0,26,28,0,3,28,1,0,22,0,0,3,3,2,2,1,20,2,19,0,1,6,0,0
2020-01-02 20:05:00,677,997,987,1435,426,635,131,997,710,452,472,1000,610,172,0,0,66,2,0,0,1,10,6,5,0,30,23,3,16,25,6,0,14,1,0,7,7,11,0,2,38,2,15,2,2,5,0,0
2020-01-02 20:10:00,674,1014,993,1465,417,644,95,1005,714,458,462,996,600,166,0,0,40,2,0,0,0,14,5,2,0,28,16,5,20,21,11,0,13,1,0,6,11,15,1,0,49,0,15,4,5,13,0,0
2020-01-02 20:15:00,678,1033,999,1484,419,650,69,1010,735,460,471,992,595,165,0,0,22,2,0,0,1,19,5,0,0,17,16,6,12,18,14,0,10,1,0,7,9,9,0,3,40,0,13,3,2,11,0,0
2020-01-02 20:20:00,682,1044,1007,1492,415,654,52,1017,744,462,469,994,595,158,0,0,13,2,0,0,2,23,6,2,1,9,16,4,8,19,16,0,6,1,0,11,5,3,0,5,30,1,15,1,3,13,0,0
2020-01-02 20:25:00,690,1050,1012,1497,407,658,37,1020,744,468,468,1003,595,148,0,0,10,0,0,0,2,25,4,4,1,10,15,2,5,20,12,0,6,0,0,12,1,4,0,8,24,2,19,0,2,15,0,0
2020-01-02 20:30:00,694,1056,1022,1502,403,664,28,1023,740,473,468,1013,596,144,0,0,11,0,0,0,3,22,1,2,1,12,12,2,3,21,8,0,7,0,0,8,0,3,2,9,16,2,16,0,5,8,0,0
2020-01-02 20:35:00,701,1060,1031,1506,401,669,21,1026,740,472,462,1024,597,141,0,0,14,0,0,0,2,19,0,2,2,8,12,1,4,23,5,0,8,0,0,6,0,1,0,2,10,1,18,0,2,9,0,0
2020-01-02 20:40:00,703,1062,1038,1507,396,672,18,1030,736,472,460,1023,600,138,0,0,21,0,0,0,1,13,1,6,1,7,11,1,5,24,2,0,11,0,0,3,1,1,1,4,8,0,16,0,0,7,0,0
2020-01-02 20:45:00,706,1064,1049,1511,392,676,17,1034,736,471,459,1025,605,137,0,0,23,0,0,0,1,8,2,4,0,10,10,0,3,19,1,0,13,0,0,2,0,1,0,1,5,0,10,0,2,3,0,0
2020-01-02 20:50:00,703,1069,1054,1519,392,681,15,1041,735,468,456,1027,608,136,0,0,25,0,0,0,0,6,1,1,0,10,8,0,2,15,0,0,10,0,0,2,0,0,0,0,5,0,9,0,1,1,0,0
2020-01-02 20:55:00,700,1074,1059,1524,391,683,13,1047,734,468,450,1027,607,136,0,0,23,0,0,0,0,5,0,2,0,11,8,0,1,14,0,0,9,0,0,0,0,0,0,0,5,0,7,0,0,2,0,0
2020-01-02 21:00:00,696,1078,1063,1533,389,686,12,1051,734,467,448,1026,609,136,0,0,18,0,0,0,0,5,1,2,0,11,6,0,0,9,0,0,8,0,0,0,0,1,0,0,3,0,6,0,1,1,0,0
2020-01-02 21:05:00,696,1084,1066,1539,389,689,11,1056,735,466,447,1025,612,137,0,0,15,0,0,0,0,3,1,1,0,8,3,0,0,5,0,0,5,0,0,0,0,0,0,1,3,0,3,0,0,0,0,0
2020-01-02 21:10:00,695,1090,1069,1545,388,691,10,1059,735,466,445,1027,611,137,0,0,9,0,0,0,0,3,1,0,0,4,4,0,0,4,0,0,2,0,0,0,0,0,0,0,3,0,1,0,0,1,0,0
2020-01-02 21:15:00,696,1092,1069,1548,387,692,10,1061,737,466,445,1027,610,137,0,0,6,0,0,0,0,1,1,1,0,3,4,0,0,3,0,0,1,0,0,0,0,0,0,0,2,0,1,0,0,0,0,0
2020-01-02 21:20:00,696,1094,1070,1552,387,692,9,1061,737,466,444,1027,610,137,0,0,2,0,0,0,0,0,0,1,0,3,5,0,0,2,0,0,2,0,0,0,0,0,0,0,2,0,1,0,0,0,0,0
2020-01-02 21:25:00,695,1096,1070,1555,387,695,9,1062,737,466,444,1027,609,137,0,0,0,0,0,0,0,0,0,0,0,1,4,0,0,1,0,0,2,0,0,0,0,0,0,0,1,0,2,0,0,0,0,0
2020-01-02 21:30:00,694,1097,1071,1555,387,696,9,1063,737,466,444,1028,609,137,0,0,0,0,0,0,0,0,0,0,0,0,4,0,0,0,0,0,1,0,0,0,0,0,0,0,0,0,2,0,0,0,0,0
2020-01-02 21:35:00,694,1097,1072,1555,387,697,9,1064,736,466,444,1028,608,137,0,0,0,0,0,0,0,0,0,0,0,0,4,0,0,0,0,0,0,0,0,0,0,0,0,0,0,0,2,0,0,0,0,0
2020-01-02 21:40:00,694,1097,1073,1555,387,699,9,1064,736,466,444,1028,608,137,0,0,0,0,0,0,0,0,0,0,0,0,2,0,0,0,0,0,0,0,0,0,0,0,0,0,0,0,1,0,0,0,0,0
2020-01-02 21:45:00,694,1097,1074,1555,387,700,9,1064,736,466,444,1028,608,137,0,0,0,0,0,0,0,0,0,0,0,0,1,0,0,0,0,0,0,0,0,0,0,0,0,0,0,0,0,0,0,0,0,0
2020-01-02 21:50:00,694,1097,1074,1555,387,701,9,1064,736,466,444,1028,608,137,0,0,0,0,0,0,0,0,0,0,0,0,0,0,0,0,0,0,0,0,0,0,0,0,0,0,0,0,0,0,0,0,0,0
2020-01-02 21:55:00,694,1097,1074,1555,387,701,9,1064,736,466,444,1028,608,137,0,0,0,0,0,0,0,0,0,0,0,0,0,0,0,0,0,0,0,0,0,0,0,0,0,0,0,0,0,0,0,0,0,0
2020-01-02 22:00:00,694,1097,1074,1555,387,701,9,1064,736,466,444,1028,608,137,0,0,0,0,0,0,0,0,0,0,0,0,0,0,0,0,0,0,0,0,0,0,0,0,0,0,0,0,0,0,0,0,0,0
2020-01-02 22:05:00,694,1097,1074,1555,387,701,9,1064,736,466,444,1028,608,137,0,0,0,0,0,0,0,0,0,0,0,0,0,0,0,0,0,0,0,0,0,0,0,0,0,0,0,0,0,0,0,0,0,0
2020-01-02 22:10:00,694,1097,1074,1555,387,701,9,1064,736,466,444,1028,608,137,0,0,0,0,0,0,0,0,0,0,0,0,0,0,0,0,0,0,0,0,0,0,0,0,0,0,0,0,0,0,0,0,0,0
2020-01-02 22:15:00,694,1097,1074,1555,387,701,9,1064,736,466,444,1028,608,137,0,0,0,0,0,0,0,0,0,0,0,0,0,0,0,0,0,0,0,0,0,0,0,0,0,0,0,0,0,0,0,0,0,0
2020-01-02 22:20:00,694,1097,1074,1555,387,701,9,1064,736,466,444,1028,608,137,0,0,0,0,0,0,0,0,0,0,0,0,0,0,0,0,0,0,0,0,0,0,0,0,0,0,0,0,0,0,0,0,0,0
2020-01-02 22:25:00,694,1097,1074,1555,387,701,9,1064,736,466,444,1028,608,137,0,0,0,0,0,0,0,0,0,0,0,0,0,0,0,0,0,0,0,0,0,0,0,0,0,0,0,0,0,0,0,0,0,0
2020-01-02 22:30:00,694,1097,1074,1555,387,701,9,1064,736,466,444,1028,608,137,0,0,0,0,0,0,0,0,0,0,0,0,0,0,0,0,0,0,0,0,0,0,0,0,0,0,0,0,0,0,0,0,0,0
2020-01-02 22:35:00,694,1097,1074,1555,387,701,9,1064,736,466,444,1028,608,137,0,0,0,0,0,0,0,0,0,0,0,0,0,0,0,0,0,0,0,0,0,0,0,0,0,0,0,0,0,0,0,0,0,0
2020-01-02 22:40:00,694,1097,1074,1555,387,701,9,1064,736,466,444,1028,608,137,0,0,0,0,0,0,0,0,0,0,0,0,0,0,0,0,0,0,0,0,0,0,0,0,0,0,0,0,0,0,0,0,0,0
