,Bishan,Buona,Tampines,Woodlands,CBD,Toa Payoh,Punggol,Jurong,Tuas,Serangoon,Tiong Bahru,Paya Lebar,Town,CCK,Bishan->Serangoon,Serangoon->Bishan,Bishan->Woodlands,Woodlands->Bishan,Bishan->Toa Payoh,Toa Payoh->Bishan,Bishan->Buona,Buona->Bishan,Woodlands->CCK,CCK->Woodlands,CCK->Jurong,Jurong->CCK,Jurong->Tuas,Tuas->Jurong,Jurong->Buona,Buona->Jurong,Tiong Bahru->Serangoon,Serangoon->Tiong Bahru,Serangoon->Punggol,Punggol->Serangoon,Toa Payoh->Town,Town->Toa Payoh,Town->CBD,CBD->Town,Serangoon->Paya Lebar,Paya Lebar->Serangoon,CBD->Paya Lebar,Paya Lebar->CBD,Paya Lebar->Tampines,Tampines->Paya Lebar,Buona->Tiong Bahru,Tiong Bahru->Buona
2020-01-01 05:05:00,678,453,1086,1533,9,468,1081,605,697,1024,395,736,137,1098,0,0,0,0,0,0,0,0,0,0,0,0,0,0,0,0,0,0,0,0,0,0,0,0,0,0,0,0,0,0,0,0
2020-01-01 05:15:00,678,453,1086,1533,9,468,1081,605,697,1024,395,736,137,1098,0,0,0,0,0,0,0,0,0,0,0,0,0,0,0,0,0,0,0,0,0,0,0,0,0,0,0,0,0,0,0,0
2020-01-01 05:25:00,678,453,1086,1533,9,468,1081,605,697,1024,395,736,137,1098,0,0,0,0,0,0,0,0,0,0,0,0,0,0,0,0,0,0,0,0,0,0,0,0,0,0,0,0,0,0,0,0
2020-01-01 05:35:00,678,453,1086,1533,9,468,1081,605,697,1024,395,736,137,1098,0,0,0,0,0,0,0,0,0,0,0,0,0,0,0,0,0,0,0,0,0,0,0,0,0,0,0,0,0,0,0,0
2020-01-01 05:45:00,678,453,1082,1533,9,468,1081,605,692,1024,395,736,137,1098,0,0,0,0,0,0,0,0,0,0,0,0,0,5,0,0,0,0,0,0,0,0,0,0,0,0,0,0,0,4,0,0
2020-01-01 05:55:00,678,453,1078,1533,9,468,1077,610,680,1024,395,735,136,1098,0,0,0,0,0,0,0,0,0,0,0,0,0,12,0,0,0,0,0,4,0,1,0,0,0,5,0,0,0,4,0,0
2020-01-01 06:05:00,688,453,1071,1533,8,466,1074,610,666,1027,395,737,136,1093,0,0,0,0,0,0,0,0,0,5,0,0,0,21,5,0,0,0,0,3,0,0,0,1,0,1,0,0,0,7,0,0
2020-01-01 06:15:00,684,452,1045,1527,7,466,1062,601,655,1031,394,730,136,1069,0,0,0,11,0,0,9,6,0,24,0,0,0,25,16,0,1,0,0,12,0,1,0,1,0,9,0,0,0,26,0,0
2020-01-01 06:25:00,713,458,1036,1518,5,460,1034,608,633,1023,391,751,137,1047,0,0,0,29,0,0,18,13,15,22,0,0,0,22,18,3,2,0,0,28,0,2,0,0,0,3,0,0,0,9,0,2
2020-01-01 06:35:00,715,472,1005,1499,8,459,1025,606,610,1061,375,729,127,1038,0,0,24,56,0,0,23,22,3,14,10,0,0,30,20,3,14,0,0,9,0,3,0,0,0,9,0,0,0,31,0,0
2020-01-01 06:45:00,738,458,969,1432,5,448,980,585,604,1034,360,716,117,991,0,0,56,112,0,0,39,48,7,30,20,8,0,29,33,12,26,6,0,45,0,6,2,0,10,35,3,0,0,36,0,0
2020-01-01 06:55:00,767,455,958,1399,5,432,933,592,583,1107,355,733,116,962,0,0,57,124,0,0,49,60,37,23,21,16,14,21,24,24,16,10,21,47,0,0,0,0,6,9,2,1,9,11,0,1
2020-01-01 07:05:00,784,458,945,1391,5,428,934,605,574,1148,339,710,110,987,0,0,93,91,0,0,48,54,22,13,15,7,22,19,28,18,25,10,20,20,1,0,0,1,18,18,1,1,13,22,1,1
2020-01-01 07:15:00,791,445,941,1340,4,431,914,576,583,1051,334,692,108,970,0,0,129,95,0,0,48,59,35,26,20,20,33,18,23,29,27,17,65,40,2,2,2,1,39,27,1,1,34,17,7,3
2020-01-01 07:25:00,740,440,970,1371,6,444,967,582,592,1102,349,718,109,984,0,0,108,75,0,0,41,48,42,21,20,22,37,15,11,35,5,17,52,12,1,1,0,0,13,10,1,2,30,5,2,0
2020-01-01 07:35:00,729,440,984,1418,9,448,1005,612,579,1062,361,740,106,1038,0,0,90,36,0,0,28,26,20,9,1,14,34,37,5,23,1,16,42,14,2,1,0,2,21,4,1,1,23,16,2,0
2020-01-01 07:45:00,693,438,996,1437,6,459,1036,597,436,1027,368,740,108,1025,0,0,60,15,0,0,18,12,37,30,17,16,35,198,4,19,1,12,58,11,3,1,0,0,23,9,3,2,35,11,2,2
2020-01-01 07:55:00,687,446,977,1497,5,460,1090,688,350,1030,380,753,115,1015,0,0,22,0,0,0,8,2,13,63,0,1,20,190,53,8,0,4,27,4,1,0,0,2,7,7,0,0,20,54,1,0
2020-01-01 08:05:00,685,496,931,1546,5,463,1070,558,324,1022,381,790,115,790,0,0,5,22,0,0,14,6,9,239,0,0,6,91,277,4,2,2,7,47,0,3,0,0,1,13,0,0,10,66,0,0
2020-01-01 08:15:00,701,584,792,1372,5,463,1007,401,320,1103,314,752,103,614,0,0,0,415,0,0,38,195,25,184,1,0,1,25,236,1,71,0,1,70,0,8,0,0,1,45,0,0,3,149,0,0
2020-01-01 08:25:00,859,491,670,916,5,442,749,311,281,1070,219,770,87,547,0,0,0,912,0,0,133,526,121,59,33,0,1,46,110,6,162,0,0,259,0,6,1,1,0,80,0,1,0,125,0,1
2020-01-01 08:35:00,1375,341,472,547,4,439,481,323,221,1368,184,668,74,526,0,0,3,857,0,0,330,602,90,3,139,4,0,83,47,21,126,24,0,268,3,3,1,0,66,91,3,13,0,198,0,2
2020-01-01 08:45:00,1449,354,282,364,15,790,363,408,181,1089,142,849,125,429,0,0,10,462,0,0,581,390,62,2,189,7,11,69,111,34,46,194,4,118,187,0,4,1,249,30,1,186,8,190,1,13
2020-01-01 08:55:00,1083,449,220,310,202,916,318,412,151,630,143,820,480,346,0,0,23,155,0,0,633,168,28,9,143,3,45,51,230,181,13,341,18,49,380,0,115,31,144,12,1,556,70,70,29,22
2020-01-01 09:05:00,625,758,266,310,963,717,322,537,172,427,366,550,864,282,0,0,19,42,0,0,402,58,5,7,88,0,42,22,210,201,1,248,14,14,383,0,276,65,73,15,2,482,87,24,51,10
2020-01-01 09:15:00,338,1088,344,328,1949,434,330,727,199,347,610,396,1119,244,0,0,4,13,0,0,186,19,3,2,41,0,30,8,98,117,1,101,7,6,248,0,263,20,38,6,0,233,73,9,18,3
2020-01-01 09:25:00,212,1249,415,332,2654,239,336,858,221,330,713,335,1186,233,0,0,2,3,0,0,84,6,0,2,12,0,10,2,31,55,0,31,5,1,121,0,167,4,14,0,0,97,35,2,2,1
2020-01-01 09:35:00,164,1324,450,335,3023,141,341,919,231,323,741,322,1215,229,0,0,1,1,0,0,32,2,0,0,4,0,1,1,6,13,0,9,1,0,53,0,71,3,6,1,0,21,16,0,0,0
2020-01-01 09:45:00,158,1351,466,336,3153,95,342,936,232,322,749,318,1241,228,0,0,0,0,0,0,6,0,0,0,1,0,0,0,1,4,0,2,2,0,18,0,25,1,1,0,0,9,3,0,0,0
2020-01-01 09:55:00,157,1357,469,336,3204,79,344,940,232,323,751,318,1247,228,0,0,0,0,0,0,0,0,0,0,0,0,0,0,1,1,0,0,0,0,5,0,7,0,0,0,0,0,1,0,0,0
2020-01-01 10:05:00,157,1358,470,336,3216,75,344,941,232,323,751,318,1249,228,0,0,0,0,0,0,0,0,0,0,0,0,0,0,0,0,0,0,0,0,1,0,1,0,0,0,0,0,0,0,0,0
2020-01-01 10:15:00,157,1358,470,336,3219,74,344,941,232,323,751,318,1249,228,0,0,0,0,0,0,0,0,0,0,0,0,0,0,0,0,0,0,0,0,0,0,0,0,0,0,0,0,0,0,0,0
2020-01-01 10:25:00,157,1358,470,336,3220,74,344,941,232,323,751,318,1248,228,0,0,0,0,0,0,0,0,0,0,0,0,0,0,0,0,0,0,0,0,0,0,0,0,0,0,0,0,0,0,0,0
2020-01-01 10:35:00,157,1358,470,336,3220,74,344,941,232,323,751,318,1248,228,0,0,0,0,0,0,0,0,0,0,0,0,0,0,0,0,0,0,0,0,0,0,0,0,0,0,0,0,0,0,0,0
2020-01-01 10:45:00,157,1358,470,336,3220,74,344,941,232,323,751,318,1248,228,0,0,0,0,0,0,0,0,0,0,0,0,0,0,0,0,0,0,0,0,0,0,0,0,0,0,0,0,0,0,0,0
2020-01-01 10:55:00,157,1358,470,336,3220,74,344,941,232,323,751,318,1248,228,0,0,0,0,0,0,0,0,0,0,0,0,0,0,0,0,0,0,0,0,0,0,0,0,0,0,0,0,0,0,0,0
2020-01-01 11:05:00,157,1358,470,336,3220,74,344,941,232,323,751,318,1248,228,0,0,0,0,0,0,0,0,0,0,0,0,0,0,0,0,0,0,0,0,0,0,0,0,0,0,0,0,0,0,0,0
2020-01-01 11:15:00,157,1358,470,336,3220,74,344,941,232,323,751,318,1248,228,0,0,0,0,0,0,0,0,0,0,0,0,0,0,0,0,0,0,0,0,0,0,0,0,0,0,0,0,0,0,0,0
2020-01-01 11:25:00,157,1358,470,336,3220,74,344,941,232,323,751,318,1248,228,0,0,0,0,0,0,0,0,0,0,0,0,0,0,0,0,0,0,0,0,0,0,0,0,0,0,0,0,0,0,0,0
2020-01-01 11:35:00,157,1358,470,336,3220,74,344,941,232,323,751,318,1248,228,0,0,0,0,0,0,0,0,0,0,0,0,0,0,0,0,0,0,0,0,0,0,0,0,0,0,0,0,0,0,0,0
2020-01-01 11:45:00,157,1358,470,336,3220,74,344,941,232,323,751,318,1248,228,0,0,0,0,0,0,0,0,0,0,0,0,0,0,0,0,0,0,0,0,0,0,0,0,0,0,0,0,0,0,0,0
2020-01-01 11:55:00,157,1358,470,336,3220,74,344,941,232,323,751,318,1248,228,0,0,0,0,0,0,0,0,0,0,0,0,0,0,0,0,0,0,0,0,0,0,0,0,0,0,0,0,0,0,0,0
2020-01-01 12:05:00,157,1358,470,336,3220,74,344,941,232,323,751,318,1248,228,0,0,0,0,0,0,0,0,0,0,0,0,0,0,0,0,0,0,0,0,0,0,0,0,0,0,0,0,0,0,0,0
2020-01-01 12:15:00,157,1358,470,336,3220,74,344,941,232,323,751,318,1248,228,0,0,0,0,0,0,0,0,0,0,0,0,0,0,0,0,0,0,0,0,0,0,0,0,0,0,0,0,0,0,0,0
2020-01-01 12:25:00,157,1358,470,336,3220,74,344,941,232,323,751,318,1248,228,0,0,0,0,0,0,0,0,0,0,0,0,0,0,0,0,0,0,0,0,0,0,0,0,0,0,0,0,0,0,0,0
2020-01-01 12:35:00,157,1358,470,336,3220,74,344,941,232,323,751,318,1248,228,0,0,0,0,0,0,0,0,0,0,0,0,0,0,0,0,0,0,0,0,0,0,0,0,0,0,0,0,0,0,0,0
2020-01-01 12:45:00,157,1358,470,336,3220,74,344,941,232,323,751,318,1248,228,0,0,0,0,0,0,0,0,0,0,0,0,0,0,0,0,0,0,0,0,0,0,0,0,0,0,0,0,0,0,0,0
2020-01-01 12:55:00,157,1358,470,336,3220,74,344,941,232,323,751,318,1248,228,0,0,0,0,0,0,0,0,0,0,0,0,0,0,0,0,0,0,0,0,0,0,0,0,0,0,0,0,0,0,0,0
2020-01-01 13:05:00,157,1358,470,336,3220,74,344,941,232,323,751,318,1248,228,0,0,0,0,0,0,0,0,0,0,0,0,0,0,0,0,0,0,0,0,0,0,0,0,0,0,0,0,0,0,0,0
2020-01-01 13:15:00,157,1358,470,336,3220,74,344,941,232,323,751,318,1248,228,0,0,0,0,0,0,0,0,0,0,0,0,0,0,0,0,0,0,0,0,0,0,0,0,0,0,0,0,0,0,0,0
2020-01-01 13:25:00,169,1340,431,264,3220,55,271,912,199,297,728,276,1240,170,0,0,8,51,0,0,7,10,21,41,17,8,4,33,17,7,10,3,8,73,0,7,1,0,7,37,0,1,4,39,1,13
2020-01-01 13:35:00,159,1362,421,284,3221,51,254,926,190,388,724,310,1239,186,0,0,30,68,0,0,12,11,4,12,1,3,5,42,6,8,14,5,15,25,1,0,0,0,3,1,1,0,4,14,0,0
2020-01-01 13:45:00,246,1331,360,192,3222,32,186,909,157,352,703,268,1231,108,0,0,62,99,0,0,27,30,30,61,24,16,11,39,40,19,21,10,17,83,1,3,0,0,8,23,0,3,8,65,2,1
2020-01-01 13:55:00,222,1337,337,189,3220,31,145,916,136,374,696,278,1228,95,0,0,92,141,0,0,46,49,27,42,17,29,13,38,27,18,26,18,21,58,3,2,2,1,29,44,4,2,12,31,2,2
2020-01-01 14:05:00,264,1346,328,197,3221,38,126,897,122,427,702,287,1237,100,0,0,113,108,0,0,54,45,25,35,16,26,22,43,28,14,15,21,24,40,1,1,0,1,18,16,1,2,17,21,1,0
2020-01-01 14:15:00,284,1350,339,216,3220,45,139,903,133,398,713,287,1241,112,0,0,101,89,0,0,66,52,28,22,17,22,19,12,25,20,7,20,39,11,2,0,0,0,18,18,2,2,22,6,0,0
2020-01-01 14:25:00,263,1361,360,261,3218,57,175,903,145,390,724,284,1247,145,0,0,83,59,0,0,57,46,19,8,9,12,22,3,19,22,1,15,31,3,2,0,0,2,16,7,0,2,25,1,3,0
2020-01-01 14:35:00,238,1372,385,289,3219,62,206,905,159,364,740,287,1255,164,0,0,78,24,0,0,38,33,15,9,3,6,22,0,12,23,0,13,28,0,2,0,0,0,19,3,0,0,24,0,3,0
2020-01-01 14:45:00,205,1367,409,325,3219,69,234,908,172,356,750,296,1258,178,0,0,50,5,0,0,27,25,16,7,0,2,27,0,3,26,0,7,27,0,0,0,0,1,10,0,0,0,21,0,0,0
2020-01-01 14:55:00,183,1366,430,343,3219,72,261,916,188,343,757,305,1262,193,0,0,21,0,0,0,12,19,24,3,0,0,27,0,2,12,0,3,14,0,3,0,0,0,8,0,0,0,13,0,1,0
2020-01-01 15:05:00,174,1366,443,353,3219,73,275,915,207,342,758,300,1265,216,0,0,6,0,0,0,3,9,8,1,0,0,21,0,0,11,0,3,8,0,1,0,1,0,6,0,0,0,16,0,0,0
2020-01-01 15:15:00,171,1361,459,357,3221,76,283,917,223,337,761,300,1264,224,0,0,0,0,0,0,1,1,3,0,0,0,14,0,0,7,0,0,6,0,0,0,1,0,4,0,0,0,9,0,0,0
2020-01-01 15:25:00,167,1362,468,356,3222,75,289,918,233,334,761,303,1265,227,0,0,0,0,0,0,0,0,1,0,0,0,10,0,0,0,0,0,2,0,1,0,0,0,2,0,0,0,4,0,0,0
2020-01-01 15:35:00,166,1361,472,356,3223,76,291,916,240,332,761,304,1265,228,0,0,0,0,0,0,0,0,0,0,0,0,5,0,0,1,0,0,0,0,0,0,0,0,0,0,0,0,3,0,0,0
2020-01-01 15:45:00,166,1361,475,356,3223,76,291,916,245,332,761,302,1265,228,0,0,0,0,0,0,0,0,0,0,0,0,1,0,0,0,0,0,0,0,0,0,0,0,0,0,0,0,2,0,0,0
2020-01-01 15:55:00,166,1360,477,356,3223,76,291,916,245,332,761,302,1265,228,0,0,0,0,0,0,0,1,0,0,0,0,1,0,0,0,0,0,0,0,0,0,0,0,0,0,0,0,0,0,0,0
2020-01-01 16:05:00,170,1335,469,354,3143,79,291,897,242,328,746,298,1248,228,0,0,0,1,0,0,2,16,1,0,0,6,2,4,11,13,9,0,0,0,0,21,5,30,0,1,38,0,1,8,1,2
2020-01-01 16:15:00,183,1310,465,353,3071,112,289,888,239,326,731,336,1260,234,0,0,2,2,0,0,4,37,0,1,0,6,2,8,15,19,22,0,0,2,0,19,1,12,0,7,39,0,0,5,0,0
2020-01-01 16:25:00,215,1309,465,354,3066,120,289,900,240,354,731,338,1231,236,0,0,13,1,0,0,7,31,0,4,0,10,4,0,2,6,13,2,2,0,0,18,0,0,0,18,5,0,13,0,3,0
2020-01-01 16:35:00,226,1301,478,360,3065,111,291,888,242,389,734,324,1217,244,0,0,30,0,0,0,16,17,0,2,0,13,4,0,3,2,0,6,11,0,0,5,0,0,6,5,1,0,7,0,2,0
2020-01-01 16:45:00,214,1305,485,371,3065,100,302,885,244,376,738,326,1214,251,0,0,38,0,0,0,24,11,2,6,0,4,2,0,1,1,0,10,11,0,0,1,0,0,6,0,0,0,7,0,0,0
2020-01-01 16:55:00,199,1310,492,391,3061,93,313,885,246,372,741,329,1214,255,0,0,31,0,0,0,21,5,5,2,0,0,1,0,0,5,1,7,8,0,1,1,0,2,3,0,2,0,4,0,0,0
2020-01-01 17:05:00,194,1193,469,401,2764,105,318,823,239,360,692,317,1151,260,0,0,18,1,0,0,10,79,10,0,0,17,7,7,44,56,39,4,7,3,1,75,16,133,5,7,126,0,8,27,3,11
2020-01-01 17:15:00,239,1126,446,403,2479,218,319,799,227,361,623,445,1179,286,0,0,15,5,0,0,9,142,6,1,0,24,13,19,50,74,91,4,2,6,0,111,9,47,3,14,156,1,6,31,3,8
2020-01-01 17:25:00,404,1120,450,404,2441,290,321,828,237,450,626,482,1056,299,0,0,46,4,0,0,26,110,6,15,2,41,15,3,8,20,55,4,5,0,0,73,0,0,3,63,42,1,46,2,2,0
2020-01-01 17:35:00,470,1097,496,424,2431,244,326,803,246,564,632,427,997,329,0,0,106,0,0,0,73,71,4,16,1,36,12,0,8,9,2,20,38,0,1,20,0,0,19,22,10,0,46,0,0,0
2020-01-01 17:45:00,428,1106,542,472,2428,187,364,794,256,544,636,423,987,343,0,0,160,0,0,0,99,36,5,26,0,9,8,0,4,7,0,33,47,0,2,4,0,0,12,4,3,0,31,0,0,0
2020-01-01 17:55:00,366,1134,572,550,2419,164,411,793,261,528,650,421,988,346,0,0,140,0,0,0,80,15,17,11,0,3,7,0,1,24,2,19,20,0,1,3,1,4,14,1,4,0,27,1,0,2
2020-01-01 18:05:00,332,918,539,622,1807,212,416,660,246,492,541,399,867,364,0,0,75,7,0,0,54,130,23,2,0,32,18,20,109,134,88,5,21,15,1,137,30,278,11,19,246,0,26,60,10,34
2020-01-01 18:15:00,408,732,489,641,1047,455,427,552,230,517,391,629,923,414,0,0,41,13,0,0,37,313,26,4,1,54,45,37,160,191,207,4,13,10,0,256,23,172,8,42,361,2,22,76,7,20
2020-01-01 18:25:00,735,703,493,655,853,650,437,591,253,722,361,761,691,470,0,0,85,8,0,0,66,325,14,23,1,90,69,13,40,91,152,11,21,3,0,209,0,28,9,137,122,1,81,18,6,2
2020-01-01 18:35:00,967,615,574,684,822,591,458,549,289,988,378,639,504,536,0,0,224,2,0,0,174,232,9,36,2,90,72,2,16,38,31,40,115,0,2,83,0,0,31,84,27,0,90,0,6,0
2020-01-01 18:45:00,924,613,664,781,814,462,573,516,346,951,395,597,443,584,0,0,378,0,0,0,275,135,9,51,0,40,43,0,7,23,0,68,150,0,4,19,0,0,32,23,7,0,72,0,1,0
2020-01-01 18:55:00,760,681,736,949,807,393,723,514,378,897,427,614,430,596,0,0,399,0,0,0,242,58,37,37,0,12,21,1,2,47,0,54,74,0,1,6,1,2,33,3,5,0,60,0,0,0
2020-01-01 19:05:00,639,655,774,1133,588,384,792,485,389,868,417,625,371,635,0,0,234,3,0,0,157,72,74,10,0,20,19,6,42,122,34,19,42,5,0,55,17,106,23,8,93,1,47,22,5,9
2020-01-01 19:15:00,612,564,795,1221,299,476,830,504,390,858,385,708,392,724,0,0,89,7,0,0,87,143,93,5,0,20,44,12,51,151,74,8,26,4,1,95,13,67,15,16,139,0,47,26,2,7
2020-01-01 19:25:00,717,520,832,1233,191,565,855,553,412,931,377,764,303,822,0,0,61,4,0,0,43,152,52,12,3,36,81,3,16,99,52,9,16,1,1,84,3,18,8,49,62,0,46,10,4,0
2020-01-01 19:35:00,818,471,877,1252,173,548,871,564,461,1030,389,725,223,895,0,0,96,0,0,0,70,99,23,14,1,39,85,0,2,48,13,17,41,0,0,38,0,0,17,34,18,0,46,1,1,0
2020-01-01 19:45:00,794,462,923,1289,168,504,912,553,525,1040,393,703,190,937,0,0,150,0,0,0,103,51,8,20,0,18,61,0,2,16,1,29,62,0,1,11,0,0,15,13,5,0,41,0,0,0
2020-01-01 19:55:00,728,487,964,1359,167,462,974,547,570,1025,407,707,185,946,0,0,154,0,0,0,97,19,15,17,0,2,36,0,0,23,0,21,37,0,0,3,0,1,16,0,1,0,30,0,0,0
2020-01-01 20:05:00,686,487,992,1432,112,457,1010,544,595,1008,406,709,171,958,0,0,100,1,0,0,65,16,28,5,0,4,15,3,15,42,13,8,16,1,0,13,2,23,7,1,29,1,21,2,0,2
2020-01-01 20:15:00,670,486,1010,1469,49,477,1025,556,603,996,392,734,177,990,0,0,43,1,0,0,29,26,37,0,0,4,17,6,13,52,27,3,10,1,1,16,4,15,6,1,33,0,16,3,1,1
2020-01-01 20:25:00,689,467,1025,1478,22,491,1035,585,612,1011,389,745,158,1027,0,0,19,1,0,0,16,33,21,2,2,8,24,3,2,36,18,1,4,0,0,18,2,6,5,8,16,0,19,1,0,1
2020-01-01 20:35:00,710,451,1044,1483,13,489,1039,593,627,1031,387,737,143,1051,0,0,22,1,0,0,16,31,9,4,1,7,30,1,4,16,5,3,9,0,1,9,0,2,4,6,6,0,14,0,0,1
2020-01-01 20:45:00,712,451,1058,1489,9,478,1048,588,648,1032,387,734,139,1062,0,0,37,0,0,0,20,16,5,5,0,2,26,0,4,9,1,6,12,0,0,3,0,0,6,2,2,0,9,0,0,0
2020-01-01 20:55:00,697,454,1067,1503,9,472,1060,590,667,1025,390,735,135,1068,0,0,39,0,0,0,22,7,6,1,0,2,11,0,1,6,0,5,12,0,1,1,0,0,5,0,0,0,9,0,0,0
2020-01-01 21:05:00,686,456,1076,1518,9,469,1072,589,677,1023,393,735,136,1075,0,0,25,0,0,0,15,5,8,1,0,2,6,0,0,9,0,2,6,0,0,0,0,0,1,1,0,0,5,0,0,0
2020-01-01 21:15:00,681,460,1081,1530,9,468,1078,594,680,1023,395,734,137,1085,0,0,10,0,0,0,9,3,6,0,0,0,7,0,0,5,0,0,1,0,0,0,0,0,1,0,0,0,3,0,0,0
2020-01-01 21:25:00,679,457,1084,1534,9,468,1079,594,685,1026,395,735,137,1091,0,0,2,0,0,0,4,1,4,0,0,0,7,0,0,8,0,0,0,0,0,0,0,0,1,0,0,0,0,0,0,0
2020-01-01 21:35:00,679,456,1084,1534,9,468,1079,601,690,1024,395,736,137,1095,0,0,0,0,0,0,0,0,2,0,0,0,3,0,0,5,0,0,1,0,0,0,0,0,1,0,0,0,1,0,0,0
2020-01-01 21:45:00,678,453,1085,1533,9,468,1080,604,693,1024,395,736,137,1097,0,0,0,0,0,0,0,0,1,0,0,0,2,0,0,3,0,0,1,0,0,0,0,0,0,0,0,0,1,0,0,0
2020-01-01 21:55:00,678,453,1086,1533,9,468,1081,605,694,1024,395,736,137,1098,0,0,0,0,0,0,0,0,0,0,0,0,3,0,0,0,0,0,0,0,0,0,0,0,0,0,0,0,0,0,0,0
2020-01-01 22:05:00,678,453,1086,1533,9,468,1081,605,696,1024,395,736,137,1098,0,0,0,0,0,0,0,0,0,0,0,0,1,0,0,0,0,0,0,0,0,0,0,0,0,0,0,0,0,0,0,0
2020-01-01 22:15:00,678,453,1086,1533,9,468,1081,605,697,1024,395,736,137,1098,0,0,0,0,0,0,0,0,0,0,0,0,0,0,0,0,0,0,0,0,0,0,0,0,0,0,0,0,0,0,0,0
2020-01-01 22:25:00,678,453,1086,1533,9,468,1081,605,697,1024,395,736,137,1098,0,0,0,0,0,0,0,0,0,0,0,0,0,0,0,0,0,0,0,0,0,0,0,0,0,0,0,0,0,0,0,0
2020-01-01 22:35:00,678,453,1086,1533,9,468,1081,605,697,1024,395,736,137,1098,0,0,0,0,0,0,0,0,0,0,0,0,0,0,0,0,0,0,0,0,0,0,0,0,0,0,0,0,0,0,0,0
2020-01-01 22:45:00,678,453,1086,1533,9,468,1081,605,697,1024,395,736,137,1098,0,0,0,0,0,0,0,0,0,0,0,0,0,0,0,0,0,0,0,0,0,0,0,0,0,0,0,0,0,0,0,0
2020-01-01 22:55:00,678,453,1086,1533,9,468,1081,605,697,1024,395,736,137,1098,0,0,0,0,0,0,0,0,0,0,0,0,0,0,0,0,0,0,0,0,0,0,0,0,0,0,0,0,0,0,0,0
2020-01-01 23:05:00,678,453,1086,1533,9,468,1081,605,697,1024,395,736,137,1098,0,0,0,0,0,0,0,0,0,0,0,0,0,0,0,0,0,0,0,0,0,0,0,0,0,0,0,0,0,0,0,0
2020-01-01 23:15:00,678,453,1086,1533,9,468,1081,605,697,1024,395,736,137,1098,0,0,0,0,0,0,0,0,0,0,0,0,0,0,0,0,0,0,0,0,0,0,0,0,0,0,0,0,0,0,0,0
2020-01-01 23:25:00,678,453,1086,1533,9,468,1081,605,697,1024,395,736,137,1098,0,0,0,0,0,0,0,0,0,0,0,0,0,0,0,0,0,0,0,0,0,0,0,0,0,0,0,0,0,0,0,0
2020-01-01 23:35:00,678,453,1086,1533,9,468,1081,605,697,1024,395,736,137,1098,0,0,0,0,0,0,0,0,0,0,0,0,0,0,0,0,0,0,0,0,0,0,0,0,0,0,0,0,0,0,0,0
2020-01-01 23:45:00,678,453,1086,1533,9,468,1081,605,697,1024,395,736,137,1098,0,0,0,0,0,0,0,0,0,0,0,0,0,0,0,0,0,0,0,0,0,0,0,0,0,0,0,0,0,0,0,0
2020-01-01 23:55:00,678,453,1086,1533,9,468,1081,605,697,1024,395,736,137,1098,0,0,0,0,0,0,0,0,0,0,0,0,0,0,0,0,0,0,0,0,0,0,0,0,0,0,0,0,0,0,0,0
2020-01-02 00:05:00,678,453,1086,1533,9,468,1081,605,697,1024,395,736,137,1098,0,0,0,0,0,0,0,0,0,0,0,0,0,0,0,0,0,0,0,0,0,0,0,0,0,0,0,0,0,0,0,0
2020-01-02 00:15:00,678,453,1086,1533,9,468,1081,605,697,1024,395,736,137,1098,0,0,0,0,0,0,0,0,0,0,0,0,0,0,0,0,0,0,0,0,0,0,0,0,0,0,0,0,0,0,0,0
2020-01-02 00:25:00,678,453,1086,1533,9,468,1081,605,697,1024,395,736,137,1098,0,0,0,0,0,0,0,0,0,0,0,0,0,0,0,0,0,0,0,0,0,0,0,0,0,0,0,0,0,0,0,0
2020-01-02 00:35:00,678,453,1086,1533,9,468,1081,605,697,1024,395,736,137,1098,0,0,0,0,0,0,0,0,0,0,0,0,0,0,0,0,0,0,0,0,0,0,0,0,0,0,0,0,0,0,0,0
2020-01-02 00:45:00,678,453,1086,1533,9,468,1081,605,697,1024,395,736,137,1098,0,0,0,0,0,0,0,0,0,0,0,0,0,0,0,0,0,0,0,0,0,0,0,0,0,0,0,0,0,0,0,0
2020-01-02 00:55:00,678,453,1086,1533,9,468,1081,605,697,1024,395,736,137,1098,0,0,0,0,0,0,0,0,0,0,0,0,0,0,0,0,0,0,0,0,0,0,0,0,0,0,0,0,0,0,0,0
2020-01-02 01:05:00,678,453,1086,1533,9,468,1081,605,697,1024,395,736,137,1098,0,0,0,0,0,0,0,0,0,0,0,0,0,0,0,0,0,0,0,0,0,0,0,0,0,0,0,0,0,0,0,0
2020-01-02 01:15:00,678,453,1086,1533,9,468,1081,605,697,1024,395,736,137,1098,0,0,0,0,0,0,0,0,0,0,0,0,0,0,0,0,0,0,0,0,0,0,0,0,0,0,0,0,0,0,0,0
2020-01-02 01:25:00,678,453,1086,1533,9,468,1081,605,697,1024,395,736,137,1098,0,0,0,0,0,0,0,0,0,0,0,0,0,0,0,0,0,0,0,0,0,0,0,0,0,0,0,0,0,0,0,0
2020-01-02 01:35:00,678,453,1086,1533,9,468,1081,605,697,1024,395,736,137,1098,0,0,0,0,0,0,0,0,0,0,0,0,0,0,0,0,0,0,0,0,0,0,0,0,0,0,0,0,0,0,0,0
2020-01-02 01:45:00,678,453,1086,1533,9,468,1081,605,697,1024,395,736,137,1098,0,0,0,0,0,0,0,0,0,0,0,0,0,0,0,0,0,0,0,0,0,0,0,0,0,0,0,0,0,0,0,0
2020-01-02 01:55:00,678,453,1086,1533,9,468,1081,605,697,1024,395,736,137,1098,0,0,0,0,0,0,0,0,0,0,0,0,0,0,0,0,0,0,0,0,0,0,0,0,0,0,0,0,0,0,0,0
2020-01-02 02:05:00,678,453,1086,1533,9,468,1081,605,697,1024,395,736,137,1098,0,0,0,0,0,0,0,0,0,0,0,0,0,0,0,0,0,0,0,0,0,0,0,0,0,0,0,0,0,0,0,0
2020-01-02 02:15:00,678,453,1086,1533,9,468,1081,605,697,1024,395,736,137,1098,0,0,0,0,0,0,0,0,0,0,0,0,0,0,0,0,0,0,0,0,0,0,0,0,0,0,0,0,0,0,0,0
2020-01-02 02:25:00,678,453,1086,1533,9,468,1081,605,697,1024,395,736,137,1098,0,0,0,0,0,0,0,0,0,0,0,0,0,0,0,0,0,0,0,0,0,0,0,0,0,0,0,0,0,0,0,0
2020-01-02 02:35:00,678,453,1086,1533,9,468,1081,605,697,1024,395,736,137,1098,0,0,0,0,0,0,0,0,0,0,0,0,0,0,0,0,0,0,0,0,0,0,0,0,0,0,0,0,0,0,0,0
2020-01-02 02:45:00,678,453,1086,1533,9,468,1081,605,697,1024,395,736,137,1098,0,0,0,0,0,0,0,0,0,0,0,0,0,0,0,0,0,0,0,0,0,0,0,0,0,0,0,0,0,0,0,0
2020-01-02 02:55:00,678,453,1086,1533,9,468,1081,605,697,1024,395,736,137,1098,0,0,0,0,0,0,0,0,0,0,0,0,0,0,0,0,0,0,0,0,0,0,0,0,0,0,0,0,0,0,0,0
2020-01-02 03:05:00,678,453,1086,1533,9,468,1081,605,697,1024,395,736,137,1098,0,0,0,0,0,0,0,0,0,0,0,0,0,0,0,0,0,0,0,0,0,0,0,0,0,0,0,0,0,0,0,0
2020-01-02 03:15:00,678,453,1086,1533,9,468,1081,605,697,1024,395,736,137,1098,0,0,0,0,0,0,0,0,0,0,0,0,0,0,0,0,0,0,0,0,0,0,0,0,0,0,0,0,0,0,0,0
2020-01-02 03:25:00,678,453,1086,1533,9,468,1081,605,697,1024,395,736,137,1098,0,0,0,0,0,0,0,0,0,0,0,0,0,0,0,0,0,0,0,0,0,0,0,0,0,0,0,0,0,0,0,0
2020-01-02 03:35:00,678,453,1086,1533,9,468,1081,605,697,1024,395,736,137,1098,0,0,0,0,0,0,0,0,0,0,0,0,0,0,0,0,0,0,0,0,0,0,0,0,0,0,0,0,0,0,0,0
2020-01-02 03:45:00,678,453,1086,1533,9,468,1081,605,697,1024,395,736,137,1098,0,0,0,0,0,0,0,0,0,0,0,0,0,0,0,0,0,0,0,0,0,0,0,0,0,0,0,0,0,0,0,0
2020-01-02 03:55:00,678,453,1086,1533,9,468,1081,605,697,1024,395,736,137,1098,0,0,0,0,0,0,0,0,0,0,0,0,0,0,0,0,0,0,0,0,0,0,0,0,0,0,0,0,0,0,0,0
2020-01-02 04:05:00,678,453,1086,1533,9,468,1081,605,697,1024,395,736,137,1098,0,0,0,0,0,0,0,0,0,0,0,0,0,0,0,0,0,0,0,0,0,0,0,0,0,0,0,0,0,0,0,0
2020-01-02 04:15:00,678,453,1086,1533,9,468,1081,605,697,1024,395,736,137,1098,0,0,0,0,0,0,0,0,0,0,0,0,0,0,0,0,0,0,0,0,0,0,0,0,0,0,0,0,0,0,0,0
2020-01-02 04:25:00,678,453,1086,1533,9,468,1081,605,697,1024,395,736,137,1098,0,0,0,0,0,0,0,0,0,0,0,0,0,0,0,0,0,0,0,0,0,0,0,0,0,0,0,0,0,0,0,0
2020-01-02 04:35:00,678,453,1086,1533,9,468,1081,605,697,1024,395,736,137,1098,0,0,0,0,0,0,0,0,0,0,0,0,0,0,0,0,0,0,0,0,0,0,0,0,0,0,0,0,0,0,0,0
2020-01-02 04:45:00,678,453,1086,1533,9,468,1081,605,697,1024,395,736,137,1098,0,0,0,0,0,0,0,0,0,0,0,0,0,0,0,0,0,0,0,0,0,0,0,0,0,0,0,0,0,0,0,0
2020-01-02 04:55:00,678,453,1086,1533,9,468,1081,605,697,1024,395,736,137,1098,0,0,0,0,0,0,0,0,0,0,0,0,0,0,0,0,0,0,0,0,0,0,0,0,0,0,0,0,0,0,0,0
2020-01-02 05:05:00,678,453,1086,1533,9,468,1081,605,697,1024,395,736,137,1098,0,0,0,0,0,0,0,0,0,0,0,0,0,0,0,0,0,0,0,0,0,0,0,0,0,0,0,0,0,0,0,0
2020-01-02 05:15:00,678,453,1086,1533,9,468,1081,605,697,1024,395,736,137,1098,0,0,0,0,0,0,0,0,0,0,0,0,0,0,0,0,0,0,0,0,0,0,0,0,0,0,0,0,0,0,0,0
2020-01-02 05:25:00,678,453,1086,1533,9,468,1081,605,697,1024,395,736,137,1098,0,0,0,0,0,0,0,0,0,0,0,0,0,0,0,0,0,0,0,0,0,0,0,0,0,0,0,0,0,0,0,0
2020-01-02 05:35:00,678,453,1086,1533,9,468,1081,605,697,1024,395,736,137,1098,0,0,0,0,0,0,0,0,0,0,0,0,0,0,0,0,0,0,0,0,0,0,0,0,0,0,0,0,0,0,0,0
2020-01-02 05:45:00,678,453,1082,1533,9,468,1081,605,692,1024,395,736,137,1098,0,0,0,0,0,0,0,0,0,0,0,0,0,5,0,0,0,0,0,0,0,0,0,0,0,0,0,0,0,4,0,0
2020-01-02 05:55:00,678,453,1078,1533,9,468,1077,610,680,1024,395,735,136,1098,0,0,0,0,0,0,0,0,0,0,0,0,0,12,0,0,0,0,0,4,0,1,0,0,0,5,0,0,0,4,0,0
2020-01-02 06:05:00,688,453,1071,1533,8,466,1074,610,668,1027,395,737,136,1093,0,0,0,0,0,0,0,0,0,5,0,0,0,19,5,0,0,0,0,3,0,0,0,1,0,1,0,0,0,7,0,0
2020-01-02 06:15:00,684,452,1046,1529,7,466,1062,602,655,1031,394,731,136,1071,0,0,0,9,0,0,9,6,0,22,0,0,0,25,15,0,1,0,0,12,0,1,0,1,0,8,0,0,0,25,0,0
2020-01-02 06:25:00,709,457,1037,1519,5,461,1040,606,637,1026,391,750,136,1051,0,0,0,27,0,0,18,13,14,20,0,0,0,22,17,3,2,0,0,22,0,2,0,1,0,3,0,0,0,9,0,2
2020-01-02 06:35:00,712,469,1010,1497,7,459,1026,603,619,1055,377,728,128,1040,0,0,24,56,0,0,22,21,4,17,8,0,0,26,20,4,12,0,0,14,0,3,0,0,0,11,0,0,0,27,0,1
2020-01-02 06:45:00,742,459,978,1442,5,449,985,592,604,1037,364,718,120,1000,0,0,51,103,0,0,34,44,7,25,19,9,0,30,25,12,22,5,0,41,0,4,1,0,9,29,3,0,0,32,0,0
2020-01-02 06:55:00,759,450,959,1415,5,436,946,599,585,1107,356,730,116,971,0,0,57,111,0,0,46,57,30,24,21,9,15,24,25,21,18,9,15,39,0,1,0,0,4,10,2,1,8,19,0,0
2020-01-02 07:05:00,774,450,947,1390,5,428,932,600,579,1125,345,710,110,980,0,0,91,97,0,0,51,52,25,16,14,14,22,19,31,17,23,14,24,29,1,0,0,1,21,23,1,1,14,20,3,1
2020-01-02 07:15:00,783,449,946,1351,4,429,923,577,587,1072,341,702,109,972,0,0,120,100,0,0,43,53,36,26,21,18,25,18,26,30,22,16,59,33,3,2,1,1,30,22,1,2,27,15,4,1
2020-01-02 07:25:00,753,449,964,1379,7,441,965,586,593,1087,352,721,111,989,0,0,108,73,0,0,32,50,35,20,17,19,34,13,13,28,10,10,56,17,1,1,0,0,14,11,1,1,28,9,2,0
2020-01-02 07:35:00,737,438,978,1415,6,450,1006,595,573,1058,359,730,108,1025,0,0,88,41,0,0,31,35,26,12,6,15,38,45,5,23,6,16,37,15,0,1,2,1,29,5,1,2,24,14,3,1
2020-01-02 07:45:00,699,437,989,1434,7,463,1031,597,444,1038,365,744,108,1030,0,0,60,21,0,0,25,16,38,22,14,12,30,192,5,17,2,17,47,12,3,1,0,0,21,7,2,0,34,13,2,1
2020-01-02 07:55:00,692,446,975,1478,3,457,1070,674,364,1030,378,746,116,1011,0,0,31,5,0,0,13,3,16,65,4,6,19,177,54,13,0,6,33,8,2,0,0,2,12,12,1,0,29,48,1,0
2020-01-02 08:05:00,686,496,938,1533,4,460,1064,560,328,1027,382,776,115,816,0,0,12,23,0,0,20,6,9,217,0,2,10,97,254,7,2,1,16,39,1,3,0,0,3,15,0,1,11,66,0,0
2020-01-02 08:15:00,701,567,818,1371,5,461,1012,422,319,1089,324,757,103,652,0,0,2,385,0,0,42,190,26,174,1,0,3,32,226,3,61,0,5,68,0,8,0,0,0,40,0,0,2,131,0,0
2020-01-02 08:25:00,825,495,688,918,4,444,767,323,285,1091,233,762,88,568,0,0,0,874,0,0,124,492,118,76,34,0,0,44,128,6,149,0,1,250,0,4,2,1,0,72,0,1,0,132,0,1
2020-01-02 08:35:00,1342,364,485,579,5,451,492,326,229,1324,194,690,75,540,0,0,1,832,0,0,300,571,94,23,123,5,0,75,57,24,128,20,0,276,3,6,1,0,57,87,2,16,0,203,0,0
2020-01-02 08:45:00,1446,357,291,381,18,762,370,402,185,1084,148,852,128,445,0,0,8,477,0,0,553,404,65,2,192,3,16,67,104,35,56,186,3,122,180,0,4,3,233,45,1,160,4,194,0,14
2020-01-02 08:55:00,1092,428,216,310,179,877,320,412,152,677,143,827,464,347,0,0,13,208,0,0,635,202,22,10,156,5,47,57,224,161,21,301,17,53,368,0,112,29,153,16,2,554,62,79,30,19
2020-01-02 09:05:00,658,737,253,309,950,704,319,532,169,462,354,571,830,279,0,0,20,64,0,0,429,78,6,4,91,1,47,28,208,199,4,228,17,18,374,0,260,50,82,8,2,482,95,25,43,10
2020-01-02 09:15:00,371,1057,341,313,1874,460,332,724,200,354,557,415,1092,245,0,0,16,15,0,0,210,21,3,5,36,0,24,7,111,128,1,137,3,4,252,0,258,34,44,5,0,247,72,7,22,3
2020-01-02 09:25:00,220,1237,410,331,2577,262,333,854,222,333,681,338,1186,234,0,0,3,4,0,0,86,6,0,1,13,0,8,2,33,64,0,58,8,2,139,0,178,8,14,3,0,105,40,3,3,1
2020-01-02 09:35:00,172,1317,450,334,2989,146,341,922,228,325,731,326,1220,229,0,0,1,1,0,0,31,2,0,1,4,0,4,0,9,15,0,17,3,0,60,0,76,1,4,0,0,28,12,0,1,0
2020-01-02 09:45:00,159,1344,462,336,3145,101,344,938,232,322,746,321,1237,228,0,0,0,0,0,0,12,0,0,0,1,0,0,0,3,2,0,3,0,0,24,0,28,0,0,0,0,4,7,0,1,0
2020-01-02 09:55:00,157,1357,469,336,3197,82,344,941,232,323,750,318,1244,228,0,0,0,0,0,0,2,0,0,0,0,0,0,0,0,0,0,0,0,0,7,0,11,0,0,0,0,1,1,0,0,0
2020-01-02 10:05:00,157,1358,470,336,3215,76,344,941,232,323,751,318,1247,228,0,0,0,0,0,0,0,0,0,0,0,0,0,0,0,0,0,0,0,0,2,0,2,0,0,0,0,0,0,0,0,0
2020-01-02 10:15:00,157,1358,470,336,3219,74,344,941,232,323,751,318,1247,228,0,0,0,0,0,0,0,0,0,0,0,0,0,0,0,0,0,0,0,0,1,0,1,0,0,0,0,0,0,0,0,0
2020-01-02 10:25:00,157,1358,470,336,3220,74,344,941,232,323,751,318,1248,228,0,0,0,0,0,0,0,0,0,0,0,0,0,0,0,0,0,0,0,0,0,0,0,0,0,0,0,0,0,0,0,0
2020-01-02 10:35:00,157,1358,470,336,3220,74,344,941,232,323,751,318,1248,228,0,0,0,0,0,0,0,0,0,0,0,0,0,0,0,0,0,0,0,0,0,0,0,0,0,0,0,0,0,0,0,0
2020-01-02 10:45:00,157,1358,470,336,3220,74,344,941,232,323,751,318,1248,228,0,0,0,0,0,0,0,0,0,0,0,0,0,0,0,0,0,0,0,0,0,0,0,0,0,0,0,0,0,0,0,0
2020-01-02 10:55:00,157,1358,470,336,3220,74,344,941,232,323,751,318,1248,228,0,0,0,0,0,0,0,0,0,0,0,0,0,0,0,0,0,0,0,0,0,0,0,0,0,0,0,0,0,0,0,0
2020-01-02 11:05:00,157,1358,470,336,3220,74,344,941,232,323,751,318,1248,228,0,0,0,0,0,0,0,0,0,0,0,0,0,0,0,0,0,0,0,0,0,0,0,0,0,0,0,0,0,0,0,0
2020-01-02 11:15:00,157,1358,470,336,3220,74,344,941,232,323,751,318,1248,228,0,0,0,0,0,0,0,0,0,0,0,0,0,0,0,0,0,0,0,0,0,0,0,0,0,0,0,0,0,0,0,0
2020-01-02 11:25:00,157,1358,470,336,3220,74,344,941,232,323,751,318,1248,228,0,0,0,0,0,0,0,0,0,0,0,0,0,0,0,0,0,0,0,0,0,0,0,0,0,0,0,0,0,0,0,0
2020-01-02 11:35:00,157,1358,470,336,3220,74,344,941,232,323,751,318,1248,228,0,0,0,0,0,0,0,0,0,0,0,0,0,0,0,0,0,0,0,0,0,0,0,0,0,0,0,0,0,0,0,0
2020-01-02 11:45:00,157,1358,470,336,3220,74,344,941,232,323,751,318,1248,228,0,0,0,0,0,0,0,0,0,0,0,0,0,0,0,0,0,0,0,0,0,0,0,0,0,0,0,0,0,0,0,0
2020-01-02 11:55:00,157,1358,470,336,3220,74,344,941,232,323,751,318,1248,228,0,0,0,0,0,0,0,0,0,0,0,0,0,0,0,0,0,0,0,0,0,0,0,0,0,0,0,0,0,0,0,0
2020-01-02 12:05:00,157,1358,470,336,3220,74,344,941,232,323,751,318,1248,228,0,0,0,0,0,0,0,0,0,0,0,0,0,0,0,0,0,0,0,0,0,0,0,0,0,0,0,0,0,0,0,0
2020-01-02 12:15:00,157,1358,470,336,3220,74,344,941,232,323,751,318,1248,228,0,0,0,0,0,0,0,0,0,0,0,0,0,0,0,0,0,0,0,0,0,0,0,0,0,0,0,0,0,0,0,0
2020-01-02 12:25:00,157,1358,470,336,3220,74,344,941,232,323,751,318,1248,228,0,0,0,0,0,0,0,0,0,0,0,0,0,0,0,0,0,0,0,0,0,0,0,0,0,0,0,0,0,0,0,0
2020-01-02 12:35:00,157,1358,470,336,3220,74,344,941,232,323,751,318,1248,228,0,0,0,0,0,0,0,0,0,0,0,0,0,0,0,0,0,0,0,0,0,0,0,0,0,0,0,0,0,0,0,0
2020-01-02 12:45:00,157,1358,470,336,3220,74,344,941,232,323,751,318,1248,228,0,0,0,0,0,0,0,0,0,0,0,0,0,0,0,0,0,0,0,0,0,0,0,0,0,0,0,0,0,0,0,0
2020-01-02 12:55:00,157,1358,470,336,3220,74,344,941,232,323,751,318,1248,228,0,0,0,0,0,0,0,0,0,0,0,0,0,0,0,0,0,0,0,0,0,0,0,0,0,0,0,0,0,0,0,0
2020-01-02 13:05:00,157,1358,470,336,3220,74,344,941,232,323,751,318,1248,228,0,0,0,0,0,0,0,0,0,0,0,0,0,0,0,0,0,0,0,0,0,0,0,0,0,0,0,0,0,0,0,0
2020-01-02 13:15:00,157,1358,470,336,3220,74,344,941,232,323,751,318,1248,228,0,0,0,0,0,0,0,0,0,0,0,0,0,0,0,0,0,0,0,0,0,0,0,0,0,0,0,0,0,0,0,0
2020-01-02 13:25:00,170,1339,429,270,3220,57,272,911,198,293,730,278,1240,177,0,0,8,48,0,0,7,9,18,40,11,7,4,34,19,8,9,3,8,72,0,7,1,0,8,35,0,1,4,41,2,12
2020-01-02 13:35:00,159,1365,421,283,3221,50,254,921,190,388,724,310,1240,182,0,0,31,68,0,0,12,11,7,13,7,4,5,42,4,6,14,6,12,26,0,0,0,0,5,1,1,0,5,12,0,0
2020-01-02 13:45:00,239,1327,364,188,3221,32,179,907,156,348,705,263,1233,106,0,0,67,108,0,0,27,32,28,65,22,21,10,39,38,20,22,12,21,87,0,2,1,0,10,24,0,4,6,62,0,4
2020-01-02 13:55:00,228,1335,338,186,3221,29,145,916,133,368,696,275,1229,97,0,0,93,146,0,0,47,48,32,39,19,20,18,37,30,18,26,18,21,55,2,3,1,1,26,44,4,4,14,32,4,2
2020-01-02 14:05:00,273,1344,330,197,3223,39,127,899,122,417,705,288,1236,97,0,0,102,106,0,0,59,43,24,33,19,26,20,43,31,17,15,22,25,39,3,0,1,1,17,15,0,1,18,22,1,0
2020-01-02 14:15:00,286,1350,342,216,3220,42,141,908,132,397,713,282,1243,110,0,0,109,83,0,0,62,55,28,20,17,20,22,12,26,18,6,18,37,11,4,0,0,1,16,19,2,2,20,6,3,1
2020-01-02 14:25:00,260,1367,360,250,3218,49,175,904,145,390,729,274,1251,139,0,0,104,53,0,0,49,48,21,12,7,18,18,3,21,21,1,10,34,3,1,0,0,1,26,7,1,0,24,2,4,0
2020-01-02 14:35:00,231,1373,384,296,3217,61,209,905,157,370,741,294,1254,167,0,0,73,24,0,0,41,36,16,9,2,7,22,0,7,21,1,16,22,0,2,0,1,0,18,1,0,0,21,0,1,0
2020-01-02 14:45:00,198,1368,405,330,3219,73,231,908,173,353,748,301,1257,181,0,0,35,7,0,0,26,27,22,9,0,1,23,0,2,23,0,12,26,0,3,0,0,0,14,0,0,0,25,0,0,0
2020-01-02 14:55:00,189,1367,430,348,3219,73,257,915,186,341,759,307,1262,203,0,0,15,1,0,0,10,15,16,1,0,0,25,0,1,17,0,1,13,0,3,0,1,0,6,0,0,0,19,0,0,0
2020-01-02 15:05:00,176,1360,449,352,3221,74,270,917,203,340,761,301,1265,219,0,0,6,0,0,0,6,6,7,0,0,0,23,0,0,13,0,0,10,0,1,0,0,0,5,0,0,0,15,0,0,0
2020-01-02 15:15:00,170,1361,464,355,3222,76,280,920,219,336,761,304,1266,226,0,0,1,0,0,0,3,0,2,0,0,0,17,0,0,3,0,0,6,0,0,0,0,0,2,0,0,0,6,0,0,0
2020-01-02 15:25:00,167,1360,470,356,3223,76,286,916,231,334,761,302,1265,228,0,0,0,0,0,0,1,0,0,0,0,0,12,0,0,3,0,0,4,0,0,0,0,0,0,0,0,0,5,0,0,0
2020-01-02 15:35:00,166,1361,475,356,3223,76,290,917,240,332,761,302,1265,228,0,0,0,0,0,0,0,0,0,0,0,0,5,0,0,0,0,0,1,0,0,0,0,0,1,0,0,0,1,0,0,0
2020-01-02 15:45:00,166,1361,476,356,3223,76,291,916,244,332,761,302,1265,228,0,0,0,0,0,0,0,0,0,0,0,0,2,0,0,0,0,0,0,0,0,0,0,0,0,0,0,0,1,0,0,0
2020-01-02 15:55:00,166,1360,477,356,3223,76,291,916,246,332,761,302,1265,228,0,0,0,0,0,0,0,1,0,0,0,0,0,0,0,0,0,0,0,0,0,0,0,0,0,0,0,0,0,0,0,0
2020-01-02 16:05:00,170,1336,469,354,3147,79,291,897,242,328,746,298,1249,228,0,0,0,1,0,0,2,16,1,0,0,6,2,4,11,12,9,0,0,0,0,21,4,30,0,1,34,0,1,8,1,2
2020-01-02 16:15:00,183,1309,465,353,3075,113,289,885,239,325,731,331,1258,234,0,0,3,2,0,0,4,36,0,1,0,8,2,8,15,21,22,0,0,2,0,18,2,11,0,6,41,0,2,5,0,1
2020-01-02 16:25:00,214,1310,467,354,3067,119,289,900,240,357,732,340,1233,238,0,0,10,1,0,0,7,31,0,4,0,10,3,0,2,4,13,0,2,0,0,17,0,1,1,16,6,0,10,0,2,0
2020-01-02 16:35:00,228,1302,477,361,3065,111,291,887,243,387,736,323,1218,246,0,0,21,0,0,0,21,17,0,2,0,11,3,0,3,3,0,7,11,0,0,6,0,0,4,6,2,0,8,0,0,0
2020-01-02 16:45:00,216,1305,485,366,3065,97,302,886,245,374,736,327,1216,250,0,0,42,0,0,0,22,11,4,7,0,3,1,0,1,1,0,12,15,0,1,1,0,0,3,0,0,0,6,0,0,0
2020-01-02 16:55:00,200,1314,491,384,3060,92,317,885,246,371,742,328,1215,256,0,0,38,0,0,0,17,7,3,1,0,1,1,0,0,5,1,6,5,0,1,1,0,2,3,0,3,0,4,0,0,0
2020-01-02 17:05:00,196,1202,464,406,2797,107,319,826,239,360,689,318,1165,260,0,0,18,1,0,0,12,69,6,0,0,12,6,7,47,53,39,4,4,3,0,65,15,120,5,7,101,0,8,31,3,16
2020-01-02 17:15:00,239,1143,447,401,2497,217,317,798,227,360,628,424,1169,277,0,0,17,5,0,0,8,139,11,1,0,27,14,19,46,68,86,4,3,6,0,109,13,59,3,14,162,1,7,25,3,6
2020-01-02 17:25:00,387,1114,450,404,2446,284,320,822,238,452,625,475,1062,304,0,0,47,4,0,0,24,122,6,9,2,41,11,5,9,33,55,2,10,0,0,77,0,1,4,58,56,1,34,4,0,2
2020-01-02 17:35:00,470,1096,484,420,2432,245,330,804,246,559,630,426,1000,330,0,0,105,0,0,0,66,74,2,20,1,39,14,0,8,5,7,16,35,0,1,22,0,1,16,30,13,0,51,0,2,0
2020-01-02 17:45:00,423,1105,535,473,2428,195,365,793,254,545,634,418,988,345,0,0,144,0,0,0,114,33,5,26,0,10,9,0,4,7,0,36,45,0,2,5,0,0,16,1,3,0,39,0,0,0
2020-01-02 17:55:00,363,1130,573,549,2419,167,410,791,263,527,645,419,985,347,0,0,139,0,0,0,92,13,17,13,0,2,6,0,1,22,3,24,21,0,2,4,1,5,11,1,4,0,28,1,0,2
2020-01-02 18:05:00,328,931,543,609,1829,214,419,655,244,491,549,398,865,364,0,0,88,7,0,0,46,131,23,2,0,30,20,21,112,134,86,4,19,12,1,137,29,276,12,18,230,0,24,58,11,30
2020-01-02 18:15:00,409,754,493,639,1074,447,423,555,230,508,398,611,915,412,0,0,43,13,0,0,32,304,28,4,1,55,41,39,154,191,199,3,12,15,0,257,23,192,11,44,346,0,25,74,6,20
2020-01-02 18:25:00,729,693,496,655,860,648,434,598,252,722,365,742,694,472,0,0,82,8,0,0,69,327,12,22,1,91,64,11,41,104,151,10,22,1,1,217,4,21,5,127,145,3,73,22,4,2
2020-01-02 18:35:00,971,611,569,684,823,599,456,560,288,959,375,649,497,537,0,0,219,2,0,0,179,246,10,36,2,90,73,1,18,30,38,40,112,0,1,83,0,4,27,85,35,1,86,0,4,0
2020-01-02 18:45:00,927,623,655,775,815,455,568,509,342,945,390,600,443,579,0,0,378,0,0,0,274,134,10,58,0,44,51,0,8,19,3,71,145,0,4,21,0,1,41,22,8,0,79,0,3,0
2020-01-02 18:55:00,757,685,734,953,808,386,713,509,379,905,426,612,435,599,0,0,386,0,0,0,257,55,34,34,0,7,24,1,1,50,0,55,84,0,2,5,1,2,26,1,4,0,70,0,0,0
2020-01-02 19:05:00,631,664,784,1134,586,379,792,478,392,869,421,620,371,632,0,0,243,5,0,0,151,68,72,8,0,24,19,7,43,123,35,18,43,5,1,57,18,108,24,10,92,0,44,20,5,4
2020-01-02 19:15:00,613,575,798,1201,299,469,831,496,393,860,385,711,392,723,0,0,108,7,0,0,66,142,101,5,0,20,51,12,47,155,77,8,25,4,1,104,9,69,12,13,138,0,40,30,4,6
2020-01-02 19:25:00,717,512,832,1235,191,565,855,554,419,934,380,765,296,829,0,0,50,2,0,0,45,154,52,13,2,37,77,3,17,99,51,9,15,1,1,89,3,16,6,54,67,0,45,6,1,1
2020-01-02 19:35:00,822,470,874,1255,173,551,870,559,468,1041,389,723,220,904,0,0,91,0,0,0,63,98,20,12,2,38,85,0,4,40,10,15,44,0,2,37,0,0,15,32,16,0,52,3,2,0
2020-01-02 19:45:00,802,465,926,1285,168,494,914,551,523,1038,394,698,192,937,0,0,152,0,0,0,106,50,5,25,0,12,66,0,2,19,1,28,58,0,2,10,0,0,22,10,5,0,40,0,0,0
2020-01-02 19:55:00,733,483,966,1365,167,460,972,550,575,1019,406,703,184,940,0,0,151,0,0,0,110,21,13,14,0,5,29,0,0,16,0,22,39,0,0,4,1,1,16,1,1,1,32,0,0,0
2020-01-02 20:05:00,687,499,995,1427,114,458,1010,541,596,1003,407,704,172,955,0,0,103,1,0,0,59,18,35,3,0,2,13,3,15,41,13,7,20,1,0,11,2,22,8,1,30,0,20,3,0,1
2020-01-02 20:15:00,675,490,1013,1463,50,473,1029,554,602,997,391,738,175,992,0,0,51,2,0,0,23,27,33,0,0,4,14,6,14,56,27,3,4,1,0,21,2,17,4,2,32,0,9,2,1,3
2020-01-02 20:25:00,692,466,1021,1477,25,489,1033,583,609,1014,388,742,159,1025,0,0,24,1,0,0,13,34,22,2,2,10,27,2,1,40,17,2,3,0,0,19,0,5,7,9,16,0,19,1,0,1
2020-01-02 20:35:00,709,449,1040,1483,13,486,1036,595,621,1032,387,736,145,1052,0,0,22,0,0,0,19,30,11,4,1,6,34,1,6,14,5,2,16,0,0,8,0,3,4,5,6,0,18,0,0,1
2020-01-02 20:45:00,711,451,1058,1492,9,481,1052,590,645,1030,387,734,138,1065,0,0,33,0,0,0,22,15,4,4,0,2,26,0,3,8,2,3,12,0,0,3,0,1,4,1,2,0,12,0,0,0
2020-01-02 20:55:00,696,457,1070,1505,9,475,1064,589,665,1025,389,733,136,1070,0,0,36,0,0,0,20,8,4,1,0,3,12,0,0,5,0,5,10,0,0,1,0,0,3,2,0,0,7,0,0,0
2020-01-02 21:05:00,687,456,1077,1517,9,469,1074,589,675,1026,390,734,136,1076,0,0,23,0,0,0,16,6,9,1,0,1,6,0,0,9,0,5,3,0,1,0,0,0,1,0,0,0,4,0,0,0
2020-01-02 21:15:00,683,457,1081,1525,9,468,1077,593,679,1027,394,734,137,1085,0,0,10,0,0,0,8,1,9,1,0,0,7,0,0,10,0,1,0,0,0,0,0,0,2,0,0,0,2,0,0,0
2020-01-02 21:25:00,679,454,1083,1531,9,468,1077,599,683,1026,395,737,137,1094,0,0,4,0,0,0,4,0,2,0,0,0,7,0,0,8,0,0,1,0,0,0,0,0,1,0,0,0,1,0,0,0
2020-01-02 21:35:00,678,454,1084,1533,9,468,1078,601,689,1024,395,736,137,1096,0,0,1,0,0,0,1,0,1,0,0,0,7,0,0,3,0,0,3,0,0,0,0,0,0,0,0,0,2,0,0,0
2020-01-02 21:45:00,678,453,1086,1533,9,468,1081,604,694,1024,395,736,137,1097,0,0,0,0,0,0,0,0,1,0,0,0,2,0,0,2,0,0,0,0,0,0,0,0,0,0,0,0,0,0,0,0
2020-01-02 21:55:00,678,453,1086,1533,9,468,1081,605,696,1024,395,736,137,1098,0,0,0,0,0,0,0,0,0,0,0,0,1,0,0,0,0,0,0,0,0,0,0,0,0,0,0,0,0,0,0,0
2020-01-02 22:05:00,678,453,1086,1533,9,468,1081,605,696,1024,395,736,137,1098,0,0,0,0,0,0,0,0,0,0,0,0,1,0,0,0,0,0,0,0,0,0,0,0,0,0,0,0,0,0,0,0
2020-01-02 22:15:00,678,453,1086,1533,9,468,1081,605,697,1024,395,736,137,1098,0,0,0,0,0,0,0,0,0,0,0,0,0,0,0,0,0,0,0,0,0,0,0,0,0,0,0,0,0,0,0,0
2020-01-02 22:25:00,678,453,1086,1533,9,468,1081,605,697,1024,395,736,137,1098,0,0,0,0,0,0,0,0,0,0,0,0,0,0,0,0,0,0,0,0,0,0,0,0,0,0,0,0,0,0,0,0
2020-01-02 22:35:00,678,453,1086,1533,9,468,1081,605,697,1024,395,736,137,1098,0,0,0,0,0,0,0,0,0,0,0,0,0,0,0,0,0,0,0,0,0,0,0,0,0,0,0,0,0,0,0,0
2020-01-02 22:45:00,678,453,1086,1533,9,468,1081,605,697,1024,395,736,137,1098,0,0,0,0,0,0,0,0,0,0,0,0,0,0,0,0,0,0,0,0,0,0,0,0,0,0,0,0,0,0,0,0
2020-01-02 22:55:00,678,453,1086,1533,9,468,1081,605,697,1024,395,736,137,1098,0,0,0,0,0,0,0,0,0,0,0,0,0,0,0,0,0,0,0,0,0,0,0,0,0,0,0,0,0,0,0,0
2020-01-02 23:05:00,678,453,1086,1533,9,468,1081,605,697,1024,395,736,137,1098,0,0,0,0,0,0,0,0,0,0,0,0,0,0,0,0,0,0,0,0,0,0,0,0,0,0,0,0,0,0,0,0
2020-01-02 23:15:00,678,453,1086,1533,9,468,1081,605,697,1024,395,736,137,1098,0,0,0,0,0,0,0,0,0,0,0,0,0,0,0,0,0,0,0,0,0,0,0,0,0,0,0,0,0,0,0,0
2020-01-02 23:25:00,678,453,1086,1533,9,468,1081,605,697,1024,395,736,137,1098,0,0,0,0,0,0,0,0,0,0,0,0,0,0,0,0,0,0,0,0,0,0,0,0,0,0,0,0,0,0,0,0
2020-01-02 23:35:00,678,453,1086,1533,9,468,1081,605,697,1024,395,736,137,1098,0,0,0,0,0,0,0,0,0,0,0,0,0,0,0,0,0,0,0,0,0,0,0,0,0,0,0,0,0,0,0,0
2020-01-02 23:45:00,678,453,1086,1533,9,468,1081,605,697,1024,395,736,137,1098,0,0,0,0,0,0,0,0,0,0,0,0,0,0,0,0,0,0,0,0,0,0,0,0,0,0,0,0,0,0,0,0
2020-01-02 23:55:00,678,453,1086,1533,9,468,1081,605,697,1024,395,736,137,1098,0,0,0,0,0,0,0,0,0,0,0,0,0,0,0,0,0,0,0,0,0,0,0,0,0,0,0,0,0,0,0,0
2020-01-03 00:05:00,678,453,1086,1533,9,468,1081,605,697,1024,395,736,137,1098,0,0,0,0,0,0,0,0,0,0,0,0,0,0,0,0,0,0,0,0,0,0,0,0,0,0,0,0,0,0,0,0
2020-01-03 00:15:00,678,453,1086,1533,9,468,1081,605,697,1024,395,736,137,1098,0,0,0,0,0,0,0,0,0,0,0,0,0,0,0,0,0,0,0,0,0,0,0,0,0,0,0,0,0,0,0,0
2020-01-03 00:25:00,678,453,1086,1533,9,468,1081,605,697,1024,395,736,137,1098,0,0,0,0,0,0,0,0,0,0,0,0,0,0,0,0,0,0,0,0,0,0,0,0,0,0,0,0,0,0,0,0
2020-01-03 00:35:00,678,453,1086,1533,9,468,1081,605,697,1024,395,736,137,1098,0,0,0,0,0,0,0,0,0,0,0,0,0,0,0,0,0,0,0,0,0,0,0,0,0,0,0,0,0,0,0,0
2020-01-03 00:45:00,678,453,1086,1533,9,468,1081,605,697,1024,395,736,137,1098,0,0,0,0,0,0,0,0,0,0,0,0,0,0,0,0,0,0,0,0,0,0,0,0,0,0,0,0,0,0,0,0
2020-01-03 00:55:00,678,453,1086,1533,9,468,1081,605,697,1024,395,736,137,1098,0,0,0,0,0,0,0,0,0,0,0,0,0,0,0,0,0,0,0,0,0,0,0,0,0,0,0,0,0,0,0,0
2020-01-03 01:05:00,678,453,1086,1533,9,468,1081,605,697,1024,395,736,137,1098,0,0,0,0,0,0,0,0,0,0,0,0,0,0,0,0,0,0,0,0,0,0,0,0,0,0,0,0,0,0,0,0
2020-01-03 01:15:00,678,453,1086,1533,9,468,1081,605,697,1024,395,736,137,1098,0,0,0,0,0,0,0,0,0,0,0,0,0,0,0,0,0,0,0,0,0,0,0,0,0,0,0,0,0,0,0,0
2020-01-03 01:25:00,678,453,1086,1533,9,468,1081,605,697,1024,395,736,137,1098,0,0,0,0,0,0,0,0,0,0,0,0,0,0,0,0,0,0,0,0,0,0,0,0,0,0,0,0,0,0,0,0
2020-01-03 01:35:00,678,453,1086,1533,9,468,1081,605,697,1024,395,736,137,1098,0,0,0,0,0,0,0,0,0,0,0,0,0,0,0,0,0,0,0,0,0,0,0,0,0,0,0,0,0,0,0,0
2020-01-03 01:45:00,678,453,1086,1533,9,468,1081,605,697,1024,395,736,137,1098,0,0,0,0,0,0,0,0,0,0,0,0,0,0,0,0,0,0,0,0,0,0,0,0,0,0,0,0,0,0,0,0
2020-01-03 01:55:00,678,453,1086,1533,9,468,1081,605,697,1024,395,736,137,1098,0,0,0,0,0,0,0,0,0,0,0,0,0,0,0,0,0,0,0,0,0,0,0,0,0,0,0,0,0,0,0,0
2020-01-03 02:05:00,678,453,1086,1533,9,468,1081,605,697,1024,395,736,137,1098,0,0,0,0,0,0,0,0,0,0,0,0,0,0,0,0,0,0,0,0,0,0,0,0,0,0,0,0,0,0,0,0
2020-01-03 02:15:00,678,453,1086,1533,9,468,1081,605,697,1024,395,736,137,1098,0,0,0,0,0,0,0,0,0,0,0,0,0,0,0,0,0,0,0,0,0,0,0,0,0,0,0,0,0,0,0,0
2020-01-03 02:25:00,678,453,1086,1533,9,468,1081,605,697,1024,395,736,137,1098,0,0,0,0,0,0,0,0,0,0,0,0,0,0,0,0,0,0,0,0,0,0,0,0,0,0,0,0,0,0,0,0
2020-01-03 02:35:00,678,453,1086,1533,9,468,1081,605,697,1024,395,736,137,1098,0,0,0,0,0,0,0,0,0,0,0,0,0,0,0,0,0,0,0,0,0,0,0,0,0,0,0,0,0,0,0,0
2020-01-03 02:45:00,678,453,1086,1533,9,468,1081,605,697,1024,395,736,137,1098,0,0,0,0,0,0,0,0,0,0,0,0,0,0,0,0,0,0,0,0,0,0,0,0,0,0,0,0,0,0,0,0
2020-01-03 02:55:00,678,453,1086,1533,9,468,1081,605,697,1024,395,736,137,1098,0,0,0,0,0,0,0,0,0,0,0,0,0,0,0,0,0,0,0,0,0,0,0,0,0,0,0,0,0,0,0,0
2020-01-03 03:05:00,678,453,1086,1533,9,468,1081,605,697,1024,395,736,137,1098,0,0,0,0,0,0,0,0,0,0,0,0,0,0,0,0,0,0,0,0,0,0,0,0,0,0,0,0,0,0,0,0
2020-01-03 03:15:00,678,453,1086,1533,9,468,1081,605,697,1024,395,736,137,1098,0,0,0,0,0,0,0,0,0,0,0,0,0,0,0,0,0,0,0,0,0,0,0,0,0,0,0,0,0,0,0,0
2020-01-03 03:25:00,678,453,1086,1533,9,468,1081,605,697,1024,395,736,137,1098,0,0,0,0,0,0,0,0,0,0,0,0,0,0,0,0,0,0,0,0,0,0,0,0,0,0,0,0,0,0,0,0
2020-01-03 03:35:00,678,453,1086,1533,9,468,1081,605,697,1024,395,736,137,1098,0,0,0,0,0,0,0,0,0,0,0,0,0,0,0,0,0,0,0,0,0,0,0,0,0,0,0,0,0,0,0,0
2020-01-03 03:45:00,678,453,1086,1533,9,468,1081,605,697,1024,395,736,137,1098,0,0,0,0,0,0,0,0,0,0,0,0,0,0,0,0,0,0,0,0,0,0,0,0,0,0,0,0,0,0,0,0
2020-01-03 03:55:00,678,453,1086,1533,9,468,1081,605,697,1024,395,736,137,1098,0,0,0,0,0,0,0,0,0,0,0,0,0,0,0,0,0,0,0,0,0,0,0,0,0,0,0,0,0,0,0,0
2020-01-03 04:05:00,678,453,1086,1533,9,468,1081,605,697,1024,395,736,137,1098,0,0,0,0,0,0,0,0,0,0,0,0,0,0,0,0,0,0,0,0,0,0,0,0,0,0,0,0,0,0,0,0
2020-01-03 04:15:00,678,453,1086,1533,9,468,1081,605,697,1024,395,736,137,1098,0,0,0,0,0,0,0,0,0,0,0,0,0,0,0,0,0,0,0,0,0,0,0,0,0,0,0,0,0,0,0,0
2020-01-03 04:25:00,678,453,1086,1533,9,468,1081,605,697,1024,395,736,137,1098,0,0,0,0,0,0,0,0,0,0,0,0,0,0,0,0,0,0,0,0,0,0,0,0,0,0,0,0,0,0,0,0
2020-01-03 04:35:00,678,453,1086,1533,9,468,1081,605,697,1024,395,736,137,1098,0,0,0,0,0,0,0,0,0,0,0,0,0,0,0,0,0,0,0,0,0,0,0,0,0,0,0,0,0,0,0,0
2020-01-03 04:45:00,678,453,1086,1533,9,468,1081,605,697,1024,395,736,137,1098,0,0,0,0,0,0,0,0,0,0,0,0,0,0,0,0,0,0,0,0,0,0,0,0,0,0,0,0,0,0,0,0
2020-01-03 04:55:00,678,453,1086,1533,9,468,1081,605,697,1024,395,736,137,1098,0,0,0,0,0,0,0,0,0,0,0,0,0,0,0,0,0,0,0,0,0,0,0,0,0,0,0,0,0,0,0,0
2020-01-03 05:05:00,678,453,1086,1533,9,468,1081,605,697,1024,395,736,137,1098,0,0,0,0,0,0,0,0,0,0,0,0,0,0,0,0,0,0,0,0,0,0,0,0,0,0,0,0,0,0,0,0
2020-01-03 05:15:00,678,453,1086,1533,9,468,1081,605,697,1024,395,736,137,1098,0,0,0,0,0,0,0,0,0,0,0,0,0,0,0,0,0,0,0,0,0,0,0,0,0,0,0,0,0,0,0,0
2020-01-03 05:25:00,678,453,1086,1533,9,468,1081,605,697,1024,395,736,137,1098,0,0,0,0,0,0,0,0,0,0,0,0,0,0,0,0,0,0,0,0,0,0,0,0,0,0,0,0,0,0,0,0
2020-01-03 05:35:00,678,453,1086,1533,9,468,1081,605,697,1024,395,736,137,1098,0,0,0,0,0,0,0,0,0,0,0,0,0,0,0,0,0,0,0,0,0,0,0,0,0,0,0,0,0,0,0,0
2020-01-03 05:45:00,678,453,1082,1533,9,468,1081,605,692,1024,395,736,137,1098,0,0,0,0,0,0,0,0,0,0,0,0,0,5,0,0,0,0,0,0,0,0,0,0,0,0,0,0,0,4,0,0
2020-01-03 05:55:00,678,453,1078,1533,9,468,1077,609,681,1024,395,735,136,1098,0,0,0,0,0,0,0,0,0,0,0,0,0,12,0,0,0,0,0,4,0,1,0,0,0,5,0,0,0,4,0,0
2020-01-03 06:05:00,687,453,1071,1533,8,466,1074,610,669,1028,395,737,136,1093,0,0,0,0,0,0,0,0,0,5,0,0,0,18,5,0,0,0,0,3,0,0,0,1,0,1,0,0,0,7,0,0
2020-01-03 06:15:00,683,452,1047,1527,7,466,1062,602,655,1031,394,730,136,1069,0,0,0,11,0,0,9,6,0,24,0,0,0,25,15,0,1,0,0,12,0,1,0,1,0,10,0,0,0,24,0,0
2020-01-03 06:25:00,709,457,1038,1521,5,461,1038,605,636,1026,391,749,136,1050,0,0,0,27,0,0,18,13,14,19,0,0,0,23,18,3,2,0,0,24,0,2,0,1,0,3,0,0,0,9,0,2
2020-01-03 06:35:00,714,470,1007,1497,7,460,1026,604,616,1055,377,727,126,1038,0,0,25,55,0,0,21,21,4,16,10,0,0,28,19,4,13,0,0,12,0,3,1,1,0,12,0,0,0,31,0,0
2020-01-03 06:45:00,742,460,977,1437,5,447,984,592,604,1036,363,721,118,1001,0,0,54,108,0,0,33,44,7,24,17,8,0,30,28,11,22,3,0,42,0,6,2,0,10,30,3,0,0,30,0,1
2020-01-03 06:55:00,764,452,959,1412,5,437,948,595,584,1100,355,730,116,970,0,0,61,110,0,0,41,59,33,24,22,14,13,23,25,20,17,7,17,36,0,1,0,0,6,13,2,1,9,18,0,1
2020-01-03 07:05:00,782,454,948,1394,5,429,933,598,578,1124,339,704,111,987,0,0,92,88,0,0,49,55,24,17,13,10,21,20,30,17,25,12,23,32,1,1,0,1,20,23,1,1,15,20,2,1
2020-01-03 07:15:00,781,446,948,1355,4,429,923,575,583,1071,335,701,109,971,0,0,115,95,0,0,52,54,40,27,23,15,30,18,26,26,24,14,58,33,3,2,2,1,34,23,1,2,27,15,5,4
2020-01-03 07:25:00,745,447,967,1380,7,439,964,587,595,1092,349,720,110,995,0,0,103,76,0,0,42,47,34,17,14,22,29,12,10,33,9,14,53,17,1,2,0,0,17,12,1,0,28,8,2,0
2020-01-03 07:35:00,736,439,979,1413,7,445,1003,597,576,1061,357,726,107,1032,0,0,89,46,0,0,32,33,21,11,8,14,35,43,5,25,4,21,40,14,2,1,1,1,24,6,1,2,26,16,0,1
2020-01-03 07:45:00,700,439,993,1436,7,459,1031,597,444,1038,365,751,107,1031,0,0,64,22,0,0,21,15,32,26,10,15,35,187,6,21,1,14,52,12,1,2,0,1,16,7,2,1,24,12,2,1
2020-01-03 07:55:00,690,446,968,1480,5,463,1076,686,366,1028,379,751,112,1005,0,0,32,5,0,0,9,1,22,69,4,4,22,168,48,13,0,3,36,7,2,0,0,2,7,11,1,1,28,49,1,0
2020-01-03 08:05:00,686,489,935,1543,5,462,1070,556,326,1021,379,781,114,807,0,0,9,23,0,0,17,8,7,222,2,1,10,100,266,5,2,4,12,42,0,3,0,1,2,14,0,0,15,61,0,0
2020-01-03 08:15:00,700,572,818,1386,5,464,1015,420,320,1087,323,753,103,648,0,0,0,382,0,0,42,190,28,165,2,0,2,36,221,2,60,2,2,67,0,8,0,0,1,41,0,0,3,132,0,0
2020-01-03 08:25:00,835,492,689,908,5,441,773,324,287,1082,237,755,89,569,0,0,0,883,0,0,121,493,120,74,33,0,0,43,128,6,145,0,0,244,0,6,1,1,0,80,0,1,2,132,0,1
2020-01-03 08:35:00,1344,366,483,571,4,442,491,324,225,1321,192,683,77,539,0,0,4,839,0,0,302,571,95,24,126,5,0,80,59,21,130,19,0,282,3,5,0,0,54,91,3,15,0,208,0,2
2020-01-03 08:45:00,1444,356,286,379,17,773,371,400,184,1095,150,851,126,444,0,0,12,466,0,0,557,404,66,3,192,6,14,70,102,36,59,184,2,120,169,0,4,2,238,34,0,169,6,197,1,11
2020-01-03 08:55:00,1079,428,217,316,187,892,318,408,153,659,143,823,460,349,0,0,16,201,0,0,634,202,19,9,158,3,43,58,231,161,20,311,18,55,371,0,107,26,163,22,2,550,61,75,31,21
2020-01-03 09:05:00,660,741,254,314,941,710,319,541,166,461,357,562,842,273,0,0,16,64,0,0,425,74,6,8,90,0,49,24,201,201,5,241,13,17,364,0,259,54,84,12,2,482,91,24,43,10
2020-01-03 09:15:00,366,1049,337,324,1889,460,327,729,196,356,567,418,1074,242,0,0,9,18,0,0,212,23,1,1,36,1,29,8,108,133,1,132,13,5,254,0,261,33,36,8,0,241,69,8,22,4
2020-01-03 09:25:00,218,1235,404,331,2595,268,339,862,221,330,693,335,1180,232,0,0,2,6,0,0,91,8,1,1,11,0,9,2,37,53,0,48,3,1,140,0,162,6,22,3,0,104,41,2,4,0
2020-01-03 09:35:00,173,1320,445,333,2977,150,342,920,230,320,735,320,1222,229,0,0,1,1,0,0,29,1,0,0,4,0,2,0,6,20,0,12,2,0,61,0,83,2,8,1,0,28,21,0,2,0
2020-01-03 09:45:00,160,1344,466,334,3137,99,344,940,231,322,748,318,1239,228,0,0,1,0,0,0,10,0,0,1,0,0,1,0,4,1,0,2,0,0,23,0,34,1,0,0,0,7,4,0,1,0
2020-01-03 09:55:00,157,1357,470,335,3198,80,344,941,232,323,750,318,1244,228,0,0,1,0,0,0,1,0,0,0,0,0,0,0,0,0,0,1,0,0,7,0,12,0,0,0,0,1,0,0,0,0
2020-01-03 10:05:00,157,1358,470,336,3214,75,344,941,232,323,751,318,1248,228,0,0,0,0,0,0,0,0,0,0,0,0,0,0,0,0,0,0,0,0,2,0,3,0,0,0,0,0,0,0,0,0
2020-01-03 10:15:00,157,1358,470,336,3219,74,344,941,232,323,751,318,1248,228,0,0,0,0,0,0,0,0,0,0,0,0,0,0,0,0,0,0,0,0,0,0,1,0,0,0,0,0,0,0,0,0
2020-01-03 10:25:00,157,1358,470,336,3220,74,344,941,232,323,751,318,1248,228,0,0,0,0,0,0,0,0,0,0,0,0,0,0,0,0,0,0,0,0,0,0,0,0,0,0,0,0,0,0,0,0
2020-01-03 10:35:00,157,1358,470,336,3220,74,344,941,232,323,751,318,1248,228,0,0,0,0,0,0,0,0,0,0,0,0,0,0,0,0,0,0,0,0,0,0,0,0,0,0,0,0,0,0,0,0
2020-01-03 10:45:00,157,1358,470,336,3220,74,344,941,232,323,751,318,1248,228,0,0,0,0,0,0,0,0,0,0,0,0,0,0,0,0,0,0,0,0,0,0,0,0,0,0,0,0,0,0,0,0
2020-01-03 10:55:00,157,1358,470,336,3220,74,344,941,232,323,751,318,1248,228,0,0,0,0,0,0,0,0,0,0,0,0,0,0,0,0,0,0,0,0,0,0,0,0,0,0,0,0,0,0,0,0
2020-01-03 11:05:00,157,1358,470,336,3220,74,344,941,232,323,751,318,1248,228,0,0,0,0,0,0,0,0,0,0,0,0,0,0,0,0,0,0,0,0,0,0,0,0,0,0,0,0,0,0,0,0
2020-01-03 11:15:00,157,1358,470,336,3220,74,344,941,232,323,751,318,1248,228,0,0,0,0,0,0,0,0,0,0,0,0,0,0,0,0,0,0,0,0,0,0,0,0,0,0,0,0,0,0,0,0
2020-01-03 11:25:00,157,1358,470,336,3220,74,344,941,232,323,751,318,1248,228,0,0,0,0,0,0,0,0,0,0,0,0,0,0,0,0,0,0,0,0,0,0,0,0,0,0,0,0,0,0,0,0
2020-01-03 11:35:00,157,1358,470,336,3220,74,344,941,232,323,751,318,1248,228,0,0,0,0,0,0,0,0,0,0,0,0,0,0,0,0,0,0,0,0,0,0,0,0,0,0,0,0,0,0,0,0
2020-01-03 11:45:00,157,1358,470,336,3220,74,344,941,232,323,751,318,1248,228,0,0,0,0,0,0,0,0,0,0,0,0,0,0,0,0,0,0,0,0,0,0,0,0,0,0,0,0,0,0,0,0
2020-01-03 11:55:00,157,1358,470,336,3220,74,344,941,232,323,751,318,1248,228,0,0,0,0,0,0,0,0,0,0,0,0,0,0,0,0,0,0,0,0,0,0,0,0,0,0,0,0,0,0,0,0
2020-01-03 12:05:00,157,1358,470,336,3220,74,344,941,232,323,751,318,1248,228,0,0,0,0,0,0,0,0,0,0,0,0,0,0,0,0,0,0,0,0,0,0,0,0,0,0,0,0,0,0,0,0
2020-01-03 12:15:00,157,1358,470,336,3220,74,344,941,232,323,751,318,1248,228,0,0,0,0,0,0,0,0,0,0,0,0,0,0,0,0,0,0,0,0,0,0,0,0,0,0,0,0,0,0,0,0
2020-01-03 12:25:00,157,1358,470,336,3220,74,344,941,232,323,751,318,1248,228,0,0,0,0,0,0,0,0,0,0,0,0,0,0,0,0,0,0,0,0,0,0,0,0,0,0,0,0,0,0,0,0
2020-01-03 12:35:00,157,1358,470,336,3220,74,344,941,232,323,751,318,1248,228,0,0,0,0,0,0,0,0,0,0,0,0,0,0,0,0,0,0,0,0,0,0,0,0,0,0,0,0,0,0,0,0
2020-01-03 12:45:00,157,1358,470,336,3220,74,344,941,232,323,751,318,1248,228,0,0,0,0,0,0,0,0,0,0,0,0,0,0,0,0,0,0,0,0,0,0,0,0,0,0,0,0,0,0,0,0
2020-01-03 12:55:00,157,1358,470,336,3220,74,344,941,232,323,751,318,1248,228,0,0,0,0,0,0,0,0,0,0,0,0,0,0,0,0,0,0,0,0,0,0,0,0,0,0,0,0,0,0,0,0
2020-01-03 13:05:00,157,1358,470,336,3220,74,344,941,232,323,751,318,1248,228,0,0,0,0,0,0,0,0,0,0,0,0,0,0,0,0,0,0,0,0,0,0,0,0,0,0,0,0,0,0,0,0
2020-01-03 13:15:00,157,1358,470,336,3220,74,344,941,232,323,751,318,1248,228,0,0,0,0,0,0,0,0,0,0,0,0,0,0,0,0,0,0,0,0,0,0,0,0,0,0,0,0,0,0,0,0
2020-01-03 13:25:00,172,1341,426,263,3220,52,271,915,203,301,734,278,1241,174,0,0,8,55,0,0,6,6,18,41,13,7,4,29,15,9,8,1,8,73,0,6,1,0,6,34,0,1,5,44,2,9
2020-01-03 13:35:00,157,1359,422,284,3221,51,254,924,190,389,724,317,1240,182,0,0,31,68,0,0,14,11,7,12,5,4,5,42,8,4,14,5,12,25,0,0,0,0,3,0,1,0,3,9,0,3
2020-01-03 13:45:00,245,1332,360,190,3220,36,179,912,153,348,703,261,1231,104,0,0,64,100,0,0,26,34,27,66,23,22,12,41,30,18,21,14,22,87,1,2,2,0,10,23,0,4,8,65,2,2
2020-01-03 13:55:00,224,1330,338,189,3222,31,146,916,136,373,696,278,1229,96,0,0,90,147,0,0,42,48,30,38,19,22,12,37,36,21,25,22,21,55,2,3,1,1,28,44,3,2,12,30,2,3
2020-01-03 14:05:00,267,1345,328,195,3221,36,128,898,121,425,701,286,1236,98,0,0,107,108,0,0,57,41,25,32,18,26,22,43,31,18,17,22,28,39,3,1,0,1,11,17,2,4,18,22,2,0
2020-01-03 14:15:00,287,1349,340,217,3222,43,145,911,130,395,715,284,1242,115,0,0,106,84,0,0,66,54,23,20,14,20,22,11,26,14,8,16,34,11,3,0,0,1,22,18,1,0,21,6,4,0
2020-01-03 14:25:00,250,1368,360,256,3218,52,176,899,145,393,732,293,1249,135,0,0,93,51,0,0,58,49,24,16,7,16,21,3,18,19,1,12,33,3,2,0,0,1,15,7,1,1,21,1,1,0
2020-01-03 14:35:00,239,1373,381,294,3217,67,209,897,159,360,740,290,1254,164,0,0,74,22,0,0,41,38,19,8,3,5,19,0,14,23,0,14,30,0,0,0,1,1,13,3,0,0,27,0,1,0
2020-01-03 14:45:00,207,1373,408,329,3219,72,239,905,172,350,749,296,1257,179,0,0,45,8,0,0,22,29,17,7,2,1,22,0,1,28,0,10,20,0,3,0,0,0,10,0,0,0,19,0,1,0
2020-01-03 14:55:00,193,1366,427,351,3220,75,259,916,186,344,758,300,1261,196,0,0,19,1,0,0,11,13,14,1,0,1,26,0,0,18,0,2,13,0,1,0,1,0,10,0,0,0,16,0,1,0
2020-01-03 15:05:00,177,1363,443,355,3221,75,272,917,202,345,761,299,1262,211,0,0,4,0,0,0,6,5,13,0,0,0,27,0,0,9,0,0,11,0,2,0,1,0,4,0,0,0,15,0,0,0
2020-01-03 15:15:00,170,1362,458,354,3222,76,283,917,222,339,761,301,1265,224,0,0,2,0,0,0,1,1,4,0,0,0,16,0,0,5,0,0,5,0,0,0,0,0,3,0,0,0,9,0,0,0
2020-01-03 15:25:00,166,1361,467,355,3222,76,288,918,233,334,761,301,1265,228,0,0,1,0,0,0,0,1,0,0,0,0,9,0,0,2,0,0,3,0,1,0,0,0,2,0,0,0,6,0,0,0
2020-01-03 15:35:00,167,1361,473,356,3222,76,291,917,240,332,761,301,1265,228,0,0,0,0,0,0,0,0,0,0,0,0,5,0,0,0,0,0,0,0,0,0,1,0,1,0,0,0,3,0,0,0
2020-01-03 15:45:00,166,1361,476,356,3223,76,291,916,244,332,761,301,1265,228,0,0,0,0,0,0,0,0,0,0,0,0,2,0,0,0,0,0,0,0,0,0,0,0,1,0,0,0,1,0,0,0
2020-01-03 15:55:00,166,1360,477,356,3223,76,291,916,246,332,761,302,1265,228,0,0,0,0,0,0,0,1,0,0,0,0,0,0,0,0,0,0,0,0,0,0,0,0,0,0,0,0,0,0,0,0
2020-01-03 16:05:00,170,1333,469,355,3148,79,291,898,242,328,746,298,1248,228,0,0,0,0,0,0,2,17,1,0,0,6,2,4,10,13,9,0,0,0,0,21,4,31,0,1,33,0,1,8,1,3
2020-01-03 16:15:00,183,1307,465,353,3073,112,289,887,239,325,731,330,1259,234,0,0,2,2,0,0,5,36,0,1,0,8,1,8,16,21,22,0,0,2,0,20,2,12,0,7,41,0,1,5,0,1
2020-01-03 16:25:00,214,1309,466,354,3067,121,289,901,240,361,732,337,1231,239,0,0,9,2,0,0,8,29,0,3,0,10,3,0,2,4,13,0,2,0,0,18,0,0,1,16,7,0,9,0,3,0
2020-01-03 16:35:00,230,1303,475,359,3065,109,291,887,241,385,736,324,1217,246,0,0,28,0,0,0,14,17,0,3,0,13,4,0,3,2,0,6,15,0,0,5,0,0,6,5,2,0,9,0,0,0
2020-01-03 16:45:00,214,1304,484,366,3065,98,306,885,243,373,736,329,1214,254,0,0,43,0,0,0,20,11,3,5,0,2,3,0,1,4,0,11,13,0,2,1,0,0,2,0,0,0,8,0,0,0
2020-01-03 16:55:00,198,1308,492,388,3060,92,319,888,245,371,741,329,1215,256,0,0,36,0,0,0,20,6,4,3,0,0,2,0,0,3,1,7,3,0,0,1,0,2,2,0,3,0,5,0,0,0
2020-01-03 17:05:00,194,1201,467,401,2793,108,319,826,239,361,691,318,1163,260,0,0,19,1,0,0,12,74,11,0,0,13,7,7,46,49,35,5,5,3,0,67,14,121,3,8,104,0,6,30,3,16
2020-01-03 17:15:00,239,1137,446,402,2504,223,318,798,229,358,630,426,1173,283,0,0,15,5,0,0,9,136,9,1,0,26,12,18,45,77,87,4,3,6,0,106,11,51,3,15,155,1,6,27,3,3
2020-01-03 17:25:00,399,1119,449,404,2443,285,321,830,238,449,628,479,1063,305,0,0,33,4,0,0,28,115,4,11,2,41,10,4,11,20,59,4,6,0,0,72,2,3,3,55,60,1,36,3,0,1
2020-01-03 17:35:00,466,1097,485,423,2431,239,327,803,244,555,629,430,1000,331,0,0,101,0,0,0,73,77,2,18,1,41,10,0,6,10,6,18,38,0,0,25,0,1,18,28,13,0,51,0,3,0
2020-01-03 17:45:00,425,1107,536,461,2427,189,365,793,251,539,637,417,988,345,0,0,168,0,0,0,104,35,3,29,0,8,11,0,5,8,0,32,49,0,1,4,0,0,18,3,4,0,38,0,0,0
2020-01-03 17:55:00,363,1132,573,551,2418,167,414,790,259,525,647,422,984,344,0,0,141,0,0,0,86,14,17,12,0,2,10,0,2,25,3,21,19,0,3,3,1,5,12,1,4,0,27,1,0,2
2020-01-03 18:05:00,331,921,542,616,1818,209,421,658,246,492,545,399,872,363,0,0,76,7,0,0,51,135,30,0,0,30,17,18,115,135,87,7,15,12,0,138,28,279,10,21,234,0,25,58,8,31
2020-01-03 18:15:00,405,760,490,641,1081,463,423,563,230,516,396,613,922,419,0,0,46,12,0,0,29,309,21,3,1,54,47,37,143,183,201,5,13,13,0,256,21,167,8,42,345,0,24,77,3,18
2020-01-03 18:25:00,738,690,495,652,864,652,433,590,253,713,365,752,686,470,0,0,88,8,0,0,66,323,14,23,1,95,66,13,44,102,152,14,25,3,1,206,6,33,6,133,133,3,64,19,5,1
2020-01-03 18:35:00,952,616,559,686,829,594,458,556,294,970,374,637,501,542,0,0,231,3,0,0,177,233,10,35,2,90,60,1,24,33,36,47,111,0,2,86,0,2,31,79,39,1,95,0,4,0
2020-01-03 18:45:00,931,629,654,776,817,455,569,512,339,944,394,600,442,583,0,0,383,0,0,0,264,132,12,59,0,40,48,0,7,18,1,63,143,0,2,24,0,0,45,21,11,0,80,0,2,0
2020-01-03 18:55:00,764,683,734,967,809,391,712,510,368,896,431,602,431,601,0,0,372,0,0,0,256,64,32,34,0,6,31,1,1,51,0,43,90,0,4,5,1,2,29,1,5,0,71,0,2,0
2020-01-03 19:05:00,638,648,784,1135,587,386,797,480,389,864,416,610,366,631,0,0,225,5,0,0,170,78,80,8,0,24,19,6,43,118,36,21,33,5,3,57,17,116,29,8,89,0,45,21,6,7
2020-01-03 19:15:00,620,581,802,1208,297,474,826,497,389,858,378,706,398,732,0,0,103,6,0,0,72,141,87,3,0,20,47,11,48,156,79,11,23,4,0,100,10,72,18,11,141,0,38,27,1,5
2020-01-03 19:25:00,723,519,830,1233,194,564,848,554,415,933,379,761,300,823,0,0,64,2,0,0,34,148,49,14,2,37,74,3,17,103,49,8,19,1,1,89,5,16,7,52,65,0,50,10,4,1
2020-01-03 19:35:00,821,466,879,1257,173,551,867,566,459,1037,388,720,224,895,0,0,95,1,0,0,59,99,21,12,2,35,88,0,3,49,8,20,49,0,0,37,0,1,17,40,18,0,42,1,0,0
2020-01-03 19:45:00,804,458,921,1289,168,494,916,558,523,1046,393,702,194,928,0,0,147,0,0,0,105,50,13,23,0,15,66,0,2,13,2,26,59,0,0,12,0,0,20,6,5,0,42,0,0,0
2020-01-03 19:55:00,739,481,963,1359,167,464,975,547,571,1024,410,707,185,940,0,0,150,0,0,0,108,19,15,16,0,7,35,0,0,15,0,16,32,0,1,3,1,1,18,0,1,0,30,0,0,0
2020-01-03 20:05:00,691,490,990,1428,111,456,1006,539,594,1004,403,703,175,958,0,0,99,1,0,0,66,16,31,4,0,2,14,4,15,45,14,11,21,1,0,11,3,24,8,1,30,0,27,3,0,1
2020-01-03 20:15:00,673,487,1015,1459,47,475,1026,557,604,996,390,732,177,991,0,0,46,2,0,0,32,27,37,0,0,4,12,6,13,51,27,4,11,1,0,20,3,17,5,3,33,1,11,2,0,3
2020-01-03 20:25:00,693,470,1025,1473,21,491,1037,575,608,1013,388,744,161,1028,0,0,25,1,0,0,14,34,20,3,1,10,30,3,4,39,16,2,3,0,0,18,1,4,3,8,16,0,16,1,0,1
2020-01-03 20:35:00,710,456,1041,1477,12,490,1040,590,626,1031,386,738,144,1054,0,0,28,0,0,0,13,31,11,2,2,4,32,1,3,16,5,5,11,0,0,9,1,1,3,7,6,0,14,0,0,0
2020-01-03 20:45:00,715,449,1055,1489,9,481,1051,589,650,1030,388,734,139,1065,0,0,32,0,0,0,23,17,3,4,0,4,21,0,3,10,2,4,11,0,0,3,0,1,5,1,1,0,11,0,0,0
2020-01-03 20:55:00,701,454,1066,1502,9,471,1062,587,667,1028,391,737,138,1070,0,0,31,0,0,0,28,7,6,2,0,3,12,0,1,4,0,3,11,0,0,2,0,0,1,0,0,0,6,0,0,0
2020-01-03 21:05:00,687,459,1072,1516,9,469,1073,586,675,1027,392,735,137,1077,0,0,24,0,0,0,18,5,5,2,0,1,8,0,0,8,0,3,5,0,0,0,0,0,2,0,0,0,5,0,0,0
2020-01-03 21:15:00,682,462,1077,1525,9,468,1078,591,682,1025,394,737,137,1083,0,0,14,0,0,0,5,2,7,0,0,0,4,0,0,11,0,1,1,0,0,0,0,0,2,0,0,0,3,0,0,0
2020-01-03 21:25:00,679,457,1080,1531,9,468,1079,598,684,1024,395,738,137,1090,0,0,6,0,0,0,1,0,4,0,0,0,6,0,0,9,0,0,1,0,0,0,0,0,1,0,0,0,3,0,0,0
2020-01-03 21:35:00,678,455,1083,1533,9,468,1080,602,688,1024,395,736,137,1094,0,0,2,0,0,0,0,0,2,0,0,0,7,0,0,3,0,0,1,0,0,0,0,0,0,0,0,0,3,0,0,0
2020-01-03 21:45:00,678,453,1086,1533,9,468,1081,603,693,1024,395,736,137,1096,0,0,0,0,0,0,0,0,2,0,0,0,4,0,0,2,0,0,0,0,0,0,0,0,0,0,0,0,0,0,0,0
2020-01-03 21:55:00,678,453,1086,1533,9,468,1081,605,697,1024,395,736,137,1098,0,0,0,0,0,0,0,0,0,0,0,0,0,0,0,0,0,0,0,0,0,0,0,0,0,0,0,0,0,0,0,0
2020-01-03 22:05:00,678,453,1086,1533,9,468,1081,605,697,1024,395,736,137,1098,0,0,0,0,0,0,0,0,0,0,0,0,0,0,0,0,0,0,0,0,0,0,0,0,0,0,0,0,0,0,0,0
2020-01-03 22:15:00,678,453,1086,1533,9,468,1081,605,697,1024,395,736,137,1098,0,0,0,0,0,0,0,0,0,0,0,0,0,0,0,0,0,0,0,0,0,0,0,0,0,0,0,0,0,0,0,0
2020-01-03 22:25:00,678,453,1086,1533,9,468,1081,605,697,1024,395,736,137,1098,0,0,0,0,0,0,0,0,0,0,0,0,0,0,0,0,0,0,0,0,0,0,0,0,0,0,0,0,0,0,0,0
2020-01-03 22:35:00,678,453,1086,1533,9,468,1081,605,697,1024,395,736,137,1098,0,0,0,0,0,0,0,0,0,0,0,0,0,0,0,0,0,0,0,0,0,0,0,0,0,0,0,0,0,0,0,0
2020-01-03 22:45:00,678,453,1086,1533,9,468,1081,605,697,1024,395,736,137,1098,0,0,0,0,0,0,0,0,0,0,0,0,0,0,0,0,0,0,0,0,0,0,0,0,0,0,0,0,0,0,0,0
2020-01-03 22:55:00,678,453,1086,1533,9,468,1081,605,697,1024,395,736,137,1098,0,0,0,0,0,0,0,0,0,0,0,0,0,0,0,0,0,0,0,0,0,0,0,0,0,0,0,0,0,0,0,0
2020-01-03 23:05:00,678,453,1086,1533,9,468,1081,605,697,1024,395,736,137,1098,0,0,0,0,0,0,0,0,0,0,0,0,0,0,0,0,0,0,0,0,0,0,0,0,0,0,0,0,0,0,0,0
2020-01-03 23:15:00,678,453,1086,1533,9,468,1081,605,697,1024,395,736,137,1098,0,0,0,0,0,0,0,0,0,0,0,0,0,0,0,0,0,0,0,0,0,0,0,0,0,0,0,0,0,0,0,0
2020-01-03 23:25:00,678,453,1086,1533,9,468,1081,605,697,1024,395,736,137,1098,0,0,0,0,0,0,0,0,0,0,0,0,0,0,0,0,0,0,0,0,0,0,0,0,0,0,0,0,0,0,0,0
2020-01-03 23:35:00,678,453,1086,1533,9,468,1081,605,697,1024,395,736,137,1098,0,0,0,0,0,0,0,0,0,0,0,0,0,0,0,0,0,0,0,0,0,0,0,0,0,0,0,0,0,0,0,0
2020-01-03 23:45:00,678,453,1086,1533,9,468,1081,605,697,1024,395,736,137,1098,0,0,0,0,0,0,0,0,0,0,0,0,0,0,0,0,0,0,0,0,0,0,0,0,0,0,0,0,0,0,0,0
2020-01-03 23:55:00,678,453,1086,1533,9,468,1081,605,697,1024,395,736,137,1098,0,0,0,0,0,0,0,0,0,0,0,0,0,0,0,0,0,0,0,0,0,0,0,0,0,0,0,0,0,0,0,0
2020-01-04 00:05:00,678,453,1086,1533,9,468,1081,605,697,1024,395,736,137,1098,0,0,0,0,0,0,0,0,0,0,0,0,0,0,0,0,0,0,0,0,0,0,0,0,0,0,0,0,0,0,0,0
2020-01-04 00:15:00,678,453,1086,1533,9,468,1081,605,697,1024,395,736,137,1098,0,0,0,0,0,0,0,0,0,0,0,0,0,0,0,0,0,0,0,0,0,0,0,0,0,0,0,0,0,0,0,0
2020-01-04 00:25:00,678,453,1086,1533,9,468,1081,605,697,1024,395,736,137,1098,0,0,0,0,0,0,0,0,0,0,0,0,0,0,0,0,0,0,0,0,0,0,0,0,0,0,0,0,0,0,0,0
2020-01-04 00:35:00,678,453,1086,1533,9,468,1081,605,697,1024,395,736,137,1098,0,0,0,0,0,0,0,0,0,0,0,0,0,0,0,0,0,0,0,0,0,0,0,0,0,0,0,0,0,0,0,0
2020-01-04 00:45:00,678,453,1086,1533,9,468,1081,605,697,1024,395,736,137,1098,0,0,0,0,0,0,0,0,0,0,0,0,0,0,0,0,0,0,0,0,0,0,0,0,0,0,0,0,0,0,0,0
2020-01-04 00:55:00,678,453,1086,1533,9,468,1081,605,697,1024,395,736,137,1098,0,0,0,0,0,0,0,0,0,0,0,0,0,0,0,0,0,0,0,0,0,0,0,0,0,0,0,0,0,0,0,0
2020-01-04 01:05:00,678,453,1086,1533,9,468,1081,605,697,1024,395,736,137,1098,0,0,0,0,0,0,0,0,0,0,0,0,0,0,0,0,0,0,0,0,0,0,0,0,0,0,0,0,0,0,0,0
2020-01-04 01:15:00,678,453,1086,1533,9,468,1081,605,697,1024,395,736,137,1098,0,0,0,0,0,0,0,0,0,0,0,0,0,0,0,0,0,0,0,0,0,0,0,0,0,0,0,0,0,0,0,0
2020-01-04 01:25:00,678,453,1086,1533,9,468,1081,605,697,1024,395,736,137,1098,0,0,0,0,0,0,0,0,0,0,0,0,0,0,0,0,0,0,0,0,0,0,0,0,0,0,0,0,0,0,0,0
2020-01-04 01:35:00,678,453,1086,1533,9,468,1081,605,697,1024,395,736,137,1098,0,0,0,0,0,0,0,0,0,0,0,0,0,0,0,0,0,0,0,0,0,0,0,0,0,0,0,0,0,0,0,0
2020-01-04 01:45:00,678,453,1086,1533,9,468,1081,605,697,1024,395,736,137,1098,0,0,0,0,0,0,0,0,0,0,0,0,0,0,0,0,0,0,0,0,0,0,0,0,0,0,0,0,0,0,0,0
2020-01-04 01:55:00,678,453,1086,1533,9,468,1081,605,697,1024,395,736,137,1098,0,0,0,0,0,0,0,0,0,0,0,0,0,0,0,0,0,0,0,0,0,0,0,0,0,0,0,0,0,0,0,0
2020-01-04 02:05:00,678,453,1086,1533,9,468,1081,605,697,1024,395,736,137,1098,0,0,0,0,0,0,0,0,0,0,0,0,0,0,0,0,0,0,0,0,0,0,0,0,0,0,0,0,0,0,0,0
2020-01-04 02:15:00,678,453,1086,1533,9,468,1081,605,697,1024,395,736,137,1098,0,0,0,0,0,0,0,0,0,0,0,0,0,0,0,0,0,0,0,0,0,0,0,0,0,0,0,0,0,0,0,0
2020-01-04 02:25:00,678,453,1086,1533,9,468,1081,605,697,1024,395,736,137,1098,0,0,0,0,0,0,0,0,0,0,0,0,0,0,0,0,0,0,0,0,0,0,0,0,0,0,0,0,0,0,0,0
2020-01-04 02:35:00,678,453,1086,1533,9,468,1081,605,697,1024,395,736,137,1098,0,0,0,0,0,0,0,0,0,0,0,0,0,0,0,0,0,0,0,0,0,0,0,0,0,0,0,0,0,0,0,0
2020-01-04 02:45:00,678,453,1086,1533,9,468,1081,605,697,1024,395,736,137,1098,0,0,0,0,0,0,0,0,0,0,0,0,0,0,0,0,0,0,0,0,0,0,0,0,0,0,0,0,0,0,0,0
2020-01-04 02:55:00,678,453,1086,1533,9,468,1081,605,697,1024,395,736,137,1098,0,0,0,0,0,0,0,0,0,0,0,0,0,0,0,0,0,0,0,0,0,0,0,0,0,0,0,0,0,0,0,0
2020-01-04 03:05:00,678,453,1086,1533,9,468,1081,605,697,1024,395,736,137,1098,0,0,0,0,0,0,0,0,0,0,0,0,0,0,0,0,0,0,0,0,0,0,0,0,0,0,0,0,0,0,0,0
2020-01-04 03:15:00,678,453,1086,1533,9,468,1081,605,697,1024,395,736,137,1098,0,0,0,0,0,0,0,0,0,0,0,0,0,0,0,0,0,0,0,0,0,0,0,0,0,0,0,0,0,0,0,0
2020-01-04 03:25:00,678,453,1086,1533,9,468,1081,605,697,1024,395,736,137,1098,0,0,0,0,0,0,0,0,0,0,0,0,0,0,0,0,0,0,0,0,0,0,0,0,0,0,0,0,0,0,0,0
2020-01-04 03:35:00,678,453,1086,1533,9,468,1081,605,697,1024,395,736,137,1098,0,0,0,0,0,0,0,0,0,0,0,0,0,0,0,0,0,0,0,0,0,0,0,0,0,0,0,0,0,0,0,0
2020-01-04 03:45:00,678,453,1086,1533,9,468,1081,605,697,1024,395,736,137,1098,0,0,0,0,0,0,0,0,0,0,0,0,0,0,0,0,0,0,0,0,0,0,0,0,0,0,0,0,0,0,0,0
2020-01-04 03:55:00,678,453,1086,1533,9,468,1081,605,697,1024,395,736,137,1098,0,0,0,0,0,0,0,0,0,0,0,0,0,0,0,0,0,0,0,0,0,0,0,0,0,0,0,0,0,0,0,0
2020-01-04 04:05:00,678,453,1086,1533,9,468,1081,605,697,1024,395,736,137,1098,0,0,0,0,0,0,0,0,0,0,0,0,0,0,0,0,0,0,0,0,0,0,0,0,0,0,0,0,0,0,0,0
2020-01-04 04:15:00,678,453,1086,1533,9,468,1081,605,697,1024,395,736,137,1098,0,0,0,0,0,0,0,0,0,0,0,0,0,0,0,0,0,0,0,0,0,0,0,0,0,0,0,0,0,0,0,0
2020-01-04 04:25:00,678,453,1086,1533,9,468,1081,605,697,1024,395,736,137,1098,0,0,0,0,0,0,0,0,0,0,0,0,0,0,0,0,0,0,0,0,0,0,0,0,0,0,0,0,0,0,0,0
2020-01-04 04:35:00,678,453,1086,1533,9,468,1081,605,697,1024,395,736,137,1098,0,0,0,0,0,0,0,0,0,0,0,0,0,0,0,0,0,0,0,0,0,0,0,0,0,0,0,0,0,0,0,0
2020-01-04 04:45:00,678,453,1086,1533,9,468,1081,605,697,1024,395,736,137,1098,0,0,0,0,0,0,0,0,0,0,0,0,0,0,0,0,0,0,0,0,0,0,0,0,0,0,0,0,0,0,0,0
2020-01-04 04:55:00,678,453,1086,1533,9,468,1081,605,697,1024,395,736,137,1098,0,0,0,0,0,0,0,0,0,0,0,0,0,0,0,0,0,0,0,0,0,0,0,0,0,0,0,0,0,0,0,0
2020-01-04 05:05:00,678,453,1086,1533,9,468,1081,605,697,1024,395,736,137,1098,0,0,0,0,0,0,0,0,0,0,0,0,0,0,0,0,0,0,0,0,0,0,0,0,0,0,0,0,0,0,0,0
2020-01-04 05:15:00,678,453,1086,1533,9,468,1081,605,697,1024,395,736,137,1098,0,0,0,0,0,0,0,0,0,0,0,0,0,0,0,0,0,0,0,0,0,0,0,0,0,0,0,0,0,0,0,0
2020-01-04 05:25:00,678,453,1086,1533,9,468,1081,605,697,1024,395,736,137,1098,0,0,0,0,0,0,0,0,0,0,0,0,0,0,0,0,0,0,0,0,0,0,0,0,0,0,0,0,0,0,0,0
2020-01-04 05:35:00,678,453,1086,1533,9,468,1081,605,697,1024,395,736,137,1098,0,0,0,0,0,0,0,0,0,0,0,0,0,0,0,0,0,0,0,0,0,0,0,0,0,0,0,0,0,0,0,0
2020-01-04 05:45:00,678,453,1082,1533,9,468,1081,605,692,1024,395,736,137,1098,0,0,0,0,0,0,0,0,0,0,0,0,0,5,0,0,0,0,0,0,0,0,0,0,0,0,0,0,0,4,0,0
2020-01-04 05:55:00,678,453,1078,1533,9,468,1077,609,681,1024,395,735,136,1098,0,0,0,0,0,0,0,0,0,0,0,0,0,12,0,0,0,0,0,4,0,1,0,0,0,5,0,0,0,4,0,0
2020-01-04 06:05:00,687,453,1071,1533,8,466,1074,610,668,1028,395,737,136,1093,0,0,0,0,0,0,0,0,0,5,0,0,0,19,5,0,0,0,0,3,0,0,0,1,0,1,0,0,0,7,0,0
2020-01-04 06:15:00,683,452,1047,1527,7,466,1062,601,655,1031,394,731,136,1072,0,0,0,11,0,0,9,6,0,21,0,0,0,25,16,0,1,0,0,12,0,1,0,1,0,9,0,0,0,24,0,0
2020-01-04 06:25:00,712,458,1037,1518,5,460,1037,608,634,1025,391,749,137,1049,0,0,0,27,0,0,17,13,14,23,0,0,0,23,16,3,2,0,0,25,0,2,0,0,0,3,0,0,0,10,0,2
2020-01-04 06:35:00,714,469,1007,1499,8,461,1026,602,615,1057,378,728,128,1039,0,0,24,54,0,0,22,22,4,14,10,0,0,30,21,3,12,0,0,11,0,2,0,0,0,10,0,0,0,30,0,0
2020-01-04 06:45:00,738,459,977,1442,5,450,984,591,604,1036,361,719,118,998,0,0,52,103,0,0,38,45,6,27,18,8,0,29,28,12,24,2,0,42,0,5,2,0,12,31,3,0,0,30,0,1
2020-01-04 06:55:00,763,453,960,1408,5,436,949,596,585,1103,355,731,116,971,0,0,61,115,0,0,44,60,35,21,20,12,15,22,24,19,18,7,18,35,0,0,0,0,4,9,2,1,9,17,0,1
2020-01-04 07:05:00,782,452,946,1391,5,432,936,599,580,1113,341,701,110,986,0,0,94,95,0,0,48,57,21,18,14,13,17,17,31,19,22,15,23,31,1,2,0,1,21,23,1,1,15,23,1,2
2020-01-04 07:15:00,787,449,949,1354,4,429,928,578,583,1076,338,702,110,972,0,0,115,91,0,0,47,51,42,27,21,16,29,19,21,30,23,18,59,31,2,2,2,1,27,19,1,1,29,12,3,2
2020-01-04 07:25:00,751,447,969,1381,6,438,968,589,592,1094,350,713,109,997,0,0,99,73,0,0,38,46,34,17,16,19,36,12,12,26,9,16,50,19,3,2,0,0,19,10,1,2,25,9,2,1
2020-01-04 07:35:00,738,441,978,1404,7,450,1002,596,577,1055,361,727,108,1031,0,0,84,47,0,0,33,32,28,12,7,14,34,41,9,24,4,14,42,16,0,0,1,2,29,7,1,2,24,16,1,1
2020-01-04 07:45:00,699,441,990,1431,6,456,1031,596,449,1038,369,748,110,1038,0,0,69,23,0,0,21,14,27,25,10,12,33,185,4,23,2,14,47,13,2,2,0,1,15,8,2,1,31,12,1,1
2020-01-04 07:55:00,688,446,975,1475,4,461,1071,678,367,1032,376,746,113,1001,0,0,37,4,0,0,10,4,19,71,5,9,17,174,51,13,1,8,33,7,2,0,1,2,13,10,1,0,28,46,1,0
2020-01-04 08:05:00,690,492,935,1543,5,461,1061,567,328,1018,383,777,115,815,0,0,8,23,0,0,18,6,11,212,2,1,5,99,254,6,2,0,17,43,0,3,0,0,5,15,0,0,12,68,0,0
2020-01-04 08:15:00,698,563,817,1384,5,462,1010,424,317,1091,324,756,101,658,0,0,1,373,0,0,42,190,27,167,2,0,5,36,225,2,61,0,3,68,1,9,0,0,1,43,0,0,4,130,0,0
2020-01-04 08:25:00,833,490,686,913,5,444,769,329,286,1085,236,762,88,575,0,0,0,871,0,0,120,491,119,79,31,0,1,42,128,7,145,0,0,244,0,5,1,1,1,76,0,1,0,135,0,1
2020-01-04 08:35:00,1330,366,483,577,4,448,489,324,225,1324,190,689,75,534,0,0,3,845,0,0,302,565,90,23,137,4,1,79,63,22,130,19,0,280,3,6,0,0,54,95,3,13,0,203,0,2
2020-01-04 08:45:00,1442,355,289,384,14,765,371,411,182,1090,148,853,128,444,0,0,11,476,0,0,551,401,65,5,179,8,16,71,100,38,59,178,6,118,178,0,4,2,237,35,0,171,6,194,1,14
2020-01-04 08:55:00,1080,430,220,317,188,883,322,405,154,670,142,826,465,347,0,0,20,205,0,0,628,207,21,8,162,2,46,58,232,159,19,313,12,55,368,0,112,28,139,25,1,543,66,75,26,21
2020-01-04 09:05:00,663,733,259,311,943,714,317,537,171,448,348,566,835,274,0,0,14,68,0,0,430,81,8,8,88,0,48,25,203,201,4,241,19,17,367,0,258,54,79,10,3,488,87,27,42,11
2020-01-04 09:15:00,379,1054,339,325,1887,454,331,724,199,354,567,409,1089,244,0,0,7,18,0,0,208,23,2,3,35,0,33,6,108,123,1,127,10,5,260,0,258,28,37,7,0,241,72,7,23,3
2020-01-04 09:25:00,222,1237,408,329,2577,257,339,849,225,338,684,339,1185,232,0,0,6,4,0,0,91,7,1,0,14,0,7,3,36,58,1,54,2,2,140,0,180,8,16,3,0,103,34,3,5,1
2020-01-04 09:35:00,177,1314,442,334,2974,145,341,914,232,326,731,323,1229,229,0,0,1,0,0,0,37,1,0,1,3,0,0,1,9,20,0,15,2,0,59,0,81,1,6,0,0,26,24,0,2,0
2020-01-04 09:45:00,158,1346,466,336,3130,100,343,936,232,323,749,318,1247,228,0,0,0,0,0,0,12,0,0,0,1,0,0,0,2,2,0,2,1,0,23,0,29,0,2,0,0,10,4,0,0,0
2020-01-04 09:55:00,157,1357,470,336,3189,81,344,939,232,323,750,318,1248,228,0,0,0,0,0,0,2,0,0,0,0,0,0,0,0,1,0,1,0,0,7,0,15,0,0,0,0,2,0,0,0,0
2020-01-04 10:05:00,157,1358,470,336,3214,75,344,940,232,323,751,318,1249,228,0,0,0,0,0,0,0,0,0,0,0,0,0,0,0,1,0,0,0,0,2,0,2,0,0,0,0,0,0,0,0,0
2020-01-04 10:15:00,157,1358,470,336,3218,74,344,941,232,323,751,318,1248,228,0,0,0,0,0,0,0,0,0,0,0,0,0,0,0,0,0,0,0,0,0,0,2,0,0,0,0,0,0,0,0,0
2020-01-04 10:25:00,157,1358,470,336,3220,74,344,941,232,323,751,318,1248,228,0,0,0,0,0,0,0,0,0,0,0,0,0,0,0,0,0,0,0,0,0,0,0,0,0,0,0,0,0,0,0,0
2020-01-04 10:35:00,157,1358,470,336,3220,74,344,941,232,323,751,318,1248,228,0,0,0,0,0,0,0,0,0,0,0,0,0,0,0,0,0,0,0,0,0,0,0,0,0,0,0,0,0,0,0,0
2020-01-04 10:45:00,157,1358,470,336,3220,74,344,941,232,323,751,318,1248,228,0,0,0,0,0,0,0,0,0,0,0,0,0,0,0,0,0,0,0,0,0,0,0,0,0,0,0,0,0,0,0,0
2020-01-04 10:55:00,157,1358,470,336,3220,74,344,941,232,323,751,318,1248,228,0,0,0,0,0,0,0,0,0,0,0,0,0,0,0,0,0,0,0,0,0,0,0,0,0,0,0,0,0,0,0,0
2020-01-04 11:05:00,157,1358,470,336,3220,74,344,941,232,323,751,318,1248,228,0,0,0,0,0,0,0,0,0,0,0,0,0,0,0,0,0,0,0,0,0,0,0,0,0,0,0,0,0,0,0,0
2020-01-04 11:15:00,157,1358,470,336,3220,74,344,941,232,323,751,318,1248,228,0,0,0,0,0,0,0,0,0,0,0,0,0,0,0,0,0,0,0,0,0,0,0,0,0,0,0,0,0,0,0,0
2020-01-04 11:25:00,157,1358,470,336,3220,74,344,941,232,323,751,318,1248,228,0,0,0,0,0,0,0,0,0,0,0,0,0,0,0,0,0,0,0,0,0,0,0,0,0,0,0,0,0,0,0,0
2020-01-04 11:35:00,157,1358,470,336,3220,74,344,941,232,323,751,318,1248,228,0,0,0,0,0,0,0,0,0,0,0,0,0,0,0,0,0,0,0,0,0,0,0,0,0,0,0,0,0,0,0,0
2020-01-04 11:45:00,157,1358,470,336,3220,74,344,941,232,323,751,318,1248,228,0,0,0,0,0,0,0,0,0,0,0,0,0,0,0,0,0,0,0,0,0,0,0,0,0,0,0,0,0,0,0,0
2020-01-04 11:55:00,157,1358,470,336,3220,74,344,941,232,323,751,318,1248,228,0,0,0,0,0,0,0,0,0,0,0,0,0,0,0,0,0,0,0,0,0,0,0,0,0,0,0,0,0,0,0,0
2020-01-04 12:05:00,157,1358,470,336,3220,74,344,941,232,323,751,318,1248,228,0,0,0,0,0,0,0,0,0,0,0,0,0,0,0,0,0,0,0,0,0,0,0,0,0,0,0,0,0,0,0,0
2020-01-04 12:15:00,157,1358,470,336,3220,74,344,941,232,323,751,318,1248,228,0,0,0,0,0,0,0,0,0,0,0,0,0,0,0,0,0,0,0,0,0,0,0,0,0,0,0,0,0,0,0,0
2020-01-04 12:25:00,157,1358,470,336,3220,74,344,941,232,323,751,318,1248,228,0,0,0,0,0,0,0,0,0,0,0,0,0,0,0,0,0,0,0,0,0,0,0,0,0,0,0,0,0,0,0,0
2020-01-04 12:35:00,157,1358,470,336,3220,74,344,941,232,323,751,318,1248,228,0,0,0,0,0,0,0,0,0,0,0,0,0,0,0,0,0,0,0,0,0,0,0,0,0,0,0,0,0,0,0,0
2020-01-04 12:45:00,157,1358,470,336,3220,74,344,941,232,323,751,318,1248,228,0,0,0,0,0,0,0,0,0,0,0,0,0,0,0,0,0,0,0,0,0,0,0,0,0,0,0,0,0,0,0,0
2020-01-04 12:55:00,157,1358,470,336,3220,74,344,941,232,323,751,318,1248,228,0,0,0,0,0,0,0,0,0,0,0,0,0,0,0,0,0,0,0,0,0,0,0,0,0,0,0,0,0,0,0,0
2020-01-04 13:05:00,157,1358,470,336,3220,74,344,941,232,323,751,318,1248,228,0,0,0,0,0,0,0,0,0,0,0,0,0,0,0,0,0,0,0,0,0,0,0,0,0,0,0,0,0,0,0,0
2020-01-04 13:15:00,157,1358,470,336,3220,74,344,941,232,323,751,318,1248,228,0,0,0,0,0,0,0,0,0,0,0,0,0,0,0,0,0,0,0,0,0,0,0,0,0,0,0,0,0,0,0,0
2020-01-04 13:25:00,171,1341,428,268,3220,55,274,911,200,295,731,277,1241,179,0,0,9,51,0,0,5,7,17,37,12,9,4,32,17,9,9,3,8,70,0,6,1,0,8,35,0,0,6,42,1,11
2020-01-04 13:35:00,160,1362,423,280,3220,51,254,923,190,385,724,314,1240,183,0,0,28,68,0,0,14,11,8,16,6,2,5,42,6,6,14,4,13,28,0,0,0,0,4,1,1,1,2,11,0,0
2020-01-04 13:45:00,239,1329,362,191,3221,35,182,908,156,352,706,266,1231,108,0,0,59,104,0,0,29,32,27,64,21,19,11,41,37,18,22,11,23,85,1,2,1,1,7,25,0,3,6,63,1,1
2020-01-04 13:55:00,226,1339,336,187,3220,31,149,913,135,371,696,279,1228,95,0,0,93,145,0,0,46,47,29,40,19,23,16,42,26,19,25,21,18,56,3,2,2,2,24,44,3,5,10,32,1,2
2020-01-04 14:05:00,265,1341,324,192,3224,36,126,897,124,429,701,288,1232,97,0,0,114,106,0,0,56,43,27,29,21,28,19,42,34,18,16,19,25,41,3,2,0,1,18,18,2,2,16,22,2,0
2020-01-04 14:15:00,284,1357,335,215,3220,47,141,910,133,402,713,287,1240,113,0,0,106,84,0,0,59,51,23,25,14,22,22,11,23,15,8,17,34,10,4,0,0,2,19,18,2,1,25,5,3,0
2020-01-04 14:25:00,259,1364,358,261,3218,54,172,901,146,388,724,285,1251,136,0,0,90,54,0,0,57,49,22,12,10,12,21,3,22,21,0,17,32,3,1,0,0,1,18,7,0,0,26,2,3,0
2020-01-04 14:35:00,228,1369,384,291,3217,64,204,901,160,361,738,288,1255,161,0,0,75,25,0,0,46,41,20,8,1,6,22,0,13,23,0,13,35,0,3,0,1,0,17,3,0,0,25,0,2,0
2020-01-04 14:45:00,203,1372,409,325,3218,70,239,905,173,347,750,297,1262,180,0,0,44,7,0,0,24,29,19,7,0,3,25,0,1,25,0,8,21,0,2,0,0,0,14,1,0,0,19,0,1,0
2020-01-04 14:55:00,190,1364,428,347,3219,74,260,916,191,342,757,307,1265,200,0,0,19,0,0,0,7,15,15,2,0,0,21,0,0,21,0,4,11,0,2,0,0,0,6,0,0,0,17,0,0,0
2020-01-04 15:05:00,175,1360,445,353,3220,76,271,919,205,339,760,300,1266,214,0,0,6,0,0,0,4,5,10,1,0,0,25,0,0,10,0,1,12,0,1,0,1,0,5,0,0,0,16,0,0,0
2020-01-04 15:15:00,170,1360,461,357,3222,76,283,919,221,336,761,302,1265,224,0,0,1,0,0,0,3,0,2,0,0,0,19,0,0,1,0,0,5,0,0,0,1,0,4,0,0,0,7,0,0,0
2020-01-04 15:25:00,166,1362,468,357,3223,76,288,915,235,335,761,303,1265,226,0,0,0,0,0,0,0,0,1,0,0,0,10,0,0,1,0,0,1,0,0,0,0,0,2,0,0,0,5,0,0,0
2020-01-04 15:35:00,166,1361,473,356,3223,76,289,916,243,332,761,303,1265,227,0,0,0,0,0,0,0,0,1,0,0,0,2,0,0,1,0,0,2,0,0,0,0,0,0,0,0,0,3,0,0,0
2020-01-04 15:45:00,166,1361,476,356,3223,76,291,916,245,332,761,302,1265,228,0,0,0,0,0,0,0,0,0,0,0,0,1,0,0,0,0,0,0,0,0,0,0,0,0,0,0,0,1,0,0,0
2020-01-04 15:55:00,166,1360,477,356,3223,76,291,916,246,332,761,302,1265,228,0,0,0,0,0,0,0,1,0,0,0,0,0,0,0,0,0,0,0,0,0,0,0,0,0,0,0,0,0,0,0,0
2020-01-04 16:05:00,170,1334,469,354,3148,79,291,897,242,328,746,298,1249,228,0,0,0,1,0,0,2,17,1,0,0,6,2,4,11,13,9,0,0,0,0,21,4,30,0,1,33,0,1,8,1,2
2020-01-04 16:15:00,183,1309,465,353,3075,112,289,886,239,326,731,331,1258,234,0,0,2,2,0,0,4,37,0,1,0,8,2,8,15,19,22,0,0,2,0,20,0,12,0,7,42,0,0,5,0,1
