,Town,Woodlands,Paya Lebar,Jurong,Tiong Bahru,Toa Payoh,Buona,CCK,Tampines,Tuas,Punggol,Serangoon,CBD,Bishan,Bishan->Serangoon,Serangoon->Bishan,Bishan->Woodlands,Woodlands->Bishan,Bishan->Toa Payoh,Toa Payoh->Bishan,Bishan->Buona,Buona->Bishan,Woodlands->CCK,CCK->Woodlands,CCK->Jurong,Jurong->CCK,Jurong->Tuas,Tuas->Jurong,Jurong->Buona,Buona->Jurong,Tiong Bahru->Serangoon,Serangoon->Tiong Bahru,Serangoon->Punggol,Punggol->Serangoon,Toa Payoh->Town,Town->Toa Payoh,Town->CBD,CBD->Town,Serangoon->Paya Lebar,Paya Lebar->Serangoon,CBD->Paya Lebar,Paya Lebar->CBD,Paya Lebar->Tampines,Tampines->Paya Lebar,Buona->Tiong Bahru,Tiong Bahru->Buona
2020-01-01 05:05:00,136,1546,737,608,393,475,455,1104,1079,705,1072,1009,8,673,0,0,0,0,0,0,0,0,0,0,0,0,0,0,0,0,0,0,0,0,0,0,0,0,0,0,0,0,0,0,0,0
2020-01-01 05:10:00,136,1546,737,608,393,475,455,1104,1079,705,1072,1009,8,673,0,0,0,0,0,0,0,0,0,0,0,0,0,0,0,0,0,0,0,0,0,0,0,0,0,0,0,0,0,0,0,0
2020-01-01 05:15:00,136,1546,737,608,393,475,455,1104,1079,705,1072,1009,8,673,0,0,0,0,0,0,0,0,0,0,0,0,0,0,0,0,0,0,0,0,0,0,0,0,0,0,0,0,0,0,0,0
2020-01-01 05:20:00,136,1546,737,608,393,475,455,1104,1079,705,1072,1009,8,673,0,0,0,0,0,0,0,0,0,0,0,0,0,0,0,0,0,0,0,0,0,0,0,0,0,0,0,0,0,0,0,0
2020-01-01 05:25:00,136,1546,737,608,393,475,455,1104,1079,705,1072,1009,8,673,0,0,0,0,0,0,0,0,0,0,0,0,0,0,0,0,0,0,0,0,0,0,0,0,0,0,0,0,0,0,0,0
2020-01-01 05:30:00,136,1546,737,608,393,475,455,1104,1079,705,1072,1009,8,673,0,0,0,0,0,0,0,0,0,0,0,0,0,0,0,0,0,0,0,0,0,0,0,0,0,0,0,0,0,0,0,0
2020-01-01 05:35:00,136,1546,737,608,393,475,455,1104,1079,705,1072,1009,8,673,0,0,0,0,0,0,0,0,0,0,0,0,0,0,0,0,0,0,0,0,0,0,0,0,0,0,0,0,0,0,0,0
2020-01-01 05:40:00,136,1546,737,608,393,475,455,1104,1075,701,1072,1009,8,673,0,0,0,0,0,0,0,0,0,0,0,0,0,4,0,0,0,0,0,0,0,0,0,0,0,0,0,0,0,4,0,0
2020-01-01 05:45:00,136,1546,737,608,393,475,455,1104,1075,701,1072,1009,8,673,0,0,0,0,0,0,0,0,0,0,0,0,0,4,0,0,0,0,0,0,0,0,0,0,0,0,0,0,0,4,0,0
2020-01-01 05:50:00,136,1546,741,608,393,475,455,1104,1075,696,1068,1009,8,673,0,0,0,0,0,0,0,0,0,0,0,0,0,9,0,0,0,0,0,4,0,0,0,0,0,0,0,0,0,0,0,0
2020-01-01 05:55:00,135,1546,736,612,393,475,455,1104,1071,690,1068,1009,8,673,0,0,0,0,0,0,0,0,0,0,0,0,0,11,0,0,0,0,0,4,0,1,0,0,0,5,0,0,0,4,0,0
2020-01-01 06:00:00,135,1546,735,609,393,476,455,1099,1064,689,1068,1018,8,673,0,0,0,0,0,0,0,0,0,5,0,0,0,12,3,0,0,0,0,0,0,0,0,0,0,1,0,0,0,11,0,0
2020-01-01 06:05:00,135,1546,738,613,393,473,455,1099,1064,676,1065,1012,8,683,0,0,0,0,0,0,0,0,0,5,0,0,0,20,4,0,0,0,0,3,0,0,0,0,0,1,0,0,0,7,0,0
2020-01-01 06:10:00,135,1551,740,614,393,473,458,1088,1060,665,1053,1010,8,681,0,0,0,0,0,0,5,0,0,11,0,0,0,25,6,0,0,0,0,15,0,0,0,0,0,5,0,0,0,4,0,0
2020-01-01 06:15:00,135,1541,731,605,392,473,453,1077,1037,665,1053,1016,7,679,0,0,0,10,0,0,9,6,0,22,0,0,0,24,15,0,1,0,0,12,0,0,0,1,0,9,0,0,0,27,0,0
2020-01-01 06:20:00,136,1545,733,615,392,472,457,1077,1037,652,1048,1029,6,685,0,0,0,11,0,0,12,7,6,11,0,0,0,24,13,0,1,0,0,5,0,0,0,1,0,2,0,0,0,23,0,0
2020-01-01 06:25:00,135,1530,751,611,389,468,458,1055,1030,645,1028,1008,5,706,0,0,0,28,0,0,18,13,15,22,0,0,0,20,18,3,2,0,0,25,0,2,0,1,0,5,0,0,0,7,0,2
2020-01-01 06:30:00,127,1501,730,597,379,470,459,1044,1006,644,1020,1011,5,690,0,0,15,57,0,0,21,22,9,35,4,0,0,21,29,3,9,0,0,28,0,5,4,0,0,21,0,0,0,31,0,3
2020-01-01 06:35:00,125,1515,727,608,373,467,473,1044,1001,624,1017,1043,8,712,0,0,19,51,0,0,25,20,4,15,11,0,0,28,19,4,14,0,0,11,0,2,0,1,0,10,0,0,0,29,0,0
2020-01-01 06:40:00,125,1484,742,599,368,460,464,1019,1000,617,989,1038,6,732,0,0,24,86,0,0,31,36,12,17,17,7,0,28,18,13,16,0,0,31,0,1,0,0,0,9,2,0,0,6,0,3
2020-01-01 06:45:00,117,1447,712,591,356,453,460,998,967,617,972,1019,5,735,0,0,53,108,0,0,37,45,8,29,21,8,0,27,32,12,26,6,0,45,0,6,2,0,13,35,3,0,0,34,0,1
2020-01-01 06:50:00,115,1459,712,616,353,450,466,1000,964,595,969,1090,6,752,0,0,53,88,0,0,37,43,9,16,22,2,9,29,23,12,22,7,0,20,0,2,0,0,5,16,2,0,0,36,0,0
2020-01-01 06:55:00,115,1409,732,597,352,440,458,966,958,593,926,1091,5,761,0,0,61,124,0,0,39,59,37,25,23,16,14,24,24,24,16,7,21,46,0,0,0,0,6,8,2,0,11,9,0,1
2020-01-01 07:00:00,109,1374,694,589,334,431,440,958,937,593,914,1046,4,773,0,0,94,123,0,0,52,59,35,36,17,21,16,24,40,24,27,12,37,55,1,6,0,0,26,40,2,2,17,27,6,5
2020-01-01 07:05:00,109,1405,703,612,338,440,458,988,947,585,929,1118,3,779,0,0,89,93,0,0,52,53,19,16,15,8,23,19,28,18,23,11,25,18,0,0,1,1,17,16,1,2,14,22,1,1
2020-01-01 07:10:00,109,1372,716,585,336,441,447,960,948,590,923,1079,6,784,0,0,94,119,0,0,50,65,38,27,27,19,29,17,23,28,23,12,44,28,2,1,0,0,15,9,0,0,25,6,2,1
2020-01-01 07:15:00,106,1356,692,575,333,438,435,961,944,592,915,1029,4,791,0,0,130,100,0,0,54,59,36,31,23,24,35,17,29,31,25,18,56,39,3,3,2,1,30,25,1,2,30,17,5,3
2020-01-01 07:20:00,107,1405,705,603,342,443,455,990,961,591,945,1077,6,773,0,0,123,71,0,0,37,49,17,10,17,11,37,17,17,22,13,16,33,22,3,3,0,0,26,10,1,2,25,12,3,0
2020-01-01 07:25:00,109,1380,722,584,350,451,450,981,970,602,959,1082,7,732,0,0,114,81,0,0,36,47,44,22,18,22,37,17,11,31,6,17,49,12,1,1,0,0,13,10,1,0,24,4,3,0
2020-01-01 07:30:00,106,1380,700,583,352,448,435,983,974,608,962,1034,5,752,0,0,114,57,0,0,35,35,49,26,9,25,40,19,12,35,4,20,62,16,3,1,3,1,46,16,2,2,29,12,3,2
2020-01-01 07:35:00,109,1437,736,611,361,457,447,1034,979,592,995,1047,7,729,0,0,75,38,0,0,30,24,20,11,2,12,33,36,5,22,2,18,46,13,0,1,0,1,19,3,1,3,28,15,1,0
2020-01-01 07:40:00,107,1448,736,597,365,464,436,1016,987,518,1013,1037,7,696,0,0,56,32,0,0,27,18,35,27,14,17,35,121,6,23,1,18,48,11,1,2,1,0,18,6,2,2,32,16,4,0
2020-01-01 07:45:00,107,1455,735,592,373,465,441,1021,995,453,1030,1015,7,694,0,0,48,13,0,0,19,13,39,28,17,15,34,195,7,19,1,12,50,11,3,1,0,1,25,7,3,1,40,12,1,2
2020-01-01 07:50:00,111,1490,751,640,379,467,446,1049,1001,403,1053,1013,6,692,0,0,33,2,0,0,14,6,20,16,3,6,28,222,9,11,0,7,39,8,3,0,0,2,12,8,1,0,31,18,0,0
2020-01-01 07:55:00,116,1499,745,680,383,463,451,1011,980,364,1076,1018,4,686,0,0,27,0,0,0,6,3,13,64,0,3,20,189,54,12,0,3,25,4,3,0,0,2,6,10,0,1,23,55,1,0
2020-01-01 08:00:00,120,1519,756,628,387,467,455,911,959,343,1079,1016,4,684,0,0,15,1,0,0,7,3,7,164,0,0,11,144,181,9,0,0,15,13,0,1,0,0,6,6,0,1,15,73,0,0
2020-01-01 08:05:00,117,1555,786,548,385,466,497,788,941,333,1056,1005,5,688,0,0,8,23,0,0,16,7,4,239,0,0,8,98,278,6,2,0,8,45,0,3,0,0,3,13,0,0,7,62,0,0
2020-01-01 08:10:00,112,1541,760,485,370,467,580,683,877,333,1022,1023,5,683,0,0,3,149,0,0,29,58,6,235,0,0,3,51,263,2,17,0,3,72,0,5,0,0,1,57,0,0,8,97,0,0
2020-01-01 08:15:00,103,1393,744,408,318,466,587,615,801,329,1002,1087,5,702,0,0,0,408,0,0,39,196,24,176,1,0,2,25,229,0,69,0,2,62,0,9,0,0,0,46,0,0,5,147,0,0
2020-01-01 08:20:00,97,1143,763,350,263,457,538,568,741,311,909,1083,5,788,0,0,0,695,0,0,60,364,89,113,8,0,0,30,183,2,122,0,1,116,0,5,1,0,0,49,0,0,0,144,0,2
2020-01-01 08:25:00,89,907,759,313,217,442,498,547,669,289,749,1048,5,855,0,0,0,918,0,0,137,518,129,58,34,0,0,47,116,6,166,0,0,255,0,7,1,0,0,83,1,0,0,137,0,0
2020-01-01 08:30:00,79,713,698,301,199,414,423,569,598,255,584,1164,4,904,0,0,0,1110,0,0,230,618,106,17,71,0,0,76,69,14,168,1,0,326,0,10,0,1,6,124,2,2,0,143,0,1
2020-01-01 08:35:00,77,549,674,326,187,404,347,524,473,228,467,1310,3,1173,0,0,2,1118,0,0,336,599,90,4,148,3,1,83,48,22,126,23,0,282,2,2,1,0,63,93,2,12,0,196,0,2
2020-01-01 08:40:00,77,435,688,353,167,505,308,470,366,202,399,1268,6,1041,0,0,7,1203,0,0,475,610,76,1,204,5,3,87,67,22,79,91,1,185,38,2,0,0,181,54,1,77,0,232,0,14
2020-01-01 08:45:00,112,365,834,426,148,523,358,429,291,184,354,1041,14,1033,0,0,13,1126,0,0,573,559,60,2,186,6,17,71,104,36,38,190,4,113,131,0,3,1,229,27,1,194,7,182,1,14
2020-01-01 08:50:00,217,330,879,433,132,553,406,382,244,167,324,788,78,1033,0,0,16,1004,0,0,634,454,46,6,163,7,31,62,171,104,22,271,7,76,174,0,27,6,180,16,1,385,24,122,8,17
2020-01-01 08:55:00,313,311,787,423,146,601,428,341,223,157,308,603,196,726,0,0,18,1016,0,0,658,441,29,8,146,5,43,48,244,188,13,317,15,50,216,0,84,35,124,10,1,556,57,75,25,15
2020-01-01 09:00:00,432,307,642,458,222,544,417,308,223,163,302,461,479,836,0,0,15,943,0,0,714,186,17,7,120,2,47,38,252,209,7,294,15,29,249,0,132,58,105,17,2,562,75,45,49,17
2020-01-01 09:05:00,574,312,528,550,361,583,593,283,254,174,307,395,547,669,0,0,13,872,0,0,618,109,10,6,86,0,42,24,215,160,2,224,9,16,229,0,165,64,72,12,1,762,71,26,53,9
2020-01-01 09:10:00,692,314,437,637,491,532,636,260,285,186,308,348,807,642,0,0,11,695,0,0,639,62,5,5,62,0,39,14,159,128,1,160,13,9,254,0,175,20,56,8,0,784,72,13,36,5
2020-01-01 09:15:00,804,320,371,700,591,514,815,248,319,203,311,324,1144,738,0,0,7,413,0,0,530,15,1,5,40,0,27,7,99,96,0,104,9,5,225,0,162,21,36,1,0,703,64,6,18,4
2020-01-01 09:20:00,890,323,322,774,653,552,1069,238,354,212,318,319,1558,705,0,0,5,157,0,0,314,7,0,4,23,0,21,4,55,59,0,72,2,3,219,0,160,11,26,4,1,505,47,3,10,1
2020-01-01 09:25:00,973,330,292,807,691,561,1185,232,381,223,319,315,1933,563,0,0,1,25,0,0,198,3,0,2,15,0,12,2,29,67,0,50,3,1,237,0,147,12,27,2,1,310,43,2,5,1
2020-01-01 09:30:00,1081,332,288,843,713,472,1270,229,400,229,320,339,2277,369,0,0,0,6,0,0,113,2,0,1,8,0,7,1,13,66,0,36,3,0,243,0,141,15,25,0,0,118,37,1,1,1
2020-01-01 09:35:00,1200,333,292,882,726,361,1329,228,424,233,322,332,2480,264,0,0,0,2,0,0,44,1,0,0,4,0,4,0,7,48,0,27,4,0,199,0,139,4,23,0,0,61,26,0,1,0
2020-01-01 09:40:00,1263,333,298,913,740,263,1343,227,437,235,323,327,2670,208,0,0,0,0,0,0,26,0,0,0,2,0,3,0,3,27,0,15,6,0,143,0,140,1,15,0,0,16,23,0,0,0
2020-01-01 09:45:00,1285,333,308,933,747,186,1360,227,450,236,326,324,2818,180,0,0,0,0,0,0,9,0,0,0,1,0,2,0,0,11,0,10,4,0,94,0,122,1,11,0,0,7,15,0,0,0
2020-01-01 09:50:00,1283,333,314,942,751,138,1368,227,460,237,329,321,2947,167,0,0,0,0,0,0,1,0,0,0,0,0,1,0,0,4,0,6,2,0,56,0,97,0,6,0,0,0,10,0,0,0
2020-01-01 09:55:00,1272,333,316,945,754,111,1368,227,465,238,330,319,3044,162,0,0,0,0,0,0,1,0,0,0,0,0,0,0,0,1,0,3,2,0,32,0,67,0,1,0,0,0,9,0,0,0
2020-01-01 10:00:00,1261,333,317,946,755,95,1368,227,470,238,331,319,3111,160,0,0,0,0,0,0,1,0,0,0,0,0,0,0,0,0,0,2,1,0,18,0,43,0,0,0,0,0,4,0,0,0
2020-01-01 10:05:00,1258,333,317,946,757,85,1368,227,474,238,332,319,3154,160,0,0,0,0,0,0,1,0,0,0,0,0,0,0,0,0,0,0,0,0,10,0,21,0,0,0,0,0,0,0,0,0
2020-01-01 10:10:00,1255,333,317,946,757,80,1369,227,474,238,332,319,3175,160,0,0,0,0,0,0,0,0,0,0,0,0,0,0,0,0,0,0,0,0,5,0,13,0,0,0,0,0,0,0,0,0
2020-01-01 10:15:00,1252,333,317,946,757,77,1369,227,474,238,332,319,3188,160,0,0,0,0,0,0,0,0,0,0,0,0,0,0,0,0,0,0,0,0,3,0,8,0,0,0,0,0,0,0,0,0
2020-01-01 10:20:00,1251,333,317,946,757,76,1369,227,474,238,332,319,3196,160,0,0,0,0,0,0,0,0,0,0,0,0,0,0,0,0,0,0,0,0,1,0,4,0,0,0,0,0,0,0,0,0
2020-01-01 10:25:00,1250,333,317,946,757,75,1369,227,474,238,332,319,3200,160,0,0,0,0,0,0,0,0,0,0,0,0,0,0,0,0,0,0,0,0,1,0,2,0,0,0,0,0,0,0,0,0
2020-01-01 10:30:00,1249,333,317,946,757,75,1369,227,474,238,332,319,3202,160,0,0,0,0,0,0,0,0,0,0,0,0,0,0,0,0,0,0,0,0,0,0,2,0,0,0,0,0,0,0,0,0
2020-01-01 10:35:00,1248,333,317,946,757,75,1369,227,474,238,332,319,3204,160,0,0,0,0,0,0,0,0,0,0,0,0,0,0,0,0,0,0,0,0,0,0,1,0,0,0,0,0,0,0,0,0
2020-01-01 10:40:00,1248,333,317,946,757,75,1369,227,474,238,332,319,3205,160,0,0,0,0,0,0,0,0,0,0,0,0,0,0,0,0,0,0,0,0,0,0,0,0,0,0,0,0,0,0,0,0
2020-01-01 10:45:00,1248,333,317,946,757,75,1369,227,474,238,332,319,3205,160,0,0,0,0,0,0,0,0,0,0,0,0,0,0,0,0,0,0,0,0,0,0,0,0,0,0,0,0,0,0,0,0
2020-01-01 10:50:00,1248,333,317,946,757,75,1369,227,474,238,332,319,3205,160,0,0,0,0,0,0,0,0,0,0,0,0,0,0,0,0,0,0,0,0,0,0,0,0,0,0,0,0,0,0,0,0
2020-01-01 10:55:00,1248,333,317,946,757,75,1369,227,474,238,332,319,3205,160,0,0,0,0,0,0,0,0,0,0,0,0,0,0,0,0,0,0,0,0,0,0,0,0,0,0,0,0,0,0,0,0
2020-01-01 11:00:00,1248,333,317,946,757,75,1369,227,474,238,332,319,3205,160,0,0,0,0,0,0,0,0,0,0,0,0,0,0,0,0,0,0,0,0,0,0,0,0,0,0,0,0,0,0,0,0
2020-01-01 11:05:00,1248,333,317,946,757,75,1369,227,474,238,332,319,3205,160,0,0,0,0,0,0,0,0,0,0,0,0,0,0,0,0,0,0,0,0,0,0,0,0,0,0,0,0,0,0,0,0
2020-01-01 11:10:00,1248,333,317,946,757,75,1369,227,474,238,332,319,3205,160,0,0,0,0,0,0,0,0,0,0,0,0,0,0,0,0,0,0,0,0,0,0,0,0,0,0,0,0,0,0,0,0
2020-01-01 11:15:00,1248,333,317,946,757,75,1369,227,474,238,332,319,3205,160,0,0,0,0,0,0,0,0,0,0,0,0,0,0,0,0,0,0,0,0,0,0,0,0,0,0,0,0,0,0,0,0
2020-01-01 11:20:00,1248,333,317,946,757,75,1369,227,474,238,332,319,3205,160,0,0,0,0,0,0,0,0,0,0,0,0,0,0,0,0,0,0,0,0,0,0,0,0,0,0,0,0,0,0,0,0
2020-01-01 11:25:00,1248,333,317,946,757,75,1369,227,474,238,332,319,3205,160,0,0,0,0,0,0,0,0,0,0,0,0,0,0,0,0,0,0,0,0,0,0,0,0,0,0,0,0,0,0,0,0
2020-01-01 11:30:00,1248,333,317,946,757,75,1369,227,474,238,332,319,3205,160,0,0,0,0,0,0,0,0,0,0,0,0,0,0,0,0,0,0,0,0,0,0,0,0,0,0,0,0,0,0,0,0
2020-01-01 11:35:00,1248,333,317,946,757,75,1369,227,474,238,332,319,3205,160,0,0,0,0,0,0,0,0,0,0,0,0,0,0,0,0,0,0,0,0,0,0,0,0,0,0,0,0,0,0,0,0
2020-01-01 11:40:00,1248,333,317,946,757,75,1369,227,474,238,332,319,3205,160,0,0,0,0,0,0,0,0,0,0,0,0,0,0,0,0,0,0,0,0,0,0,0,0,0,0,0,0,0,0,0,0
2020-01-01 11:45:00,1248,333,317,946,757,75,1369,227,474,238,332,319,3205,160,0,0,0,0,0,0,0,0,0,0,0,0,0,0,0,0,0,0,0,0,0,0,0,0,0,0,0,0,0,0,0,0
2020-01-01 11:50:00,1248,333,317,946,757,75,1369,227,474,238,332,319,3205,160,0,0,0,0,0,0,0,0,0,0,0,0,0,0,0,0,0,0,0,0,0,0,0,0,0,0,0,0,0,0,0,0
2020-01-01 11:55:00,1248,333,317,946,757,75,1369,227,474,238,332,319,3205,160,0,0,0,0,0,0,0,0,0,0,0,0,0,0,0,0,0,0,0,0,0,0,0,0,0,0,0,0,0,0,0,0
2020-01-01 12:00:00,1248,333,317,946,757,75,1369,227,474,238,332,319,3205,160,0,0,0,0,0,0,0,0,0,0,0,0,0,0,0,0,0,0,0,0,0,0,0,0,0,0,0,0,0,0,0,0
2020-01-01 12:05:00,1248,333,317,946,757,75,1369,227,474,238,332,319,3205,160,0,0,0,0,0,0,0,0,0,0,0,0,0,0,0,0,0,0,0,0,0,0,0,0,0,0,0,0,0,0,0,0
2020-01-01 12:10:00,1248,333,317,946,757,75,1369,227,474,238,332,319,3205,160,0,0,0,0,0,0,0,0,0,0,0,0,0,0,0,0,0,0,0,0,0,0,0,0,0,0,0,0,0,0,0,0
2020-01-01 12:15:00,1248,333,317,946,757,75,1369,227,474,238,332,319,3205,160,0,0,0,0,0,0,0,0,0,0,0,0,0,0,0,0,0,0,0,0,0,0,0,0,0,0,0,0,0,0,0,0
2020-01-01 12:20:00,1248,333,317,946,757,75,1369,227,474,238,332,319,3205,160,0,0,0,0,0,0,0,0,0,0,0,0,0,0,0,0,0,0,0,0,0,0,0,0,0,0,0,0,0,0,0,0
2020-01-01 12:25:00,1248,333,317,946,757,75,1369,227,474,238,332,319,3205,160,0,0,0,0,0,0,0,0,0,0,0,0,0,0,0,0,0,0,0,0,0,0,0,0,0,0,0,0,0,0,0,0
2020-01-01 12:30:00,1248,333,317,946,757,75,1369,227,474,238,332,319,3205,160,0,0,0,0,0,0,0,0,0,0,0,0,0,0,0,0,0,0,0,0,0,0,0,0,0,0,0,0,0,0,0,0
2020-01-01 12:35:00,1248,333,317,946,757,75,1369,227,474,238,332,319,3205,160,0,0,0,0,0,0,0,0,0,0,0,0,0,0,0,0,0,0,0,0,0,0,0,0,0,0,0,0,0,0,0,0
2020-01-01 12:40:00,1248,333,317,946,757,75,1369,227,474,238,332,319,3205,160,0,0,0,0,0,0,0,0,0,0,0,0,0,0,0,0,0,0,0,0,0,0,0,0,0,0,0,0,0,0,0,0
2020-01-01 12:45:00,1248,333,317,946,757,75,1369,227,474,238,332,319,3205,160,0,0,0,0,0,0,0,0,0,0,0,0,0,0,0,0,0,0,0,0,0,0,0,0,0,0,0,0,0,0,0,0
2020-01-01 12:50:00,1248,333,317,946,757,75,1369,227,474,238,332,319,3205,160,0,0,0,0,0,0,0,0,0,0,0,0,0,0,0,0,0,0,0,0,0,0,0,0,0,0,0,0,0,0,0,0
2020-01-01 12:55:00,1248,333,317,946,757,75,1369,227,474,238,332,319,3205,160,0,0,0,0,0,0,0,0,0,0,0,0,0,0,0,0,0,0,0,0,0,0,0,0,0,0,0,0,0,0,0,0
2020-01-01 13:00:00,1248,333,317,946,757,75,1369,227,474,238,332,319,3205,160,0,0,0,0,0,0,0,0,0,0,0,0,0,0,0,0,0,0,0,0,0,0,0,0,0,0,0,0,0,0,0,0
2020-01-01 13:05:00,1248,333,317,946,757,75,1369,227,474,238,332,319,3205,160,0,0,0,0,0,0,0,0,0,0,0,0,0,0,0,0,0,0,0,0,0,0,0,0,0,0,0,0,0,0,0,0
2020-01-01 13:10:00,1248,333,317,946,757,75,1369,227,474,238,332,319,3205,160,0,0,0,0,0,0,0,0,0,0,0,0,0,0,0,0,0,0,0,0,0,0,0,0,0,0,0,0,0,0,0,0
2020-01-01 13:15:00,1248,333,317,946,757,75,1369,227,474,238,332,319,3205,160,0,0,0,0,0,0,0,0,0,0,0,0,0,0,0,0,0,0,0,0,0,0,0,0,0,0,0,0,0,0,0,0
2020-01-01 13:20:00,1248,333,317,946,757,75,1369,227,474,238,332,319,3205,160,0,0,0,0,0,0,0,0,0,0,0,0,0,0,0,0,0,0,0,0,0,0,0,0,0,0,0,0,0,0,0,0
2020-01-01 13:25:00,1240,263,277,917,738,54,1352,170,433,204,257,292,3205,178,0,0,6,46,0,0,7,7,24,43,14,10,3,34,16,9,10,3,8,75,0,7,1,0,6,35,0,1,4,41,1,9
2020-01-01 13:30:00,1239,245,273,907,729,53,1357,155,421,192,239,319,3206,164,0,0,21,59,0,0,11,9,29,55,17,11,5,46,23,10,15,3,14,93,1,1,0,0,4,8,0,1,6,53,1,5
2020-01-01 13:35:00,1240,286,313,929,729,51,1373,188,424,191,244,385,3206,163,0,0,30,61,0,0,14,9,5,13,3,1,5,47,8,6,15,5,11,21,0,0,0,0,2,2,1,0,5,13,0,1
2020-01-01 13:40:00,1232,217,277,933,712,35,1349,133,378,164,189,340,3205,193,0,0,42,115,0,0,23,28,27,45,17,11,8,43,18,18,25,7,19,64,0,7,1,1,14,45,1,1,7,49,0,7
2020-01-01 13:45:00,1230,188,270,919,708,36,1343,104,365,155,171,356,3206,237,0,0,63,99,0,0,25,32,33,65,25,19,10,42,36,22,20,9,19,84,2,2,1,0,9,21,0,2,5,64,1,2
2020-01-01 13:50:00,1232,230,309,928,708,39,1355,136,363,152,181,416,3207,224,0,0,73,100,0,0,31,33,9,24,11,19,13,44,27,16,16,11,15,27,0,0,0,0,7,11,1,3,6,22,1,0
2020-01-01 13:55:00,1227,189,279,930,700,35,1347,98,336,136,137,366,3205,232,0,0,87,145,0,0,42,44,27,35,23,28,11,36,32,24,24,18,20,53,3,1,4,0,23,42,4,7,11,34,2,3
2020-01-01 14:00:00,1228,158,271,906,699,33,1342,81,326,127,123,357,3209,287,0,0,114,123,0,0,45,42,38,50,33,34,18,38,41,22,18,20,23,73,4,2,0,2,14,32,3,5,12,43,3,1
2020-01-01 14:05:00,1233,191,286,913,704,37,1354,103,325,124,121,410,3210,271,0,0,116,107,0,0,56,40,26,31,19,29,21,41,32,16,14,20,29,36,3,1,0,2,15,19,2,0,17,22,2,2
2020-01-01 14:10:00,1236,200,282,922,707,45,1361,114,327,125,127,403,3206,253,0,0,114,113,0,0,60,51,26,26,13,25,26,22,24,18,14,23,35,19,0,2,0,3,18,25,3,0,20,11,1,0
2020-01-01 14:15:00,1239,208,281,917,717,52,1367,119,336,134,140,392,3204,283,0,0,117,82,0,0,59,54,26,26,13,23,25,11,24,15,6,18,39,10,1,0,0,1,15,18,2,2,17,6,1,0
2020-01-01 14:20:00,1241,239,279,909,721,55,1366,134,344,139,157,394,3203,280,0,0,98,62,0,0,61,47,21,20,11,19,26,6,27,17,3,19,37,5,3,0,0,1,17,13,1,2,17,3,3,0
2020-01-01 14:25:00,1245,263,281,907,729,60,1381,147,351,148,176,380,3204,256,0,0,88,54,0,0,55,47,21,13,8,13,23,3,21,18,2,18,27,3,2,0,0,1,24,8,0,0,19,2,2,0
2020-01-01 14:30:00,1248,277,292,909,736,61,1383,158,360,158,193,367,3203,245,0,0,86,38,0,0,50,42,24,10,6,8,18,1,14,22,1,15,27,1,2,0,0,1,17,3,0,0,21,1,2,0
2020-01-01 14:35:00,1251,300,295,907,742,66,1385,169,370,165,203,360,3202,234,0,0,68,24,0,0,44,38,19,9,3,6,18,0,11,23,1,15,27,0,2,0,0,1,16,3,0,0,23,0,0,0
2020-01-01 14:40:00,1254,312,296,914,747,73,1386,181,381,171,220,351,3202,220,0,0,55,12,0,0,36,33,19,9,0,3,20,0,6,19,0,10,22,0,3,0,0,0,14,1,0,0,26,0,4,0
2020-01-01 14:45:00,1256,327,299,914,755,78,1391,188,393,176,230,350,3202,205,0,0,41,6,0,0,23,29,21,6,0,1,23,0,2,19,0,7,20,0,1,0,1,0,11,1,0,0,24,0,0,0
2020-01-01 14:50:00,1257,346,301,916,757,78,1384,201,407,183,242,348,3203,195,0,0,23,2,0,0,17,24,15,2,0,0,23,0,2,22,0,5,12,0,3,0,0,0,13,0,0,0,19,0,0,0
2020-01-01 14:55:00,1260,345,306,919,761,77,1384,210,417,191,250,343,3203,192,0,0,18,0,0,0,11,15,17,0,0,0,22,0,0,20,0,2,10,0,1,0,0,0,9,0,0,0,17,0,0,0
2020-01-01 15:00:00,1260,347,306,923,761,81,1381,216,426,199,254,340,3203,180,0,0,13,0,0,0,5,11,16,0,0,0,22,0,0,16,0,2,12,0,1,0,1,0,7,0,0,0,17,0,0,0
2020-01-01 15:05:00,1260,350,304,925,762,82,1378,227,434,206,260,335,3204,175,0,0,9,0,0,0,4,6,7,0,0,0,21,0,0,12,0,1,15,0,2,0,1,0,2,0,0,0,18,0,0,0
2020-01-01 15:10:00,1262,350,302,928,762,80,1377,232,443,213,266,333,3205,173,0,0,6,0,0,0,2,3,5,0,0,0,19,0,0,7,0,1,12,0,2,0,0,0,4,0,0,0,13,0,0,0
2020-01-01 15:15:00,1263,353,304,926,763,79,1376,234,452,221,275,334,3205,168,0,0,3,0,0,0,1,2,3,0,0,0,17,0,0,5,0,0,5,0,1,0,1,0,3,0,0,0,6,0,0,0
2020-01-01 15:20:00,1263,355,304,925,763,80,1375,237,456,227,278,331,3206,166,0,0,1,0,0,0,1,1,0,0,0,0,15,0,0,3,0,0,4,0,0,0,1,0,3,0,0,0,5,0,0,0
2020-01-01 15:25:00,1263,355,305,925,763,80,1375,237,458,232,280,329,3207,165,0,0,0,0,0,0,1,1,1,0,0,0,12,0,0,1,0,0,3,0,0,0,0,0,2,0,0,0,5,0,0,0
2020-01-01 15:30:00,1263,354,305,925,763,80,1376,237,461,238,282,329,3207,165,0,0,0,0,0,0,0,0,2,0,0,0,7,0,0,0,0,0,1,0,0,0,0,0,1,0,0,0,4,0,0,0
2020-01-01 15:35:00,1263,354,305,924,763,80,1375,238,463,242,283,328,3207,164,0,0,0,0,0,0,0,0,1,0,0,0,4,0,0,1,0,0,1,0,0,0,0,0,1,0,0,0,3,0,0,0
2020-01-01 15:40:00,1263,354,306,924,763,80,1375,239,465,244,283,327,3207,164,0,0,0,0,0,0,0,0,0,0,0,0,2,0,0,1,0,0,1,0,0,0,0,0,1,0,0,0,1,0,0,0
2020-01-01 15:45:00,1263,354,307,925,763,80,1375,239,466,245,284,327,3207,164,0,0,0,0,0,0,0,0,0,0,0,0,1,0,0,0,0,0,0,0,0,0,0,0,0,0,0,0,0,0,0,0
2020-01-01 15:50:00,1263,354,306,924,763,80,1375,239,466,246,284,327,3207,164,0,0,0,0,0,0,0,0,0,0,0,0,1,0,0,0,0,0,0,0,0,0,0,0,0,0,0,0,1,0,0,0
2020-01-01 15:55:00,1263,354,306,924,763,80,1374,239,466,246,284,327,3207,164,0,0,0,0,0,0,0,1,0,0,0,0,1,0,0,0,0,0,0,0,0,0,0,0,0,0,0,0,1,0,0,0
2020-01-01 16:00:00,1258,353,304,922,755,80,1367,239,464,246,284,326,3186,165,0,0,0,0,0,0,0,5,1,0,0,0,2,0,1,3,4,0,0,0,0,4,1,11,0,2,10,0,0,3,0,4
2020-01-01 16:05:00,1241,353,302,906,746,84,1349,239,459,243,284,324,3127,167,0,0,0,0,0,0,2,16,1,0,0,4,2,4,12,13,11,0,0,0,0,22,6,32,0,1,38,0,1,8,1,2
2020-01-01 16:10:00,1247,352,314,893,733,104,1320,240,455,239,282,323,3076,169,0,0,1,1,0,0,3,35,0,0,0,9,2,8,22,22,20,0,0,2,0,23,3,27,0,1,58,0,1,9,1,5
2020-01-01 16:15:00,1254,352,339,897,731,115,1326,244,455,240,282,322,3057,182,0,0,2,1,0,0,4,36,0,0,0,8,2,8,13,20,23,0,0,2,0,19,1,12,0,6,40,0,2,5,0,0
2020-01-01 16:20:00,1243,352,358,906,731,117,1329,248,455,241,282,334,3054,196,0,0,5,1,0,0,8,36,0,1,0,6,3,4,4,11,19,0,0,0,0,23,0,1,0,10,13,0,7,1,1,0
2020-01-01 16:25:00,1227,352,346,908,732,123,1323,249,457,241,282,353,3052,213,0,0,11,1,0,0,6,30,0,3,0,11,4,0,3,6,12,1,2,0,0,17,0,0,0,19,5,0,9,0,2,0
2020-01-01 16:30:00,1218,354,333,900,734,120,1319,251,462,242,282,379,3051,232,0,0,17,0,0,0,13,15,0,3,0,16,3,0,4,4,3,2,6,0,0,9,0,0,3,12,3,0,8,0,2,0
2020-01-01 16:35:00,1213,357,330,898,736,117,1317,258,466,244,284,385,3050,226,0,0,25,0,0,0,15,17,0,2,0,13,1,0,3,1,0,6,13,0,0,5,0,0,4,4,2,0,8,0,0,0
2020-01-01 16:40:00,1211,360,331,896,736,109,1321,262,470,245,288,376,3050,223,0,0,32,0,0,0,18,14,1,5,0,6,1,0,1,2,0,11,14,0,2,2,0,0,4,2,1,0,6,0,0,0
2020-01-01 16:45:00,1212,366,332,894,737,101,1316,265,474,245,297,372,3050,215,0,0,38,0,0,0,23,12,2,6,0,2,2,0,1,4,0,11,11,0,1,1,0,0,4,0,0,0,6,0,0,0
2020-01-01 16:50:00,1213,374,334,896,738,99,1323,265,476,245,302,370,3050,207,0,0,37,0,0,0,19,10,4,4,0,1,2,0,0,2,0,11,8,0,0,0,0,0,4,0,0,0,6,0,0,0
2020-01-01 16:55:00,1212,384,335,897,741,95,1321,267,480,246,308,369,3045,201,0,0,34,0,0,0,20,7,4,2,0,0,2,0,0,4,1,7,3,0,0,0,1,2,4,0,3,0,5,0,0,0
2020-01-01 17:00:00,1194,392,332,880,731,95,1299,269,477,246,310,366,2982,195,0,0,29,0,0,0,14,23,5,1,0,4,2,1,12,16,11,3,4,0,0,18,2,39,0,3,28,0,7,5,0,5
2020-01-01 17:05:00,1148,399,323,829,685,113,1208,270,458,240,307,355,2748,195,0,0,21,0,0,0,9,76,9,1,0,18,7,7,48,54,40,3,7,4,0,67,18,140,8,7,121,0,9,27,3,18
2020-01-01 17:10:00,1175,399,345,783,637,171,1145,278,442,232,305,346,2546,210,0,0,18,2,0,0,8,121,10,0,0,30,11,16,73,89,78,3,5,9,0,87,26,118,4,16,198,0,5,42,3,14
2020-01-01 17:15:00,1180,399,448,800,617,222,1142,296,441,232,309,355,2463,244,0,0,18,4,0,0,9,143,9,1,0,28,10,16,51,77,93,4,2,5,0,108,5,53,2,9,158,1,9,26,4,7
2020-01-01 17:20:00,1126,403,511,828,619,268,1151,311,437,236,310,375,2436,304,0,0,22,4,0,0,18,147,5,6,1,28,11,11,17,44,84,3,3,0,0,105,2,7,2,45,81,1,25,10,1,2
2020-01-01 17:25:00,1059,405,492,836,619,295,1133,317,446,241,311,448,2427,394,0,0,38,4,0,0,31,112,4,14,2,39,11,2,6,23,56,5,5,0,0,74,0,1,6,56,36,1,42,4,4,1
2020-01-01 17:30:00,1019,411,460,819,624,286,1115,324,462,241,313,528,2420,462,0,0,74,2,0,0,42,84,5,18,2,46,16,1,8,15,18,13,11,0,0,41,0,0,8,41,18,1,52,0,0,0
2020-01-01 17:35:00,998,425,434,808,625,252,1109,338,488,247,316,558,2417,475,0,0,107,0,0,0,67,71,3,21,1,41,12,0,7,9,2,16,35,0,2,21,0,1,12,24,10,0,47,0,1,0
2020-01-01 17:40:00,992,441,423,799,626,225,1113,352,514,252,324,537,2415,458,0,0,145,0,0,0,85,55,3,23,0,27,13,0,3,8,1,25,59,0,0,9,0,0,16,13,5,0,38,0,1,0
2020-01-01 17:45:00,986,470,423,796,630,197,1117,358,535,257,351,524,2414,430,0,0,170,0,0,0,99,38,5,24,0,12,9,0,3,11,0,29,47,0,3,6,0,0,16,2,3,0,34,0,1,0
2020-01-01 17:50:00,987,512,430,798,640,184,1121,359,552,259,383,507,2413,400,0,0,158,0,0,0,110,21,11,23,0,4,9,0,2,15,0,23,29,0,2,2,0,1,16,1,1,0,27,0,0,0
2020-01-01 17:55:00,984,555,431,799,641,178,1140,359,568,265,397,505,2406,363,0,0,144,0,0,0,93,14,17,16,0,3,5,0,1,19,2,22,23,1,2,4,2,4,6,1,3,0,25,1,0,1
2020-01-01 18:00:00,937,595,421,771,628,175,1114,366,566,262,408,494,2264,341,0,0,116,2,0,0,71,33,24,8,0,9,9,4,26,39,17,14,19,4,2,46,7,89,8,3,58,0,28,13,2,7
2020-01-01 18:05:00,865,628,400,661,543,223,933,377,539,246,408,477,1808,323,0,0,83,5,0,0,54,134,30,2,0,35,21,22,103,128,83,9,17,12,0,132,31,267,10,22,251,0,24,54,12,28
2020-01-01 18:10:00,893,637,441,552,438,332,778,398,503,235,410,469,1307,338,0,0,65,9,0,0,39,254,31,1,0,55,31,35,177,205,166,7,15,17,1,208,31,301,14,26,427,1,20,91,5,37
2020-01-01 18:15:00,852,649,635,556,377,467,746,437,487,230,413,486,1022,398,0,0,53,11,0,0,34,319,27,4,1,50,46,41,155,192,209,5,12,12,0,253,22,246,10,43,369,1,24,76,6,24
2020-01-01 18:20:00,861,662,788,585,363,583,740,469,481,240,420,539,903,520,0,0,55,10,0,0,45,361,17,14,1,67,51,27,88,151,211,7,10,5,0,226,11,78,7,101,202,1,50,42,4,4
2020-01-01 18:25:00,712,670,702,601,361,622,701,487,490,251,423,696,845,726,0,0,79,7,0,0,74,321,13,26,1,93,60,15,46,102,151,5,28,2,0,225,2,24,6,141,174,2,86,21,7,2
2020-01-01 18:30:00,588,687,716,595,367,653,662,522,525,271,429,886,826,893,0,0,135,3,0,0,116,255,10,29,2,97,62,5,25,59,70,20,65,1,0,148,0,2,12,100,65,2,86,6,5,0
2020-01-01 18:35:00,503,712,651,567,372,614,624,554,576,290,451,952,817,951,0,0,203,1,0,0,179,224,6,37,2,90,64,1,18,37,26,40,116,0,1,87,0,0,32,84,30,1,79,0,8,0
2020-01-01 18:40:00,460,743,614,538,383,546,613,581,611,311,494,956,812,961,0,0,293,0,0,0,230,186,7,47,1,69,64,0,12,25,9,54,151,0,2,44,0,1,33,49,15,0,84,0,1,0
2020-01-01 18:45:00,444,796,597,526,384,476,631,600,655,333,567,920,809,919,0,0,361,0,0,0,262,140,10,50,0,39,56,0,7,19,3,69,150,0,5,19,0,1,45,23,7,0,77,0,0,0
2020-01-01 18:50:00,440,870,606,519,400,428,657,610,695,354,645,902,807,848,0,0,387,0,0,0,268,91,21,47,0,18,44,0,4,30,1,66,106,0,1,10,0,1,40,11,3,0,67,0,3,0
2020-01-01 18:55:00,435,959,615,520,424,407,691,616,731,374,717,882,801,763,0,0,361,0,0,0,253,63,33,33,0,10,27,1,2,51,0,49,74,0,1,6,1,2,29,1,5,0,62,1,0,0
2020-01-01 19:00:00,417,1059,612,518,434,386,695,629,756,386,749,865,762,697,0,0,306,2,0,0,214,53,48,20,0,12,21,3,7,77,4,34,60,2,3,16,5,27,29,3,17,0,62,6,1,3
2020-01-01 19:05:00,376,1135,614,487,410,389,649,647,771,392,787,851,586,645,0,0,235,5,0,0,164,73,67,12,0,22,22,6,44,123,35,21,39,4,3,55,16,106,23,11,88,0,51,22,5,9
2020-01-01 19:10:00,393,1191,623,479,388,435,591,684,784,391,803,848,404,610,0,0,166,6,0,0,115,113,79,5,0,24,34,10,67,157,62,10,32,6,1,73,19,116,20,12,157,0,41,34,4,13
2020-01-01 19:15:00,395,1219,705,504,380,478,588,732,792,396,820,844,290,617,0,0,127,7,0,0,67,141,72,4,0,19,49,11,51,150,72,9,24,6,1,104,11,69,11,12,146,0,38,30,3,6
2020-01-01 19:20:00,345,1247,751,533,374,535,549,777,805,404,833,850,223,651,0,0,86,5,0,0,49,160,59,9,1,24,67,10,33,134,78,8,17,2,1,113,7,40,13,39,102,0,43,20,2,1
2020-01-01 19:25:00,298,1253,767,555,374,576,521,808,820,420,844,922,191,716,0,0,73,3,0,0,37,150,58,12,3,36,79,5,15,103,50,9,11,0,1,86,2,16,11,51,61,0,48,10,4,1
2020-01-01 19:30:00,253,1261,744,575,380,576,492,847,843,443,850,979,181,787,0,0,74,2,0,0,50,125,49,11,2,38,86,2,5,65,23,13,25,0,0,60,2,2,13,53,33,0,49,5,2,0
2020-01-01 19:35:00,218,1271,725,572,385,560,473,889,866,471,855,1017,175,816,0,0,95,1,0,0,62,101,32,12,1,36,83,0,3,42,13,14,50,0,1,37,0,1,18,39,17,0,45,2,2,0
2020-01-01 19:40:00,201,1283,710,559,388,530,466,915,892,499,875,1035,171,829,0,0,124,1,0,0,76,74,20,18,1,29,83,0,3,25,3,20,58,0,1,19,0,0,17,21,11,0,43,0,0,0
2020-01-01 19:45:00,191,1304,703,551,391,502,463,936,911,529,905,1033,169,811,0,0,145,0,0,0,96,49,14,21,0,18,69,0,2,19,0,24,55,0,1,11,0,0,16,14,6,0,41,0,0,0
2020-01-01 19:50:00,187,1330,704,549,397,487,478,944,935,554,933,1026,168,772,0,0,158,0,0,0,103,30,14,20,0,12,52,0,0,15,0,23,51,0,0,4,1,0,14,3,3,0,33,0,0,0
2020-01-01 19:55:00,184,1370,704,554,401,470,484,949,952,582,960,1010,168,735,0,0,149,0,0,0,104,19,15,19,0,4,28,0,0,18,0,27,42,0,3,2,1,1,12,1,1,0,31,0,0,0
2020-01-01 20:00:00,183,1408,705,551,402,462,488,957,968,598,984,995,158,711,0,0,126,0,0,0,92,12,23,13,0,2,17,0,2,30,5,20,30,0,1,3,2,4,13,2,7,1,24,0,0,1
2020-01-01 20:05:00,173,1442,709,545,397,462,488,963,981,604,1001,989,118,686,0,0,99,2,0,0,72,16,30,5,0,5,11,2,15,40,15,13,19,1,0,12,3,19,10,1,30,1,17,2,0,2
2020-01-01 20:10:00,174,1464,717,548,390,470,483,981,989,605,1012,985,75,672,0,0,69,2,0,0,49,21,32,1,0,4,13,5,21,51,23,9,13,2,0,11,7,29,7,1,41,0,16,3,1,4
2020-01-01 20:15:00,182,1476,737,556,391,475,490,998,996,609,1019,978,52,672,0,0,44,2,0,0,34,23,35,0,0,4,14,6,13,56,29,1,8,1,0,20,1,14,6,4,34,0,16,2,0,2
2020-01-01 20:20:00,170,1488,741,574,387,487,479,1015,1003,610,1025,984,31,673,0,0,29,2,0,0,23,33,26,2,0,5,20,5,8,48,26,1,5,0,0,25,1,11,3,8,27,0,21,2,0,2
2020-01-01 20:25:00,162,1489,743,586,386,497,471,1033,1011,615,1027,999,21,688,0,0,21,0,0,0,16,32,22,3,1,8,25,3,4,37,17,2,4,0,0,18,1,7,3,9,15,0,22,1,1,0
2020-01-01 20:30:00,154,1491,741,590,386,498,461,1041,1024,621,1030,1011,15,702,0,0,20,0,0,0,14,32,19,3,2,9,32,2,3,27,10,2,4,0,0,15,0,0,3,8,11,0,18,0,0,1
2020-01-01 20:35:00,143,1490,734,591,385,496,458,1057,1033,629,1031,1016,12,702,0,0,26,0,0,0,15,32,11,4,2,7,35,1,4,18,4,4,12,0,0,11,0,1,3,9,9,0,14,0,0,1
2020-01-01 20:40:00,138,1497,734,590,385,492,454,1063,1042,640,1034,1016,9,713,0,0,32,0,0,0,18,23,6,5,1,7,32,0,5,12,2,4,15,0,0,6,0,2,5,4,3,0,11,0,0,0
2020-01-01 20:45:00,137,1503,736,589,386,485,452,1071,1047,653,1043,1013,8,709,0,0,33,0,0,0,27,18,3,4,0,6,25,0,3,9,1,6,12,0,1,3,0,0,4,1,2,0,10,0,0,0
2020-01-01 20:50:00,135,1509,734,588,387,480,455,1074,1053,664,1049,1013,8,705,0,0,40,0,0,0,25,11,4,2,0,3,18,0,2,7,0,6,9,0,0,3,0,0,4,0,1,0,11,0,0,0
2020-01-01 20:55:00,134,1516,737,589,389,480,457,1078,1057,672,1055,1010,8,693,0,0,40,0,0,0,21,10,5,2,0,0,13,0,2,5,0,4,11,0,1,1,0,0,1,0,0,0,9,0,0,0
2020-01-01 21:00:00,135,1526,735,588,389,477,460,1079,1064,678,1058,1009,8,687,0,0,32,0,0,0,21,7,6,2,0,0,11,0,0,5,0,4,9,0,1,0,0,0,4,0,0,0,5,0,0,0
2020-01-01 21:05:00,136,1529,737,589,392,475,466,1082,1066,682,1066,1009,8,681,0,0,27,0,0,0,14,6,8,1,0,0,8,0,0,7,0,1,3,0,0,0,0,0,2,1,0,0,4,0,0,0
2020-01-01 21:10:00,136,1539,737,590,393,475,461,1085,1069,685,1067,1009,8,676,0,0,17,0,0,0,14,5,8,0,0,0,7,0,0,11,0,0,4,0,0,0,0,0,1,0,0,0,3,0,0,0
2020-01-01 21:15:00,136,1544,736,593,393,475,460,1090,1070,689,1069,1009,8,677,0,0,8,0,0,0,11,2,7,0,0,0,4,0,0,11,0,0,2,0,0,0,0,0,2,0,0,0,4,0,0,0
2020-01-01 21:20:00,136,1545,737,598,393,475,462,1093,1072,690,1071,1010,8,675,0,0,5,0,0,0,6,1,7,0,0,0,5,0,0,7,0,0,1,0,0,0,0,0,0,0,0,0,3,0,0,0
2020-01-01 21:25:00,136,1545,736,600,393,475,462,1097,1074,692,1071,1010,8,674,0,0,3,0,0,0,2,0,5,0,0,0,5,0,0,7,0,0,1,0,0,0,0,0,2,0,0,0,2,0,0,0
2020-01-01 21:30:00,136,1546,738,600,393,475,460,1100,1075,693,1072,1010,8,673,0,0,1,0,0,0,0,0,3,0,0,0,7,0,0,8,0,0,0,0,0,0,0,0,1,0,0,0,1,0,0,0
2020-01-01 21:35:00,136,1546,738,603,393,475,457,1102,1076,695,1072,1009,8,673,0,0,1,0,0,0,0,0,1,0,0,0,6,0,0,7,0,0,0,0,0,0,0,0,1,0,0,0,1,0,0,0
2020-01-01 21:40:00,136,1547,738,606,393,475,456,1103,1076,697,1072,1009,8,673,0,0,0,0,0,0,0,0,0,0,0,0,5,0,0,4,0,0,0,0,0,0,0,0,0,0,0,0,2,0,0,0
2020-01-01 21:45:00,136,1546,737,608,393,475,455,1103,1077,700,1072,1009,8,673,0,0,0,0,0,0,0,0,1,0,0,0,3,0,0,2,0,0,0,0,0,0,0,0,0,0,0,0,2,0,0,0
2020-01-01 21:50:00,136,1546,737,608,393,475,455,1103,1078,701,1072,1009,8,673,0,0,0,0,0,0,0,0,1,0,0,0,3,0,0,1,0,0,0,0,0,0,0,0,0,0,0,0,1,0,0,0
2020-01-01 21:55:00,136,1546,737,608,393,475,455,1104,1079,702,1072,1009,8,673,0,0,0,0,0,0,0,0,0,0,0,0,3,0,0,0,0,0,0,0,0,0,0,0,0,0,0,0,0,0,0,0
2020-01-01 22:00:00,136,1546,737,608,393,475,455,1104,1079,703,1072,1009,8,673,0,0,0,0,0,0,0,0,0,0,0,0,2,0,0,0,0,0,0,0,0,0,0,0,0,0,0,0,0,0,0,0
2020-01-01 22:05:00,136,1546,737,608,393,475,455,1104,1079,704,1072,1009,8,673,0,0,0,0,0,0,0,0,0,0,0,0,1,0,0,0,0,0,0,0,0,0,0,0,0,0,0,0,0,0,0,0
2020-01-01 22:10:00,136,1546,737,608,393,475,455,1104,1079,705,1072,1009,8,673,0,0,0,0,0,0,0,0,0,0,0,0,0,0,0,0,0,0,0,0,0,0,0,0,0,0,0,0,0,0,0,0
2020-01-01 22:15:00,136,1546,737,608,393,475,455,1104,1079,705,1072,1009,8,673,0,0,0,0,0,0,0,0,0,0,0,0,0,0,0,0,0,0,0,0,0,0,0,0,0,0,0,0,0,0,0,0
2020-01-01 22:20:00,136,1546,737,608,393,475,455,1104,1079,705,1072,1009,8,673,0,0,0,0,0,0,0,0,0,0,0,0,0,0,0,0,0,0,0,0,0,0,0,0,0,0,0,0,0,0,0,0
2020-01-01 22:25:00,136,1546,737,608,393,475,455,1104,1079,705,1072,1009,8,673,0,0,0,0,0,0,0,0,0,0,0,0,0,0,0,0,0,0,0,0,0,0,0,0,0,0,0,0,0,0,0,0
2020-01-01 22:30:00,136,1546,737,608,393,475,455,1104,1079,705,1072,1009,8,673,0,0,0,0,0,0,0,0,0,0,0,0,0,0,0,0,0,0,0,0,0,0,0,0,0,0,0,0,0,0,0,0
2020-01-01 22:35:00,136,1546,737,608,393,475,455,1104,1079,705,1072,1009,8,673,0,0,0,0,0,0,0,0,0,0,0,0,0,0,0,0,0,0,0,0,0,0,0,0,0,0,0,0,0,0,0,0
2020-01-01 22:40:00,136,1546,737,608,393,475,455,1104,1079,705,1072,1009,8,673,0,0,0,0,0,0,0,0,0,0,0,0,0,0,0,0,0,0,0,0,0,0,0,0,0,0,0,0,0,0,0,0
2020-01-01 22:45:00,136,1546,737,608,393,475,455,1104,1079,705,1072,1009,8,673,0,0,0,0,0,0,0,0,0,0,0,0,0,0,0,0,0,0,0,0,0,0,0,0,0,0,0,0,0,0,0,0
2020-01-01 22:50:00,136,1546,737,608,393,475,455,1104,1079,705,1072,1009,8,673,0,0,0,0,0,0,0,0,0,0,0,0,0,0,0,0,0,0,0,0,0,0,0,0,0,0,0,0,0,0,0,0
2020-01-01 22:55:00,136,1546,737,608,393,475,455,1104,1079,705,1072,1009,8,673,0,0,0,0,0,0,0,0,0,0,0,0,0,0,0,0,0,0,0,0,0,0,0,0,0,0,0,0,0,0,0,0
2020-01-01 23:00:00,136,1546,737,608,393,475,455,1104,1079,705,1072,1009,8,673,0,0,0,0,0,0,0,0,0,0,0,0,0,0,0,0,0,0,0,0,0,0,0,0,0,0,0,0,0,0,0,0
2020-01-01 23:05:00,136,1546,737,608,393,475,455,1104,1079,705,1072,1009,8,673,0,0,0,0,0,0,0,0,0,0,0,0,0,0,0,0,0,0,0,0,0,0,0,0,0,0,0,0,0,0,0,0
2020-01-01 23:10:00,136,1546,737,608,393,475,455,1104,1079,705,1072,1009,8,673,0,0,0,0,0,0,0,0,0,0,0,0,0,0,0,0,0,0,0,0,0,0,0,0,0,0,0,0,0,0,0,0
2020-01-01 23:15:00,136,1546,737,608,393,475,455,1104,1079,705,1072,1009,8,673,0,0,0,0,0,0,0,0,0,0,0,0,0,0,0,0,0,0,0,0,0,0,0,0,0,0,0,0,0,0,0,0
2020-01-01 23:20:00,136,1546,737,608,393,475,455,1104,1079,705,1072,1009,8,673,0,0,0,0,0,0,0,0,0,0,0,0,0,0,0,0,0,0,0,0,0,0,0,0,0,0,0,0,0,0,0,0
2020-01-01 23:25:00,136,1546,737,608,393,475,455,1104,1079,705,1072,1009,8,673,0,0,0,0,0,0,0,0,0,0,0,0,0,0,0,0,0,0,0,0,0,0,0,0,0,0,0,0,0,0,0,0
2020-01-01 23:30:00,136,1546,737,608,393,475,455,1104,1079,705,1072,1009,8,673,0,0,0,0,0,0,0,0,0,0,0,0,0,0,0,0,0,0,0,0,0,0,0,0,0,0,0,0,0,0,0,0
2020-01-01 23:35:00,136,1546,737,608,393,475,455,1104,1079,705,1072,1009,8,673,0,0,0,0,0,0,0,0,0,0,0,0,0,0,0,0,0,0,0,0,0,0,0,0,0,0,0,0,0,0,0,0
2020-01-01 23:40:00,136,1546,737,608,393,475,455,1104,1079,705,1072,1009,8,673,0,0,0,0,0,0,0,0,0,0,0,0,0,0,0,0,0,0,0,0,0,0,0,0,0,0,0,0,0,0,0,0
2020-01-01 23:45:00,136,1546,737,608,393,475,455,1104,1079,705,1072,1009,8,673,0,0,0,0,0,0,0,0,0,0,0,0,0,0,0,0,0,0,0,0,0,0,0,0,0,0,0,0,0,0,0,0
2020-01-01 23:50:00,136,1546,737,608,393,475,455,1104,1079,705,1072,1009,8,673,0,0,0,0,0,0,0,0,0,0,0,0,0,0,0,0,0,0,0,0,0,0,0,0,0,0,0,0,0,0,0,0
2020-01-01 23:55:00,136,1546,737,608,393,475,455,1104,1079,705,1072,1009,8,673,0,0,0,0,0,0,0,0,0,0,0,0,0,0,0,0,0,0,0,0,0,0,0,0,0,0,0,0,0,0,0,0
2020-01-02 00:00:00,136,1546,737,608,393,475,455,1104,1079,705,1072,1009,8,673,0,0,0,0,0,0,0,0,0,0,0,0,0,0,0,0,0,0,0,0,0,0,0,0,0,0,0,0,0,0,0,0
2020-01-02 00:05:00,136,1546,737,608,393,475,455,1104,1079,705,1072,1009,8,673,0,0,0,0,0,0,0,0,0,0,0,0,0,0,0,0,0,0,0,0,0,0,0,0,0,0,0,0,0,0,0,0
2020-01-02 00:10:00,136,1546,737,608,393,475,455,1104,1079,705,1072,1009,8,673,0,0,0,0,0,0,0,0,0,0,0,0,0,0,0,0,0,0,0,0,0,0,0,0,0,0,0,0,0,0,0,0
2020-01-02 00:15:00,136,1546,737,608,393,475,455,1104,1079,705,1072,1009,8,673,0,0,0,0,0,0,0,0,0,0,0,0,0,0,0,0,0,0,0,0,0,0,0,0,0,0,0,0,0,0,0,0
2020-01-02 00:20:00,136,1546,737,608,393,475,455,1104,1079,705,1072,1009,8,673,0,0,0,0,0,0,0,0,0,0,0,0,0,0,0,0,0,0,0,0,0,0,0,0,0,0,0,0,0,0,0,0
2020-01-02 00:25:00,136,1546,737,608,393,475,455,1104,1079,705,1072,1009,8,673,0,0,0,0,0,0,0,0,0,0,0,0,0,0,0,0,0,0,0,0,0,0,0,0,0,0,0,0,0,0,0,0
2020-01-02 00:30:00,136,1546,737,608,393,475,455,1104,1079,705,1072,1009,8,673,0,0,0,0,0,0,0,0,0,0,0,0,0,0,0,0,0,0,0,0,0,0,0,0,0,0,0,0,0,0,0,0
2020-01-02 00:35:00,136,1546,737,608,393,475,455,1104,1079,705,1072,1009,8,673,0,0,0,0,0,0,0,0,0,0,0,0,0,0,0,0,0,0,0,0,0,0,0,0,0,0,0,0,0,0,0,0
2020-01-02 00:40:00,136,1546,737,608,393,475,455,1104,1079,705,1072,1009,8,673,0,0,0,0,0,0,0,0,0,0,0,0,0,0,0,0,0,0,0,0,0,0,0,0,0,0,0,0,0,0,0,0
2020-01-02 00:45:00,136,1546,737,608,393,475,455,1104,1079,705,1072,1009,8,673,0,0,0,0,0,0,0,0,0,0,0,0,0,0,0,0,0,0,0,0,0,0,0,0,0,0,0,0,0,0,0,0
2020-01-02 00:50:00,136,1546,737,608,393,475,455,1104,1079,705,1072,1009,8,673,0,0,0,0,0,0,0,0,0,0,0,0,0,0,0,0,0,0,0,0,0,0,0,0,0,0,0,0,0,0,0,0
2020-01-02 00:55:00,136,1546,737,608,393,475,455,1104,1079,705,1072,1009,8,673,0,0,0,0,0,0,0,0,0,0,0,0,0,0,0,0,0,0,0,0,0,0,0,0,0,0,0,0,0,0,0,0
2020-01-02 01:00:00,136,1546,737,608,393,475,455,1104,1079,705,1072,1009,8,673,0,0,0,0,0,0,0,0,0,0,0,0,0,0,0,0,0,0,0,0,0,0,0,0,0,0,0,0,0,0,0,0
2020-01-02 01:05:00,136,1546,737,608,393,475,455,1104,1079,705,1072,1009,8,673,0,0,0,0,0,0,0,0,0,0,0,0,0,0,0,0,0,0,0,0,0,0,0,0,0,0,0,0,0,0,0,0
2020-01-02 01:10:00,136,1546,737,608,393,475,455,1104,1079,705,1072,1009,8,673,0,0,0,0,0,0,0,0,0,0,0,0,0,0,0,0,0,0,0,0,0,0,0,0,0,0,0,0,0,0,0,0
2020-01-02 01:15:00,136,1546,737,608,393,475,455,1104,1079,705,1072,1009,8,673,0,0,0,0,0,0,0,0,0,0,0,0,0,0,0,0,0,0,0,0,0,0,0,0,0,0,0,0,0,0,0,0
2020-01-02 01:20:00,136,1546,737,608,393,475,455,1104,1079,705,1072,1009,8,673,0,0,0,0,0,0,0,0,0,0,0,0,0,0,0,0,0,0,0,0,0,0,0,0,0,0,0,0,0,0,0,0
2020-01-02 01:25:00,136,1546,737,608,393,475,455,1104,1079,705,1072,1009,8,673,0,0,0,0,0,0,0,0,0,0,0,0,0,0,0,0,0,0,0,0,0,0,0,0,0,0,0,0,0,0,0,0
2020-01-02 01:30:00,136,1546,737,608,393,475,455,1104,1079,705,1072,1009,8,673,0,0,0,0,0,0,0,0,0,0,0,0,0,0,0,0,0,0,0,0,0,0,0,0,0,0,0,0,0,0,0,0
2020-01-02 01:35:00,136,1546,737,608,393,475,455,1104,1079,705,1072,1009,8,673,0,0,0,0,0,0,0,0,0,0,0,0,0,0,0,0,0,0,0,0,0,0,0,0,0,0,0,0,0,0,0,0
2020-01-02 01:40:00,136,1546,737,608,393,475,455,1104,1079,705,1072,1009,8,673,0,0,0,0,0,0,0,0,0,0,0,0,0,0,0,0,0,0,0,0,0,0,0,0,0,0,0,0,0,0,0,0
2020-01-02 01:45:00,136,1546,737,608,393,475,455,1104,1079,705,1072,1009,8,673,0,0,0,0,0,0,0,0,0,0,0,0,0,0,0,0,0,0,0,0,0,0,0,0,0,0,0,0,0,0,0,0
2020-01-02 01:50:00,136,1546,737,608,393,475,455,1104,1079,705,1072,1009,8,673,0,0,0,0,0,0,0,0,0,0,0,0,0,0,0,0,0,0,0,0,0,0,0,0,0,0,0,0,0,0,0,0
2020-01-02 01:55:00,136,1546,737,608,393,475,455,1104,1079,705,1072,1009,8,673,0,0,0,0,0,0,0,0,0,0,0,0,0,0,0,0,0,0,0,0,0,0,0,0,0,0,0,0,0,0,0,0
2020-01-02 02:00:00,136,1546,737,608,393,475,455,1104,1079,705,1072,1009,8,673,0,0,0,0,0,0,0,0,0,0,0,0,0,0,0,0,0,0,0,0,0,0,0,0,0,0,0,0,0,0,0,0
2020-01-02 02:05:00,136,1546,737,608,393,475,455,1104,1079,705,1072,1009,8,673,0,0,0,0,0,0,0,0,0,0,0,0,0,0,0,0,0,0,0,0,0,0,0,0,0,0,0,0,0,0,0,0
2020-01-02 02:10:00,136,1546,737,608,393,475,455,1104,1079,705,1072,1009,8,673,0,0,0,0,0,0,0,0,0,0,0,0,0,0,0,0,0,0,0,0,0,0,0,0,0,0,0,0,0,0,0,0
2020-01-02 02:15:00,136,1546,737,608,393,475,455,1104,1079,705,1072,1009,8,673,0,0,0,0,0,0,0,0,0,0,0,0,0,0,0,0,0,0,0,0,0,0,0,0,0,0,0,0,0,0,0,0
2020-01-02 02:20:00,136,1546,737,608,393,475,455,1104,1079,705,1072,1009,8,673,0,0,0,0,0,0,0,0,0,0,0,0,0,0,0,0,0,0,0,0,0,0,0,0,0,0,0,0,0,0,0,0
2020-01-02 02:25:00,136,1546,737,608,393,475,455,1104,1079,705,1072,1009,8,673,0,0,0,0,0,0,0,0,0,0,0,0,0,0,0,0,0,0,0,0,0,0,0,0,0,0,0,0,0,0,0,0
2020-01-02 02:30:00,136,1546,737,608,393,475,455,1104,1079,705,1072,1009,8,673,0,0,0,0,0,0,0,0,0,0,0,0,0,0,0,0,0,0,0,0,0,0,0,0,0,0,0,0,0,0,0,0
2020-01-02 02:35:00,136,1546,737,608,393,475,455,1104,1079,705,1072,1009,8,673,0,0,0,0,0,0,0,0,0,0,0,0,0,0,0,0,0,0,0,0,0,0,0,0,0,0,0,0,0,0,0,0
2020-01-02 02:40:00,136,1546,737,608,393,475,455,1104,1079,705,1072,1009,8,673,0,0,0,0,0,0,0,0,0,0,0,0,0,0,0,0,0,0,0,0,0,0,0,0,0,0,0,0,0,0,0,0
2020-01-02 02:45:00,136,1546,737,608,393,475,455,1104,1079,705,1072,1009,8,673,0,0,0,0,0,0,0,0,0,0,0,0,0,0,0,0,0,0,0,0,0,0,0,0,0,0,0,0,0,0,0,0
2020-01-02 02:50:00,136,1546,737,608,393,475,455,1104,1079,705,1072,1009,8,673,0,0,0,0,0,0,0,0,0,0,0,0,0,0,0,0,0,0,0,0,0,0,0,0,0,0,0,0,0,0,0,0
2020-01-02 02:55:00,136,1546,737,608,393,475,455,1104,1079,705,1072,1009,8,673,0,0,0,0,0,0,0,0,0,0,0,0,0,0,0,0,0,0,0,0,0,0,0,0,0,0,0,0,0,0,0,0
2020-01-02 03:00:00,136,1546,737,608,393,475,455,1104,1079,705,1072,1009,8,673,0,0,0,0,0,0,0,0,0,0,0,0,0,0,0,0,0,0,0,0,0,0,0,0,0,0,0,0,0,0,0,0
2020-01-02 03:05:00,136,1546,737,608,393,475,455,1104,1079,705,1072,1009,8,673,0,0,0,0,0,0,0,0,0,0,0,0,0,0,0,0,0,0,0,0,0,0,0,0,0,0,0,0,0,0,0,0
2020-01-02 03:10:00,136,1546,737,608,393,475,455,1104,1079,705,1072,1009,8,673,0,0,0,0,0,0,0,0,0,0,0,0,0,0,0,0,0,0,0,0,0,0,0,0,0,0,0,0,0,0,0,0
2020-01-02 03:15:00,136,1546,737,608,393,475,455,1104,1079,705,1072,1009,8,673,0,0,0,0,0,0,0,0,0,0,0,0,0,0,0,0,0,0,0,0,0,0,0,0,0,0,0,0,0,0,0,0
2020-01-02 03:20:00,136,1546,737,608,393,475,455,1104,1079,705,1072,1009,8,673,0,0,0,0,0,0,0,0,0,0,0,0,0,0,0,0,0,0,0,0,0,0,0,0,0,0,0,0,0,0,0,0
2020-01-02 03:25:00,136,1546,737,608,393,475,455,1104,1079,705,1072,1009,8,673,0,0,0,0,0,0,0,0,0,0,0,0,0,0,0,0,0,0,0,0,0,0,0,0,0,0,0,0,0,0,0,0
2020-01-02 03:30:00,136,1546,737,608,393,475,455,1104,1079,705,1072,1009,8,673,0,0,0,0,0,0,0,0,0,0,0,0,0,0,0,0,0,0,0,0,0,0,0,0,0,0,0,0,0,0,0,0
2020-01-02 03:35:00,136,1546,737,608,393,475,455,1104,1079,705,1072,1009,8,673,0,0,0,0,0,0,0,0,0,0,0,0,0,0,0,0,0,0,0,0,0,0,0,0,0,0,0,0,0,0,0,0
2020-01-02 03:40:00,136,1546,737,608,393,475,455,1104,1079,705,1072,1009,8,673,0,0,0,0,0,0,0,0,0,0,0,0,0,0,0,0,0,0,0,0,0,0,0,0,0,0,0,0,0,0,0,0
2020-01-02 03:45:00,136,1546,737,608,393,475,455,1104,1079,705,1072,1009,8,673,0,0,0,0,0,0,0,0,0,0,0,0,0,0,0,0,0,0,0,0,0,0,0,0,0,0,0,0,0,0,0,0
2020-01-02 03:50:00,136,1546,737,608,393,475,455,1104,1079,705,1072,1009,8,673,0,0,0,0,0,0,0,0,0,0,0,0,0,0,0,0,0,0,0,0,0,0,0,0,0,0,0,0,0,0,0,0
2020-01-02 03:55:00,136,1546,737,608,393,475,455,1104,1079,705,1072,1009,8,673,0,0,0,0,0,0,0,0,0,0,0,0,0,0,0,0,0,0,0,0,0,0,0,0,0,0,0,0,0,0,0,0
2020-01-02 04:00:00,136,1546,737,608,393,475,455,1104,1079,705,1072,1009,8,673,0,0,0,0,0,0,0,0,0,0,0,0,0,0,0,0,0,0,0,0,0,0,0,0,0,0,0,0,0,0,0,0
2020-01-02 04:05:00,136,1546,737,608,393,475,455,1104,1079,705,1072,1009,8,673,0,0,0,0,0,0,0,0,0,0,0,0,0,0,0,0,0,0,0,0,0,0,0,0,0,0,0,0,0,0,0,0
2020-01-02 04:10:00,136,1546,737,608,393,475,455,1104,1079,705,1072,1009,8,673,0,0,0,0,0,0,0,0,0,0,0,0,0,0,0,0,0,0,0,0,0,0,0,0,0,0,0,0,0,0,0,0
2020-01-02 04:15:00,136,1546,737,608,393,475,455,1104,1079,705,1072,1009,8,673,0,0,0,0,0,0,0,0,0,0,0,0,0,0,0,0,0,0,0,0,0,0,0,0,0,0,0,0,0,0,0,0
2020-01-02 04:20:00,136,1546,737,608,393,475,455,1104,1079,705,1072,1009,8,673,0,0,0,0,0,0,0,0,0,0,0,0,0,0,0,0,0,0,0,0,0,0,0,0,0,0,0,0,0,0,0,0
2020-01-02 04:25:00,136,1546,737,608,393,475,455,1104,1079,705,1072,1009,8,673,0,0,0,0,0,0,0,0,0,0,0,0,0,0,0,0,0,0,0,0,0,0,0,0,0,0,0,0,0,0,0,0
2020-01-02 04:30:00,136,1546,737,608,393,475,455,1104,1079,705,1072,1009,8,673,0,0,0,0,0,0,0,0,0,0,0,0,0,0,0,0,0,0,0,0,0,0,0,0,0,0,0,0,0,0,0,0
2020-01-02 04:35:00,136,1546,737,608,393,475,455,1104,1079,705,1072,1009,8,673,0,0,0,0,0,0,0,0,0,0,0,0,0,0,0,0,0,0,0,0,0,0,0,0,0,0,0,0,0,0,0,0
2020-01-02 04:40:00,136,1546,737,608,393,475,455,1104,1079,705,1072,1009,8,673,0,0,0,0,0,0,0,0,0,0,0,0,0,0,0,0,0,0,0,0,0,0,0,0,0,0,0,0,0,0,0,0
2020-01-02 04:45:00,136,1546,737,608,393,475,455,1104,1079,705,1072,1009,8,673,0,0,0,0,0,0,0,0,0,0,0,0,0,0,0,0,0,0,0,0,0,0,0,0,0,0,0,0,0,0,0,0
2020-01-02 04:50:00,136,1546,737,608,393,475,455,1104,1079,705,1072,1009,8,673,0,0,0,0,0,0,0,0,0,0,0,0,0,0,0,0,0,0,0,0,0,0,0,0,0,0,0,0,0,0,0,0
2020-01-02 04:55:00,136,1546,737,608,393,475,455,1104,1079,705,1072,1009,8,673,0,0,0,0,0,0,0,0,0,0,0,0,0,0,0,0,0,0,0,0,0,0,0,0,0,0,0,0,0,0,0,0
2020-01-02 05:00:00,136,1546,737,608,393,475,455,1104,1079,705,1072,1009,8,673,0,0,0,0,0,0,0,0,0,0,0,0,0,0,0,0,0,0,0,0,0,0,0,0,0,0,0,0,0,0,0,0
2020-01-02 05:05:00,136,1546,737,608,393,475,455,1104,1079,705,1072,1009,8,673,0,0,0,0,0,0,0,0,0,0,0,0,0,0,0,0,0,0,0,0,0,0,0,0,0,0,0,0,0,0,0,0
2020-01-02 05:10:00,136,1546,737,608,393,475,455,1104,1079,705,1072,1009,8,673,0,0,0,0,0,0,0,0,0,0,0,0,0,0,0,0,0,0,0,0,0,0,0,0,0,0,0,0,0,0,0,0
2020-01-02 05:15:00,136,1546,737,608,393,475,455,1104,1079,705,1072,1009,8,673,0,0,0,0,0,0,0,0,0,0,0,0,0,0,0,0,0,0,0,0,0,0,0,0,0,0,0,0,0,0,0,0
2020-01-02 05:20:00,136,1546,737,608,393,475,455,1104,1079,705,1072,1009,8,673,0,0,0,0,0,0,0,0,0,0,0,0,0,0,0,0,0,0,0,0,0,0,0,0,0,0,0,0,0,0,0,0
2020-01-02 05:25:00,136,1546,737,608,393,475,455,1104,1079,705,1072,1009,8,673,0,0,0,0,0,0,0,0,0,0,0,0,0,0,0,0,0,0,0,0,0,0,0,0,0,0,0,0,0,0,0,0
2020-01-02 05:30:00,136,1546,737,608,393,475,455,1104,1079,705,1072,1009,8,673,0,0,0,0,0,0,0,0,0,0,0,0,0,0,0,0,0,0,0,0,0,0,0,0,0,0,0,0,0,0,0,0
2020-01-02 05:35:00,136,1546,737,608,393,475,455,1104,1079,705,1072,1009,8,673,0,0,0,0,0,0,0,0,0,0,0,0,0,0,0,0,0,0,0,0,0,0,0,0,0,0,0,0,0,0,0,0
2020-01-02 05:40:00,136,1546,737,608,393,475,455,1104,1076,701,1072,1009,8,673,0,0,0,0,0,0,0,0,0,0,0,0,0,4,0,0,0,0,0,0,0,0,0,0,0,0,0,0,0,3,0,0
2020-01-02 05:45:00,136,1546,737,608,393,475,455,1104,1075,701,1072,1009,8,673,0,0,0,0,0,0,0,0,0,0,0,0,0,4,0,0,0,0,0,0,0,0,0,0,0,0,0,0,0,4,0,0
2020-01-02 05:50:00,136,1546,740,608,393,475,455,1104,1075,696,1068,1009,8,673,0,0,0,0,0,0,0,0,0,0,0,0,0,9,0,0,0,0,0,4,0,0,0,0,0,0,0,0,0,1,0,0
2020-01-02 05:55:00,135,1546,736,612,393,475,455,1104,1071,690,1068,1009,8,673,0,0,0,0,0,0,0,0,0,0,0,0,0,11,0,0,0,0,0,4,0,1,0,0,0,5,0,0,0,4,0,0
2020-01-02 06:00:00,135,1546,735,609,393,476,455,1099,1064,689,1068,1018,8,673,0,0,0,0,0,0,0,0,0,5,0,0,0,12,3,0,0,0,0,0,0,0,0,0,0,1,0,0,0,11,0,0
2020-01-02 06:05:00,135,1546,738,613,393,473,455,1099,1064,676,1065,1012,8,683,0,0,0,0,0,0,0,0,0,5,0,0,0,20,4,0,0,0,0,3,0,0,0,0,0,1,0,0,0,7,0,0
2020-01-02 06:10:00,135,1551,741,614,393,473,458,1089,1060,669,1055,1010,8,681,0,0,0,0,0,0,5,0,0,10,0,0,0,21,6,0,0,0,0,13,0,0,0,0,0,4,0,0,0,4,0,0
2020-01-02 06:15:00,135,1541,732,606,392,473,453,1080,1043,665,1053,1015,7,679,0,0,0,10,0,0,9,6,0,19,0,0,0,24,14,0,1,0,0,12,0,0,0,1,0,9,0,0,0,21,0,0
2020-01-02 06:20:00,136,1545,733,615,392,472,457,1077,1038,653,1048,1028,6,683,0,0,0,11,0,0,12,7,5,12,0,0,0,23,13,0,1,0,0,7,0,0,0,1,0,3,0,0,0,22,0,0
2020-01-02 06:25:00,135,1530,745,608,389,469,458,1059,1032,647,1029,1011,5,703,0,0,0,26,0,0,17,13,14,21,0,0,0,22,18,2,2,0,0,24,0,2,0,1,0,5,0,0,0,11,0,2
2020-01-02 06:30:00,127,1504,732,600,380,470,460,1047,1011,645,1022,1012,5,692,0,0,15,54,0,0,18,21,10,32,3,0,0,20,26,3,9,0,0,26,0,5,4,0,0,18,0,0,0,27,0,2
2020-01-02 06:35:00,125,1512,727,607,375,467,471,1044,1003,627,1018,1040,8,713,0,0,24,50,0,0,18,20,5,18,11,0,0,26,19,5,12,0,0,11,0,2,0,1,0,11,0,0,0,29,0,1
2020-01-02 06:40:00,126,1487,740,597,368,459,462,1021,1000,620,993,1036,6,731,0,0,28,81,0,0,27,35,11,17,19,6,0,27,21,13,16,0,0,29,0,0,0,0,0,8,2,0,0,11,0,3
2020-01-02 06:45:00,119,1452,717,595,360,453,460,1006,978,617,974,1022,5,734,0,0,49,104,0,0,36,43,8,25,18,8,0,28,28,12,23,4,0,44,0,5,2,0,12,31,3,0,0,25,0,0
2020-01-02 06:50:00,116,1461,714,617,353,450,464,1005,970,603,970,1078,6,748,0,0,53,88,0,0,39,43,8,17,16,2,7,24,23,11,22,6,0,23,0,3,0,0,7,20,2,0,0,30,0,1
2020-01-02 06:55:00,115,1426,723,596,352,440,454,977,959,596,941,1091,5,755,0,0,56,112,0,0,45,56,33,23,22,14,12,24,28,19,18,8,17,33,0,1,0,0,6,10,2,1,10,19,0,1
2020-01-02 07:00:00,110,1388,699,589,339,437,446,961,944,594,920,1051,4,775,0,0,87,113,0,0,46,57,40,32,22,22,20,23,30,18,22,13,34,50,0,5,0,0,20,31,2,2,17,26,6,5
2020-01-02 07:05:00,108,1397,705,602,341,438,461,989,948,590,930,1102,4,776,0,0,92,94,0,0,46,53,25,19,16,10,23,20,24,17,22,12,24,28,2,1,1,1,20,19,1,1,14,21,3,0
2020-01-02 07:10:00,111,1386,717,588,339,441,445,975,950,589,931,1089,6,774,0,0,94,107,0,0,45,60,30,24,24,15,30,19,25,31,21,12,36,23,2,0,0,0,17,10,0,0,21,11,0,2
2020-01-02 07:15:00,109,1368,702,578,338,436,440,969,950,596,922,1046,5,783,0,0,115,97,0,0,48,56,34,32,23,23,29,18,24,33,23,10,60,32,3,3,1,0,24,22,1,0,30,12,4,1
2020-01-02 07:20:00,108,1398,707,602,345,442,441,987,959,598,941,1065,5,774,0,0,105,77,0,0,47,47,26,18,15,12,33,15,21,25,16,12,48,26,1,3,1,1,21,11,1,2,27,12,4,1
2020-01-02 07:25:00,108,1397,711,592,350,446,443,990,972,605,963,1078,5,746,0,0,102,72,0,0,38,43,37,20,16,16,35,14,15,29,10,13,43,19,2,2,0,0,18,12,1,3,23,8,3,0
2020-01-02 07:30:00,108,1397,708,591,353,449,439,988,976,608,972,1051,6,744,0,0,103,58,0,0,36,33,41,28,9,22,40,17,10,29,6,17,51,17,1,1,1,0,35,12,2,1,26,10,3,1
2020-01-02 07:35:00,107,1425,729,599,355,450,442,1023,978,585,992,1041,7,734,0,0,88,45,0,0,30,26,28,15,5,15,36,46,10,21,4,20,45,14,1,0,2,1,28,9,1,1,22,17,2,1
2020-01-02 07:40:00,107,1445,738,595,363,454,442,1021,985,520,1012,1038,7,709,0,0,73,37,0,0,24,23,26,18,12,15,33,120,11,19,3,16,40,11,1,2,0,2,23,6,0,3,27,17,1,1
2020-01-02 07:45:00,108,1457,748,588,367,458,440,1028,988,463,1025,1026,6,689,0,0,60,24,0,0,22,18,25,25,13,15,34,185,7,23,1,15,43,12,3,2,0,0,22,5,2,3,36,12,1,1
2020-01-02 07:50:00,110,1483,749,628,373,466,443,1033,992,416,1040,1013,7,682,0,0,41,15,0,0,18,13,22,21,8,11,30,205,9,20,0,11,42,12,1,0,1,0,14,11,3,1,34,20,1,1
2020-01-02 07:55:00,111,1500,748,674,377,468,447,995,978,376,1061,1015,6,683,0,0,25,9,0,0,12,7,19,67,6,5,23,177,51,12,0,8,30,7,2,0,0,3,11,10,1,0,29,46,1,0
2020-01-02 08:00:00,115,1515,760,628,381,466,454,914,963,357,1068,1010,5,692,0,0,17,5,0,0,10,3,15,150,2,1,10,140,171,8,0,5,22,14,3,1,0,1,3,7,0,0,20,63,1,0
2020-01-02 08:05:00,116,1554,776,559,383,466,493,805,939,340,1055,1005,5,687,0,0,9,26,0,0,19,8,10,214,0,1,6,106,256,6,2,2,16,36,1,3,0,0,2,13,0,0,13,68,0,0
2020-01-02 08:10:00,112,1542,758,489,369,466,573,718,891,334,1028,1022,5,686,0,0,6,130,0,0,29,55,8,212,0,2,3,65,252,4,18,0,6,62,0,5,0,0,1,50,0,0,7,92,0,0
2020-01-02 08:15:00,104,1392,751,421,329,465,572,656,822,326,1004,1071,5,705,0,0,4,378,0,0,40,183,26,159,1,1,4,41,224,4,58,0,2,67,0,8,0,0,1,42,0,0,4,130,0,0
2020-01-02 08:20:00,97,1149,757,376,275,458,544,604,763,311,927,1080,5,766,0,0,2,647,0,0,61,337,90,116,8,0,2,35,171,2,111,0,2,107,0,6,1,0,1,51,0,0,2,135,0,1
2020-01-02 08:25:00,91,921,757,333,236,445,499,569,696,293,763,1069,5,833,0,0,0,866,0,0,120,485,123,81,33,0,2,44,125,5,147,0,2,243,0,6,0,1,1,74,0,1,0,130,0,1
2020-01-02 08:30:00,84,731,712,313,212,419,422,578,621,260,601,1149,3,901,0,0,0,1062,0,0,200,587,99,48,68,1,1,70,89,16,154,0,1,328,0,8,0,0,7,105,2,3,0,144,0,1
2020-01-02 08:35:00,78,579,685,329,193,414,368,543,495,232,481,1285,4,1133,0,0,1,1092,0,0,303,568,91,22,127,4,1,81,63,23,131,19,0,284,3,5,1,0,52,94,2,11,0,201,0,2
2020-01-02 08:40:00,79,465,699,352,172,505,331,482,371,212,409,1265,6,1112,0,0,10,1180,0,0,431,499,90,7,189,6,2,83,73,24,87,76,1,193,33,1,1,1,167,56,0,66,2,250,0,12
2020-01-02 08:45:00,108,381,837,406,153,558,358,444,293,189,361,1038,14,1100,0,0,13,1016,0,0,552,543,72,3,191,4,12,72,110,37,53,166,4,120,126,1,4,1,226,41,1,163,10,202,2,15
2020-01-02 08:50:00,213,335,904,433,143,595,394,403,246,166,327,815,69,971,0,0,17,1019,0,0,620,444,49,4,171,3,30,67,163,91,31,239,7,83,186,0,22,6,190,23,1,346,28,127,8,11
2020-01-02 08:55:00,324,311,805,414,146,602,438,351,225,157,309,622,166,780,0,0,19,1039,0,0,632,361,26,10,159,4,45,57,230,161,16,286,13,56,232,0,81,29,135,21,2,550,57,78,29,22
2020-01-02 09:00:00,448,311,662,457,214,548,392,312,231,159,302,502,437,794,0,0,11,927,0,0,718,220,8,11,132,3,54,42,243,199,8,281,14,32,252,0,137,49,103,13,3,586,75,43,50,17
2020-01-02 09:05:00,583,314,542,546,344,551,594,278,258,172,305,423,540,723,0,0,8,798,0,0,624,141,3,6,97,1,48,24,202,160,4,223,9,17,231,0,166,51,80,9,2,780,71,24,38,10
2020-01-02 09:10:00,691,318,450,637,449,538,617,256,292,187,307,358,815,662,0,0,7,649,0,0,650,87,2,3,64,1,42,15,161,128,4,174,10,9,236,0,174,27,58,12,1,793,59,14,38,5
2020-01-02 09:15:00,791,321,386,692,550,510,809,242,322,205,309,342,1116,707,0,0,7,414,0,0,524,25,2,4,36,1,27,8,114,100,2,129,10,5,229,0,163,29,40,3,0,734,59,7,23,3
2020-01-02 09:20:00,889,322,336,767,623,531,1010,236,346,216,314,323,1531,669,0,0,6,189,0,0,357,16,2,4,19,0,18,4,68,73,2,91,8,3,216,0,160,10,26,2,0,545,52,5,10,1
2020-01-02 09:25:00,957,325,303,795,664,521,1139,232,378,227,318,327,1901,561,0,0,6,40,0,0,238,10,1,1,12,0,8,2,36,82,2,70,7,1,227,0,158,16,25,4,0,355,41,3,6,1
2020-01-02 09:30:00,1052,329,296,842,693,465,1255,230,397,231,322,336,2245,385,0,0,3,10,0,0,124,6,0,0,8,0,5,1,18,64,1,51,7,0,223,0,148,15,24,1,0,172,37,1,2,1
2020-01-02 09:35:00,1146,332,300,881,716,367,1310,228,419,234,325,329,2502,275,0,0,0,1,0,0,57,3,0,0,5,0,3,0,8,52,1,36,4,0,196,0,144,9,26,3,0,59,28,0,1,0
2020-01-02 09:40:00,1219,332,311,907,731,276,1330,227,434,235,329,318,2696,215,0,0,0,0,0,0,37,1,0,1,2,0,3,0,6,33,0,24,3,0,146,0,132,4,15,1,0,10,22,0,0,0
2020-01-02 09:45:00,1251,332,319,934,742,200,1357,227,447,236,329,319,2832,183,0,0,0,0,0,0,10,0,0,1,0,0,2,0,3,11,0,15,3,0,101,0,118,1,6,0,0,7,14,0,0,0
2020-01-02 09:50:00,1263,333,317,941,747,149,1365,227,456,237,332,321,2954,167,0,0,0,0,0,0,3,0,0,0,0,0,1,0,1,5,0,10,0,0,63,0,90,1,2,0,0,3,12,0,0,0
2020-01-02 09:55:00,1259,333,315,943,753,116,1364,227,461,238,332,320,3046,161,0,0,0,0,0,0,3,0,0,0,0,0,0,0,2,3,0,4,0,0,37,0,68,0,3,0,0,1,11,0,0,0
2020-01-02 10:00:00,1254,333,317,945,755,96,1368,227,468,238,332,319,3115,160,0,0,0,0,0,0,0,0,0,0,0,0,0,0,1,1,0,2,0,0,21,0,42,0,1,0,0,0,5,0,0,0
2020-01-02 10:05:00,1250,333,317,946,757,85,1369,227,472,238,332,319,3157,160,0,0,0,0,0,0,0,0,0,0,0,0,0,0,0,0,0,0,0,0,11,0,25,0,0,0,0,0,2,0,0,0
2020-01-02 10:10:00,1249,333,317,946,757,80,1369,227,473,238,332,319,3182,160,0,0,0,0,0,0,0,0,0,0,0,0,0,0,0,0,0,0,0,0,5,0,12,0,0,0,0,0,1,0,0,0
2020-01-02 10:15:00,1248,333,317,946,757,77,1369,227,474,238,332,319,3194,160,0,0,0,0,0,0,0,0,0,0,0,0,0,0,0,0,0,0,0,0,3,0,6,0,0,0,0,0,0,0,0,0
2020-01-02 10:20:00,1249,333,317,946,757,76,1369,227,474,238,332,319,3200,160,0,0,0,0,0,0,0,0,0,0,0,0,0,0,0,0,0,0,0,0,1,0,2,0,0,0,0,0,0,0,0,0
2020-01-02 10:25:00,1248,333,317,946,757,75,1369,227,474,238,332,319,3202,160,0,0,0,0,0,0,0,0,0,0,0,0,0,0,0,0,0,0,0,0,1,0,2,0,0,0,0,0,0,0,0,0
2020-01-02 10:30:00,1248,333,317,946,757,75,1369,227,474,238,332,319,3204,160,0,0,0,0,0,0,0,0,0,0,0,0,0,0,0,0,0,0,0,0,0,0,1,0,0,0,0,0,0,0,0,0
2020-01-02 10:35:00,1248,333,317,946,757,75,1369,227,474,238,332,319,3205,160,0,0,0,0,0,0,0,0,0,0,0,0,0,0,0,0,0,0,0,0,0,0,0,0,0,0,0,0,0,0,0,0
2020-01-02 10:40:00,1248,333,317,946,757,75,1369,227,474,238,332,319,3205,160,0,0,0,0,0,0,0,0,0,0,0,0,0,0,0,0,0,0,0,0,0,0,0,0,0,0,0,0,0,0,0,0
2020-01-02 10:45:00,1248,333,317,946,757,75,1369,227,474,238,332,319,3205,160,0,0,0,0,0,0,0,0,0,0,0,0,0,0,0,0,0,0,0,0,0,0,0,0,0,0,0,0,0,0,0,0
2020-01-02 10:50:00,1248,333,317,946,757,75,1369,227,474,238,332,319,3205,160,0,0,0,0,0,0,0,0,0,0,0,0,0,0,0,0,0,0,0,0,0,0,0,0,0,0,0,0,0,0,0,0
2020-01-02 10:55:00,1248,333,317,946,757,75,1369,227,474,238,332,319,3205,160,0,0,0,0,0,0,0,0,0,0,0,0,0,0,0,0,0,0,0,0,0,0,0,0,0,0,0,0,0,0,0,0
2020-01-02 11:00:00,1248,333,317,946,757,75,1369,227,474,238,332,319,3205,160,0,0,0,0,0,0,0,0,0,0,0,0,0,0,0,0,0,0,0,0,0,0,0,0,0,0,0,0,0,0,0,0
2020-01-02 11:05:00,1248,333,317,946,757,75,1369,227,474,238,332,319,3205,160,0,0,0,0,0,0,0,0,0,0,0,0,0,0,0,0,0,0,0,0,0,0,0,0,0,0,0,0,0,0,0,0
2020-01-02 11:10:00,1248,333,317,946,757,75,1369,227,474,238,332,319,3205,160,0,0,0,0,0,0,0,0,0,0,0,0,0,0,0,0,0,0,0,0,0,0,0,0,0,0,0,0,0,0,0,0
2020-01-02 11:15:00,1248,333,317,946,757,75,1369,227,474,238,332,319,3205,160,0,0,0,0,0,0,0,0,0,0,0,0,0,0,0,0,0,0,0,0,0,0,0,0,0,0,0,0,0,0,0,0
2020-01-02 11:20:00,1248,333,317,946,757,75,1369,227,474,238,332,319,3205,160,0,0,0,0,0,0,0,0,0,0,0,0,0,0,0,0,0,0,0,0,0,0,0,0,0,0,0,0,0,0,0,0
2020-01-02 11:25:00,1248,333,317,946,757,75,1369,227,474,238,332,319,3205,160,0,0,0,0,0,0,0,0,0,0,0,0,0,0,0,0,0,0,0,0,0,0,0,0,0,0,0,0,0,0,0,0
2020-01-02 11:30:00,1248,333,317,946,757,75,1369,227,474,238,332,319,3205,160,0,0,0,0,0,0,0,0,0,0,0,0,0,0,0,0,0,0,0,0,0,0,0,0,0,0,0,0,0,0,0,0
2020-01-02 11:35:00,1248,333,317,946,757,75,1369,227,474,238,332,319,3205,160,0,0,0,0,0,0,0,0,0,0,0,0,0,0,0,0,0,0,0,0,0,0,0,0,0,0,0,0,0,0,0,0
2020-01-02 11:40:00,1248,333,317,946,757,75,1369,227,474,238,332,319,3205,160,0,0,0,0,0,0,0,0,0,0,0,0,0,0,0,0,0,0,0,0,0,0,0,0,0,0,0,0,0,0,0,0
2020-01-02 11:45:00,1248,333,317,946,757,75,1369,227,474,238,332,319,3205,160,0,0,0,0,0,0,0,0,0,0,0,0,0,0,0,0,0,0,0,0,0,0,0,0,0,0,0,0,0,0,0,0
2020-01-02 11:50:00,1248,333,317,946,757,75,1369,227,474,238,332,319,3205,160,0,0,0,0,0,0,0,0,0,0,0,0,0,0,0,0,0,0,0,0,0,0,0,0,0,0,0,0,0,0,0,0
2020-01-02 11:55:00,1248,333,317,946,757,75,1369,227,474,238,332,319,3205,160,0,0,0,0,0,0,0,0,0,0,0,0,0,0,0,0,0,0,0,0,0,0,0,0,0,0,0,0,0,0,0,0
2020-01-02 12:00:00,1248,333,317,946,757,75,1369,227,474,238,332,319,3205,160,0,0,0,0,0,0,0,0,0,0,0,0,0,0,0,0,0,0,0,0,0,0,0,0,0,0,0,0,0,0,0,0
2020-01-02 12:05:00,1248,333,317,946,757,75,1369,227,474,238,332,319,3205,160,0,0,0,0,0,0,0,0,0,0,0,0,0,0,0,0,0,0,0,0,0,0,0,0,0,0,0,0,0,0,0,0
2020-01-02 12:10:00,1248,333,317,946,757,75,1369,227,474,238,332,319,3205,160,0,0,0,0,0,0,0,0,0,0,0,0,0,0,0,0,0,0,0,0,0,0,0,0,0,0,0,0,0,0,0,0
2020-01-02 12:15:00,1248,333,317,946,757,75,1369,227,474,238,332,319,3205,160,0,0,0,0,0,0,0,0,0,0,0,0,0,0,0,0,0,0,0,0,0,0,0,0,0,0,0,0,0,0,0,0
2020-01-02 12:20:00,1248,333,317,946,757,75,1369,227,474,238,332,319,3205,160,0,0,0,0,0,0,0,0,0,0,0,0,0,0,0,0,0,0,0,0,0,0,0,0,0,0,0,0,0,0,0,0
2020-01-02 12:25:00,1248,333,317,946,757,75,1369,227,474,238,332,319,3205,160,0,0,0,0,0,0,0,0,0,0,0,0,0,0,0,0,0,0,0,0,0,0,0,0,0,0,0,0,0,0,0,0
2020-01-02 12:30:00,1248,333,317,946,757,75,1369,227,474,238,332,319,3205,160,0,0,0,0,0,0,0,0,0,0,0,0,0,0,0,0,0,0,0,0,0,0,0,0,0,0,0,0,0,0,0,0
2020-01-02 12:35:00,1248,333,317,946,757,75,1369,227,474,238,332,319,3205,160,0,0,0,0,0,0,0,0,0,0,0,0,0,0,0,0,0,0,0,0,0,0,0,0,0,0,0,0,0,0,0,0
2020-01-02 12:40:00,1248,333,317,946,757,75,1369,227,474,238,332,319,3205,160,0,0,0,0,0,0,0,0,0,0,0,0,0,0,0,0,0,0,0,0,0,0,0,0,0,0,0,0,0,0,0,0
2020-01-02 12:45:00,1248,333,317,946,757,75,1369,227,474,238,332,319,3205,160,0,0,0,0,0,0,0,0,0,0,0,0,0,0,0,0,0,0,0,0,0,0,0,0,0,0,0,0,0,0,0,0
2020-01-02 12:50:00,1248,333,317,946,757,75,1369,227,474,238,332,319,3205,160,0,0,0,0,0,0,0,0,0,0,0,0,0,0,0,0,0,0,0,0,0,0,0,0,0,0,0,0,0,0,0,0
2020-01-02 12:55:00,1248,333,317,946,757,75,1369,227,474,238,332,319,3205,160,0,0,0,0,0,0,0,0,0,0,0,0,0,0,0,0,0,0,0,0,0,0,0,0,0,0,0,0,0,0,0,0
2020-01-02 13:00:00,1248,333,317,946,757,75,1369,227,474,238,332,319,3205,160,0,0,0,0,0,0,0,0,0,0,0,0,0,0,0,0,0,0,0,0,0,0,0,0,0,0,0,0,0,0,0,0
2020-01-02 13:05:00,1248,333,317,946,757,75,1369,227,474,238,332,319,3205,160,0,0,0,0,0,0,0,0,0,0,0,0,0,0,0,0,0,0,0,0,0,0,0,0,0,0,0,0,0,0,0,0
2020-01-02 13:10:00,1248,333,317,946,757,75,1369,227,474,238,332,319,3205,160,0,0,0,0,0,0,0,0,0,0,0,0,0,0,0,0,0,0,0,0,0,0,0,0,0,0,0,0,0,0,0,0
2020-01-02 13:15:00,1248,333,317,946,757,75,1369,227,474,238,332,319,3205,160,0,0,0,0,0,0,0,0,0,0,0,0,0,0,0,0,0,0,0,0,0,0,0,0,0,0,0,0,0,0,0,0
2020-01-02 13:20:00,1248,333,317,946,757,75,1369,227,474,238,332,319,3205,160,0,0,0,0,0,0,0,0,0,0,0,0,0,0,0,0,0,0,0,0,0,0,0,0,0,0,0,0,0,0,0,0
2020-01-02 13:25:00,1242,270,279,918,736,54,1353,171,430,202,266,293,3205,178,0,0,7,43,0,0,5,6,20,42,14,8,3,36,17,9,12,3,9,66,0,5,1,0,5,33,0,1,4,44,1,9
2020-01-02 13:30:00,1240,245,271,907,729,52,1357,154,420,192,240,317,3206,163,0,0,23,60,0,0,8,9,28,56,17,11,5,46,23,10,14,3,13,92,1,2,0,0,7,11,0,1,6,54,1,6
2020-01-02 13:35:00,1240,285,319,929,728,50,1375,182,424,191,245,377,3206,163,0,0,31,61,0,0,13,9,9,14,3,3,5,47,7,6,15,5,9,30,0,1,0,0,1,1,1,0,4,10,0,1
2020-01-02 13:40:00,1234,218,280,934,712,34,1349,132,382,165,190,340,3205,197,0,0,43,119,0,0,23,27,24,44,17,9,9,40,20,20,24,7,17,63,0,5,1,1,11,41,1,3,8,44,0,7
2020-01-02 13:45:00,1231,181,263,914,708,35,1342,103,365,157,170,352,3206,233,0,0,62,112,0,0,31,32,31,66,25,21,10,40,39,23,18,7,23,84,0,3,1,0,9,26,0,3,9,63,1,1
2020-01-02 13:50:00,1230,229,303,928,708,41,1353,130,364,152,179,407,3209,229,0,0,70,102,0,0,37,34,13,24,11,20,12,44,29,14,17,12,17,28,2,1,0,0,7,9,1,1,6,26,1,0
2020-01-02 13:55:00,1227,184,277,925,700,34,1349,99,339,136,141,368,3205,225,0,0,93,148,0,0,42,49,33,32,24,25,19,38,26,19,23,17,20,52,3,3,2,1,22,45,4,2,9,35,1,4
2020-01-02 14:00:00,1229,155,270,900,698,34,1346,81,328,127,123,359,3206,284,0,0,114,122,0,0,50,42,39,51,31,34,21,40,39,24,19,20,23,73,2,1,1,2,19,33,3,2,9,42,4,0
2020-01-02 14:05:00,1232,184,290,910,702,42,1352,106,326,123,124,411,3206,276,0,0,117,102,0,0,53,42,22,36,15,32,24,41,31,22,14,21,22,37,2,1,0,1,20,17,1,2,15,22,2,2
2020-01-02 14:10:00,1233,197,288,925,708,43,1364,114,325,134,126,405,3205,252,0,0,119,114,0,0,56,52,24,26,14,23,17,21,23,17,14,24,30,20,3,1,1,0,18,24,3,3,22,12,0,0
2020-01-02 14:15:00,1236,214,288,919,714,48,1358,124,335,137,136,395,3205,287,0,0,106,82,0,0,64,49,27,23,13,20,23,11,25,14,8,21,34,10,3,0,0,2,17,17,2,3,19,6,5,0
2020-01-02 14:20:00,1241,239,289,911,724,55,1372,133,344,141,151,389,3205,276,0,0,95,61,0,0,61,47,22,18,10,21,24,6,25,15,3,19,40,5,1,0,0,2,18,11,0,2,19,3,2,0
2020-01-02 14:25:00,1244,260,289,905,730,58,1378,151,352,148,167,379,3204,255,0,0,86,51,0,0,55,46,22,10,10,14,24,3,23,18,2,19,38,3,4,0,0,1,17,8,1,1,22,2,0,0
2020-01-02 14:30:00,1249,276,290,907,738,63,1382,160,362,159,190,369,3204,249,0,0,78,35,0,0,48,39,27,10,6,10,17,1,13,23,1,15,28,1,1,0,0,1,15,5,1,0,24,1,2,0
2020-01-02 14:35:00,1250,289,294,908,744,66,1390,173,374,165,205,361,3203,232,0,0,74,21,0,0,36,34,21,11,3,5,20,0,10,22,0,12,27,0,4,0,1,1,17,4,0,0,21,0,2,0
2020-01-02 14:40:00,1255,313,298,911,749,70,1386,189,386,172,218,355,3203,215,0,0,60,10,0,0,26,33,12,7,1,1,21,0,8,24,0,11,21,0,2,0,0,1,19,1,0,0,21,0,1,0
2020-01-02 14:45:00,1258,331,304,911,754,73,1382,194,395,176,232,345,3203,201,0,0,45,4,0,0,22,29,11,4,1,2,25,0,4,28,0,8,21,0,2,0,0,0,10,1,0,0,24,0,0,0
2020-01-02 14:50:00,1260,342,302,915,758,74,1375,198,407,185,239,339,3203,192,0,0,30,1,0,0,19,26,16,3,1,1,26,0,2,22,0,4,21,0,2,0,0,0,12,0,0,0,24,0,1,0
2020-01-02 14:55:00,1262,347,306,923,760,80,1375,205,419,193,253,333,3203,184,0,0,19,0,0,0,13,20,20,2,0,0,25,0,0,15,0,3,12,0,0,0,0,0,8,0,0,0,20,0,0,0
2020-01-02 15:00:00,1261,351,308,925,762,79,1374,213,431,201,260,333,3203,179,0,0,11,0,0,0,10,13,16,2,0,0,23,0,0,12,0,1,12,0,2,0,1,0,3,0,0,0,14,0,0,0
2020-01-02 15:05:00,1263,352,306,925,763,79,1378,224,439,211,265,332,3204,176,0,0,6,0,0,0,4,7,10,1,0,0,20,0,0,7,0,0,12,0,2,0,0,0,3,0,0,0,11,0,0,0
2020-01-02 15:10:00,1265,354,305,925,763,79,1377,229,445,218,272,334,3204,173,0,0,3,0,0,0,3,2,7,0,0,0,18,0,0,5,0,0,6,0,0,0,0,0,4,0,0,0,9,0,0,0
2020-01-02 15:15:00,1264,355,306,923,763,80,1374,234,450,224,277,332,3204,169,0,0,0,0,0,0,3,1,4,0,0,0,16,0,0,6,0,0,6,0,0,0,1,0,1,0,0,0,7,0,0,0
2020-01-02 15:20:00,1263,354,304,923,763,80,1375,236,454,231,278,330,3205,167,0,0,0,0,0,0,1,0,3,0,0,0,12,0,0,4,0,0,5,0,1,0,1,0,4,0,0,0,6,0,0,0
2020-01-02 15:25:00,1264,354,308,924,763,80,1374,238,457,236,283,329,3206,165,0,0,0,0,0,0,1,0,1,0,0,0,9,0,0,2,0,0,1,0,0,0,0,0,2,0,0,0,3,0,0,0
2020-01-02 15:30:00,1263,354,308,923,763,80,1375,239,460,240,283,329,3206,164,0,0,0,0,0,0,0,0,0,0,0,0,7,0,0,1,0,0,1,0,0,0,1,0,1,0,0,0,2,0,0,0
2020-01-02 15:35:00,1263,354,307,924,763,80,1375,239,460,243,284,327,3207,164,0,0,0,0,0,0,0,0,0,0,0,0,4,0,0,0,0,0,0,0,0,0,0,0,2,0,0,0,4,0,0,0
2020-01-02 15:40:00,1263,354,307,924,763,80,1375,239,462,245,284,327,3207,164,0,0,0,0,0,0,0,0,0,0,0,0,2,0,0,0,0,0,0,0,0,0,0,0,0,0,0,0,4,0,0,0
2020-01-02 15:45:00,1263,354,306,924,763,80,1375,239,464,247,284,327,3207,164,0,0,0,0,0,0,0,0,0,0,0,0,0,0,0,0,0,0,0,0,0,0,0,0,0,0,0,0,3,0,0,0
2020-01-02 15:50:00,1263,354,306,924,763,80,1375,239,466,247,284,327,3207,164,0,0,0,0,0,0,0,0,0,0,0,0,0,0,0,0,0,0,0,0,0,0,0,0,0,0,0,0,1,0,0,0
2020-01-02 15:55:00,1263,354,306,924,763,80,1374,239,467,247,284,327,3207,164,0,0,0,0,0,0,0,1,0,0,0,0,0,0,0,0,0,0,0,0,0,0,0,0,0,0,0,0,0,0,0,0
2020-01-02 16:00:00,1258,353,304,922,756,80,1367,239,464,247,284,326,3186,165,0,0,0,0,0,0,0,5,1,0,0,0,1,0,1,3,4,0,0,0,0,4,1,12,0,2,9,0,0,3,0,3
2020-01-02 16:05:00,1244,353,302,907,746,84,1348,239,460,243,284,324,3131,167,0,0,0,0,0,0,2,16,1,0,0,3,2,4,12,13,11,0,0,0,0,21,5,32,0,1,33,0,1,7,1,3
2020-01-02 16:10:00,1249,352,313,893,735,103,1320,240,455,239,282,323,3079,169,0,0,0,1,0,0,4,34,0,0,0,9,2,8,22,23,19,0,0,2,0,24,3,25,0,1,56,0,1,9,1,4
2020-01-02 16:15:00,1253,352,334,896,731,116,1325,243,455,240,282,321,3059,181,0,0,2,1,0,0,5,35,0,0,0,9,2,8,14,21,23,0,0,2,0,20,1,11,0,6,44,0,1,6,0,1
2020-01-02 16:20:00,1242,352,357,907,731,118,1329,249,455,241,282,335,3053,195,0,0,6,1,0,0,7,37,0,0,0,8,1,4,4,10,19,0,0,0,0,21,1,3,0,10,16,0,5,1,0,0
2020-01-02 16:25:00,1228,352,345,910,731,122,1324,249,456,241,282,353,3052,212,0,0,11,1,0,0,7,32,0,3,0,11,2,0,3,4,12,1,1,0,0,17,0,0,1,17,6,0,12,0,2,0
2020-01-02 16:30:00,1218,352,333,900,733,119,1320,253,460,242,282,377,3051,231,0,0,19,0,0,0,8,17,0,4,0,15,3,0,3,4,4,3,4,0,0,10,0,0,5,13,3,0,12,0,2,0
2020-01-02 16:35:00,1213,357,331,896,735,114,1318,257,468,242,283,384,3050,228,0,0,27,0,0,0,14,18,0,3,0,13,4,0,2,3,0,5,10,0,0,5,0,0,4,5,2,0,8,0,1,0
2020-01-02 16:40:00,1211,361,331,895,736,110,1317,265,472,243,286,376,3050,222,0,0,34,0,0,0,17,15,1,3,0,5,4,0,2,2,0,8,18,0,0,2,0,0,4,2,1,0,7,0,0,0
2020-01-02 16:45:00,1210,367,333,895,737,103,1317,265,476,245,293,373,3050,214,0,0,40,0,0,0,21,10,2,5,0,2,2,0,1,3,0,9,15,0,2,1,0,0,3,0,0,0,6,0,0,0
2020-01-02 16:50:00,1212,374,333,895,739,98,1318,265,479,246,304,372,3050,204,0,0,40,0,0,0,22,9,3,6,0,1,2,0,0,3,0,9,6,0,1,0,0,0,3,0,0,0,6,0,0,0
2020-01-02 16:55:00,1213,385,334,896,740,96,1322,266,482,247,308,370,3045,198,0,0,36,0,0,0,16,7,5,3,0,0,2,0,0,3,1,8,5,0,0,0,0,2,2,0,3,0,5,0,0,0
2020-01-02 17:00:00,1196,394,330,882,730,95,1296,268,481,246,310,364,2977,197,0,0,27,0,0,0,14,21,7,1,0,4,2,1,11,16,10,6,4,0,0,16,3,43,4,3,28,0,5,4,0,4
2020-01-02 17:05:00,1156,401,326,835,687,111,1215,271,461,241,309,357,2778,193,0,0,19,0,0,0,9,71,9,0,0,14,5,7,46,51,38,6,5,4,0,67,16,124,5,8,103,0,6,26,3,17
2020-01-02 17:10:00,1171,402,342,798,637,171,1151,279,445,235,307,344,2584,211,0,0,14,3,0,0,8,113,9,0,0,24,8,14,68,85,76,5,6,7,0,89,20,119,3,14,169,1,6,41,4,17
2020-01-02 17:15:00,1172,404,428,807,622,224,1146,292,439,231,309,355,2487,242,0,0,12,4,0,0,14,139,7,2,0,27,9,17,48,76,90,4,2,5,0,107,11,60,3,11,148,1,9,28,3,5
2020-01-02 17:20:00,1132,402,484,827,620,269,1142,305,439,235,311,370,2451,303,0,0,23,4,0,0,20,147,7,6,1,35,10,11,22,46,86,4,1,2,0,96,4,9,2,47,96,0,16,12,2,1
2020-01-02 17:25:00,1063,406,478,831,621,282,1127,314,445,239,311,448,2432,396,0,0,37,4,0,0,37,118,5,10,2,44,11,4,11,27,58,2,4,0,0,78,0,3,2,50,59,0,34,3,1,3
2020-01-02 17:30:00,1023,412,459,821,623,278,1114,331,455,240,312,527,2422,453,0,0,62,1,0,0,56,93,2,15,1,49,13,0,7,15,20,10,16,0,0,43,0,1,9,40,29,0,47,0,1,0
2020-01-02 17:35:00,1000,420,436,807,624,249,1109,341,479,245,315,544,2417,475,0,0,94,0,0,0,78,77,3,21,1,41,15,0,6,10,5,20,38,0,1,24,0,0,15,25,14,1,49,0,1,0
2020-01-02 17:40:00,991,441,427,800,626,221,1111,354,502,250,328,535,2415,466,0,0,133,0,0,0,94,55,3,27,1,22,13,0,5,8,0,26,46,0,1,10,0,0,19,10,7,1,49,0,3,0
2020-01-02 17:45:00,987,466,427,798,629,201,1123,356,528,253,353,520,2415,434,0,0,157,0,0,0,99,36,5,29,0,12,12,0,3,10,0,31,42,0,2,5,0,0,17,8,3,0,39,0,0,0
2020-01-02 17:50:00,986,503,430,798,638,188,1133,355,551,260,374,512,2414,400,0,0,168,0,0,0,93,20,10,24,0,5,7,0,2,17,0,27,35,0,3,3,0,0,10,1,2,0,31,0,0,0
2020-01-02 17:55:00,983,544,428,798,646,181,1143,359,566,263,394,505,2405,364,0,0,156,0,0,0,82,11,15,14,0,3,7,0,2,29,1,19,23,1,1,4,2,5,11,1,5,0,27,1,0,1
2020-01-02 18:00:00,937,594,425,769,627,178,1115,364,570,260,404,494,2262,340,0,0,122,2,0,0,66,34,19,6,0,8,10,5,30,45,20,13,15,5,1,45,7,93,11,4,56,0,23,12,2,7
2020-01-02 18:05:00,875,619,409,668,536,223,927,375,540,246,405,476,1829,323,0,0,95,5,0,0,50,133,27,2,0,29,21,21,112,134,84,9,18,12,0,130,26,265,9,19,227,0,24,53,10,34
2020-01-02 18:10:00,895,637,437,557,447,331,794,390,506,235,403,473,1358,334,0,0,65,9,0,0,44,238,36,1,0,54,35,35,173,204,159,5,21,16,1,210,35,283,10,30,389,1,26,87,7,29
2020-01-02 18:15:00,871,643,611,568,391,468,760,426,486,230,410,488,1081,399,0,0,52,11,0,0,32,311,35,4,1,54,48,40,150,180,201,4,13,13,1,239,21,221,11,41,353,2,24,78,6,22
2020-01-02 18:20:00,844,656,751,589,365,570,742,467,484,239,418,537,928,527,0,0,60,10,0,0,37,362,21,12,1,63,61,28,86,142,206,6,9,6,1,243,6,85,7,96,229,1,45,48,3,9
2020-01-02 18:25:00,703,669,729,602,359,633,703,490,490,256,422,691,858,719,0,0,85,7,0,0,65,328,9,23,2,91,65,14,39,102,152,11,22,1,0,219,8,31,7,135,164,1,71,20,4,0
2020-01-02 18:30:00,587,683,718,584,362,656,651,521,524,273,427,870,831,869,0,0,142,3,0,0,104,277,8,28,2,97,75,5,26,67,78,24,64,0,1,146,1,8,13,105,73,2,82,5,7,1
2020-01-02 18:35:00,509,705,643,567,370,605,613,556,561,299,444,942,819,950,0,0,209,1,0,0,174,243,7,34,0,89,64,1,21,37,35,48,111,0,2,87,0,2,24,87,39,1,97,0,4,0
2020-01-02 18:40:00,468,741,601,539,377,539,607,576,606,320,491,952,813,956,0,0,285,0,0,0,239,188,7,49,1,71,62,1,13,21,11,60,141,0,2,45,0,1,51,53,18,0,92,0,3,0
2020-01-02 18:45:00,447,793,606,522,386,475,623,600,658,348,555,936,809,914,0,0,352,0,0,0,273,135,11,51,1,44,46,0,8,17,1,67,148,0,1,24,0,1,38,23,9,0,75,0,3,0
2020-01-02 18:50:00,439,874,604,514,403,431,647,608,698,363,632,899,807,845,0,0,387,0,0,0,283,88,21,46,0,25,39,0,3,27,0,63,120,0,3,10,0,0,33,9,5,0,72,0,2,0
2020-01-02 18:55:00,436,953,606,515,430,403,688,614,732,381,703,884,802,760,0,0,371,0,0,0,257,55,35,41,0,11,25,1,1,48,0,41,86,0,3,5,1,2,33,2,5,0,69,1,0,0
2020-01-02 19:00:00,419,1049,609,514,437,385,705,630,763,392,750,873,762,683,0,0,317,3,0,0,209,48,48,24,0,10,17,2,8,75,5,28,65,2,4,17,5,25,22,3,19,0,61,7,2,3
2020-01-02 19:05:00,374,1132,602,483,414,393,649,651,779,395,783,848,583,631,0,0,240,4,0,0,167,75,66,9,0,22,20,7,43,127,34,16,50,6,0,54,20,108,25,14,92,0,48,22,5,9
2020-01-02 19:10:00,389,1194,624,472,395,435,585,685,786,395,809,851,417,603,0,0,161,6,0,0,114,114,83,3,0,24,32,11,66,168,57,8,34,6,1,75,18,106,20,9,156,0,35,38,4,11
2020-01-02 19:15:00,386,1213,705,504,380,478,575,735,796,396,830,844,298,611,0,0,115,7,0,0,70,143,88,4,0,15,50,13,54,154,76,8,17,3,1,101,9,76,21,15,141,0,32,31,2,3
2020-01-02 19:20:00,351,1233,765,543,372,532,548,782,806,406,841,849,230,652,0,0,82,5,0,0,45,157,72,9,1,24,65,9,31,124,77,9,12,2,0,107,5,36,10,36,102,0,43,15,6,6
2020-01-02 19:25:00,300,1245,762,563,377,568,537,821,818,423,846,916,194,721,0,0,68,4,0,0,30,141,48,14,3,38,76,4,13,96,49,8,17,1,1,84,3,20,6,58,62,0,52,10,2,1
2020-01-02 19:30:00,257,1258,740,568,379,570,491,863,844,445,853,984,180,786,0,0,74,2,0,0,40,119,35,12,3,40,87,1,7,71,28,14,26,0,1,62,2,5,13,49,33,0,51,5,2,0
2020-01-02 19:35:00,224,1271,721,569,384,553,472,896,869,471,863,1018,175,809,0,0,98,1,0,0,65,97,26,10,1,38,85,0,2,46,9,20,49,0,1,39,0,1,14,39,18,0,44,1,1,0
2020-01-02 19:40:00,204,1282,707,566,388,530,461,922,895,499,879,1036,171,808,0,0,127,0,0,0,81,77,19,16,0,24,83,0,3,24,3,23,63,0,1,22,0,0,17,19,10,0,40,0,0,0
2020-01-02 19:45:00,194,1295,704,560,388,503,463,937,913,532,912,1018,169,793,0,0,153,0,0,0,99,54,16,23,0,15,62,0,3,16,2,30,56,0,2,11,0,0,22,13,6,0,35,0,1,0
2020-01-02 19:50:00,189,1330,710,554,397,483,471,941,935,556,942,1014,168,768,0,0,161,0,0,0,108,30,11,24,0,12,49,0,1,14,0,26,46,0,1,6,1,0,16,4,3,0,29,0,0,0
2020-01-02 19:55:00,186,1375,710,554,406,469,492,950,948,582,968,1005,168,741,0,0,148,0,0,0,98,18,11,18,0,6,28,0,0,15,0,20,31,0,1,4,0,1,12,0,1,1,33,0,0,0
2020-01-02 20:00:00,182,1416,711,551,406,465,490,954,964,594,988,993,158,705,0,0,125,0,0,0,95,12,22,10,0,4,21,0,3,29,6,16,25,0,0,3,3,4,9,2,6,1,27,0,0,0
2020-01-02 20:05:00,171,1444,708,542,403,461,489,963,979,603,998,993,118,683,0,0,97,2,0,0,72,17,32,4,0,4,14,2,14,44,15,9,22,1,1,13,2,20,5,1,30,0,21,2,0,1
2020-01-02 20:10:00,174,1469,710,549,395,471,483,979,987,605,1011,982,71,673,0,0,67,2,0,0,54,24,32,1,0,3,13,5,20,48,21,6,13,2,0,11,7,29,9,1,44,0,19,4,0,6
2020-01-02 20:15:00,183,1477,735,557,389,475,492,999,998,609,1019,977,50,671,0,0,48,2,0,0,36,28,34,0,0,3,16,6,14,46,27,3,9,1,0,18,2,15,4,3,33,0,15,2,1,3
2020-01-02 20:20:00,172,1483,743,571,388,484,492,1013,1005,612,1024,987,34,671,0,0,32,2,0,0,19,35,35,1,0,5,18,5,9,42,24,1,5,0,0,24,2,8,4,7,23,0,18,1,0,1
2020-01-02 20:25:00,159,1488,742,579,385,495,476,1032,1012,615,1028,997,23,686,0,0,25,0,0,0,13,34,23,3,1,6,25,3,6,42,17,2,5,0,0,21,0,5,2,10,18,0,19,1,1,1
2020-01-02 20:30:00,150,1489,738,587,386,501,467,1048,1023,623,1029,1004,15,701,0,0,22,0,0,0,11,32,14,3,2,6,26,2,4,34,12,1,10,0,0,14,0,3,5,7,13,0,18,0,0,0
2020-01-02 20:35:00,143,1496,739,593,385,496,457,1056,1031,629,1033,1011,11,708,0,0,23,0,0,0,15,30,9,3,2,10,30,1,2,23,6,3,8,0,0,10,0,2,5,7,7,0,15,0,0,1
2020-01-02 20:40:00,138,1500,739,594,385,493,453,1063,1041,640,1039,1014,9,714,0,0,26,0,0,0,19,23,5,4,1,9,29,0,2,16,3,4,7,0,0,7,0,1,4,5,3,0,10,0,0,0
2020-01-02 20:45:00,136,1505,737,594,386,488,450,1071,1046,649,1041,1014,8,707,0,0,28,0,0,0,27,19,5,4,0,5,27,0,3,7,1,6,11,0,1,3,0,0,6,3,2,0,10,0,0,0
2020-01-02 20:50:00,135,1508,738,594,386,484,452,1073,1051,659,1046,1013,8,700,0,0,36,0,0,0,26,12,5,4,0,3,21,0,3,5,0,7,12,0,0,2,0,0,5,1,1,0,10,0,0,0
2020-01-02 20:55:00,134,1519,739,588,388,481,457,1078,1056,669,1052,1010,8,692,0,0,35,0,0,0,24,8,2,3,0,0,18,0,2,6,0,5,11,0,1,1,0,0,3,0,0,0,10,0,0,0
2020-01-02 21:00:00,135,1525,738,590,389,478,460,1079,1061,676,1058,1010,8,685,0,0,32,0,0,0,22,6,4,2,0,1,12,0,0,6,0,4,7,0,0,0,0,0,3,1,0,0,8,0,0,0
2020-01-02 21:05:00,135,1531,738,589,392,477,464,1079,1066,680,1063,1011,8,680,0,0,27,0,0,0,15,4,7,1,0,2,10,0,0,8,0,1,5,0,1,0,0,0,0,0,0,0,6,0,0,0
2020-01-02 21:10:00,136,1541,735,591,393,475,462,1084,1069,687,1065,1011,8,678,0,0,17,0,0,0,12,3,5,0,0,1,5,0,0,10,0,0,4,0,0,0,0,0,2,0,0,0,6,0,0,0
2020-01-02 21:15:00,136,1545,736,593,393,475,461,1088,1072,688,1068,1010,8,675,0,0,11,0,0,0,8,2,6,0,0,0,6,0,0,12,0,0,1,0,0,0,0,0,2,0,0,0,4,0,0,0
2020-01-02 21:20:00,136,1546,737,597,393,475,461,1090,1075,690,1069,1011,8,674,0,0,6,0,0,0,4,1,8,0,0,0,6,0,0,10,0,0,1,0,0,0,0,0,0,0,0,0,2,0,0,0
2020-01-02 21:25:00,136,1546,736,600,393,475,459,1094,1076,692,1069,1010,8,674,0,0,3,0,0,0,2,0,7,0,0,0,7,0,0,8,0,0,2,0,0,0,0,0,1,0,0,0,2,0,0,0
2020-01-02 21:30:00,136,1545,737,600,393,475,457,1098,1077,694,1070,1010,8,673,0,0,2,0,0,0,1,0,5,0,0,0,9,0,0,7,0,0,2,0,0,0,0,0,0,0,0,0,1,0,0,0
2020-01-02 21:35:00,136,1547,737,602,393,475,456,1101,1078,696,1071,1009,8,673,0,0,0,0,0,0,0,0,2,0,0,0,9,0,0,5,0,0,1,0,0,0,0,0,1,0,0,0,0,0,0,0
2020-01-02 21:40:00,136,1546,738,605,393,475,455,1103,1078,699,1072,1009,8,673,0,0,0,0,0,0,0,0,1,0,0,0,6,0,0,3,0,0,0,0,0,0,0,0,0,0,0,0,0,0,0,0
2020-01-02 21:45:00,136,1546,737,607,393,475,455,1103,1078,703,1072,1009,8,673,0,0,0,0,0,0,0,0,1,0,0,0,2,0,0,1,0,0,0,0,0,0,0,0,0,0,0,0,1,0,0,0
2020-01-02 21:50:00,136,1546,737,608,393,475,455,1104,1078,705,1072,1009,8,673,0,0,0,0,0,0,0,0,0,0,0,0,0,0,0,0,0,0,0,0,0,0,0,0,0,0,0,0,1,0,0,0
2020-01-02 21:55:00,136,1546,737,608,393,475,455,1104,1079,705,1072,1009,8,673,0,0,0,0,0,0,0,0,0,0,0,0,0,0,0,0,0,0,0,0,0,0,0,0,0,0,0,0,0,0,0,0
2020-01-02 22:00:00,136,1546,737,608,393,475,455,1104,1079,705,1072,1009,8,673,0,0,0,0,0,0,0,0,0,0,0,0,0,0,0,0,0,0,0,0,0,0,0,0,0,0,0,0,0,0,0,0
2020-01-02 22:05:00,136,1546,737,608,393,475,455,1104,1079,705,1072,1009,8,673,0,0,0,0,0,0,0,0,0,0,0,0,0,0,0,0,0,0,0,0,0,0,0,0,0,0,0,0,0,0,0,0
2020-01-02 22:10:00,136,1546,737,608,393,475,455,1104,1079,705,1072,1009,8,673,0,0,0,0,0,0,0,0,0,0,0,0,0,0,0,0,0,0,0,0,0,0,0,0,0,0,0,0,0,0,0,0
2020-01-02 22:15:00,136,1546,737,608,393,475,455,1104,1079,705,1072,1009,8,673,0,0,0,0,0,0,0,0,0,0,0,0,0,0,0,0,0,0,0,0,0,0,0,0,0,0,0,0,0,0,0,0
2020-01-02 22:20:00,136,1546,737,608,393,475,455,1104,1079,705,1072,1009,8,673,0,0,0,0,0,0,0,0,0,0,0,0,0,0,0,0,0,0,0,0,0,0,0,0,0,0,0,0,0,0,0,0
2020-01-02 22:25:00,136,1546,737,608,393,475,455,1104,1079,705,1072,1009,8,673,0,0,0,0,0,0,0,0,0,0,0,0,0,0,0,0,0,0,0,0,0,0,0,0,0,0,0,0,0,0,0,0
2020-01-02 22:30:00,136,1546,737,608,393,475,455,1104,1079,705,1072,1009,8,673,0,0,0,0,0,0,0,0,0,0,0,0,0,0,0,0,0,0,0,0,0,0,0,0,0,0,0,0,0,0,0,0
2020-01-02 22:35:00,136,1546,737,608,393,475,455,1104,1079,705,1072,1009,8,673,0,0,0,0,0,0,0,0,0,0,0,0,0,0,0,0,0,0,0,0,0,0,0,0,0,0,0,0,0,0,0,0
2020-01-02 22:40:00,136,1546,737,608,393,475,455,1104,1079,705,1072,1009,8,673,0,0,0,0,0,0,0,0,0,0,0,0,0,0,0,0,0,0,0,0,0,0,0,0,0,0,0,0,0,0,0,0
